Row ID,Order ID,Order Date,Ship Date,Ship Mode,Customer ID,Customer Name,Segment,Country,City,State,Postal Code,Region,Product ID,Category,Sub-Category,Product Name,Sales,Quantity,Discount,Profit
1,CA-2024-100000,2023-04-13,2023-04-14,Standard Class,CG-10038,Emily Burns,Corporate,United States,Miami,New York,90001,South,PROD-10000,Office Supplies,Paper,Premium Paper v1,637.87,8,0.3,0.69
2,CA-2024-100001,2024-03-11,2024-03-12,First Class,CG-10122,Emily Burns,Home Office,United States,Miami,California,90001,West,PROD-10001,Technology,Copiers,Premium Copiers v2,755.32,7,0.2,109.77
3,CA-2024-100002,2023-09-28,2023-09-29,Standard Class,CG-10026,Sanford Allen,Consumer,United States,Los Angeles,California,90001,Central,PROD-10002,Technology,Copiers,Premium Copiers v3,912.67,8,0.0,313.61
4,CA-2024-100003,2023-04-17,2023-04-18,Second Class,CG-10129,Aaron Bergman,Home Office,United States,Houston,Washington,90001,South,PROD-10003,Technology,Phones,Premium Phones v4,1011.62,4,0.0,312.92
5,CA-2024-100004,2023-03-13,2023-03-16,Standard Class,CG-10004,Julia Barnett,Home Office,United States,Houston,California,90001,East,PROD-10004,Office Supplies,Supplies,Premium Supplies v5,917.75,8,0.0,302.07
6,CA-2024-100005,2023-01-21,2023-01-25,Standard Class,CG-10039,Emily Burns,Consumer,United States,Houston,Florida,90001,South,PROD-10005,Office Supplies,Appliances,Premium Appliances v1,434.5,6,0.0,114.47
7,CA-2024-100006,2024-09-06,2024-09-08,Standard Class,CG-10054,Claire Gute,Consumer,United States,Houston,Florida,90001,West,PROD-10006,Furniture,Tables,Premium Tables v2,1196.12,3,0.0,375.9
8,CA-2024-100007,2023-05-02,2023-05-05,Standard Class,CG-10033,Sanford Allen,Consumer,United States,New York City,Florida,90001,West,PROD-10007,Office Supplies,Appliances,Premium Appliances v3,529.89,8,0.0,142.12
9,CA-2024-100008,2024-04-11,2024-04-14,Standard Class,CG-10020,Emily Burns,Consumer,United States,Houston,New York,90001,East,PROD-10008,Office Supplies,Binders,Premium Binders v4,43.99,7,0.0,-4.76
10,CA-2024-100009,2023-08-03,2023-08-05,Standard Class,CG-10016,Emily Burns,Corporate,United States,San Francisco,New York,90001,West,PROD-10009,Technology,Copiers,Premium Copiers v5,444.7,5,0.0,156.31
11,CA-2024-100010,2023-11-27,2023-11-29,Standard Class,CG-10149,Sanford Allen,Corporate,United States,Chicago,Texas,90001,South,PROD-10010,Office Supplies,Storage,Premium Storage v1,166.42,4,0.1,34.52
12,CA-2024-100011,2024-04-03,2024-04-04,Second Class,CG-10127,Sanford Allen,Corporate,United States,San Francisco,Florida,90001,West,PROD-10011,Technology,Machines,Premium Machines v2,158.91,1,0.0,79.65
13,CA-2024-100012,2023-03-29,2023-04-01,Standard Class,CG-10087,Carol Adams,Corporate,United States,Chicago,Florida,90001,South,PROD-10012,Technology,Accessories,Premium Accessories v3,348.62,3,0.2,77.59
14,CA-2024-100013,2024-01-08,2024-01-13,First Class,CG-10082,Emily Burns,Consumer,United States,New York City,California,90001,South,PROD-10013,Office Supplies,Art,Premium Art v4,78.25,2,0.0,13.23
15,CA-2024-100014,2023-04-10,2023-04-12,Second Class,CG-10062,Julia Barnett,Home Office,United States,Houston,Illinois,90001,West,PROD-10014,Furniture,Chairs,Premium Chairs v5,830.89,8,0.3,30.72
16,CA-2024-100015,2024-10-25,2024-10-27,Standard Class,CG-10031,Claire Gute,Consumer,United States,Seattle,Illinois,90001,East,PROD-10015,Furniture,Bookcases,Premium Bookcases v1,102.68,8,0.5,-4.52
17,CA-2024-100016,2023-05-11,2023-05-15,Standard Class,CG-10042,Aaron Bergman,Home Office,United States,San Francisco,Washington,90001,Central,PROD-10016,Office Supplies,Binders,Premium Binders v2,255.9,5,0.2,13.44
18,CA-2024-100017,2024-10-23,2024-10-28,Standard Class,CG-10012,Aaron Bergman,Consumer,United States,Houston,Texas,90001,East,PROD-10017,Furniture,Chairs,Premium Chairs v3,125.09,5,0.2,38.12
19,CA-2024-100018,2023-11-05,2023-11-10,Second Class,CG-10065,Julia Barnett,Home Office,United States,Chicago,Illinois,90001,Central,PROD-10018,Technology,Phones,Premium Phones v4,89.85,4,0.5,4.69
20,CA-2024-100019,2023-12-10,2023-12-12,Standard Class,CG-10073,Sanford Allen,Consumer,United States,San Francisco,Washington,90001,East,PROD-10019,Technology,Copiers,Premium Copiers v5,332.29,1,0.0,115.78
21,CA-2024-100020,2024-05-06,2024-05-07,First Class,CG-10131,Sanford Allen,Consumer,United States,Los Angeles,California,90001,South,PROD-10020,Office Supplies,Binders,Premium Binders v1,692.7,1,0.5,-93.69
22,CA-2024-100021,2024-02-18,2024-02-22,Standard Class,CG-10115,Sanford Allen,Consumer,United States,Miami,Texas,90001,South,PROD-10021,Furniture,Tables,Premium Tables v2,1158.15,6,0.2,132.29
23,CA-2024-100022,2024-01-21,2024-01-26,First Class,CG-10137,Emily Burns,Corporate,United States,Los Angeles,Texas,90001,West,PROD-10022,Furniture,Furnishings,Premium Furnishings v3,1052.53,4,0.2,154.59
24,CA-2024-100023,2023-07-11,2023-07-13,Standard Class,CG-10106,Sanford Allen,Home Office,United States,Seattle,Florida,90001,Central,PROD-10023,Technology,Accessories,Premium Accessories v4,1052.98,4,0.0,331.54
25,CA-2024-100024,2023-10-04,2023-10-09,First Class,CG-10016,Sanford Allen,Consumer,United States,Houston,New York,90001,Central,PROD-10024,Office Supplies,Paper,Premium Paper v5,223.64,3,0.1,32.84
26,CA-2024-100025,2023-06-10,2023-06-14,Standard Class,CG-10078,Emily Burns,Home Office,United States,New York City,Florida,90001,West,PROD-10025,Furniture,Furnishings,Premium Furnishings v1,328.92,9,0.2,45.82
27,CA-2024-100026,2024-04-04,2024-04-08,Standard Class,CG-10125,Emily Burns,Corporate,United States,Houston,California,90001,East,PROD-10026,Office Supplies,Binders,Premium Binders v2,105.53,3,0.2,3.32
28,CA-2024-100027,2023-11-10,2023-11-13,Standard Class,CG-10131,Julia Barnett,Corporate,United States,Seattle,Florida,90001,West,PROD-10027,Furniture,Tables,Premium Tables v3,937.48,8,0.2,115.55
29,CA-2024-100028,2023-01-22,2023-01-24,Standard Class,CG-10141,Carol Adams,Home Office,United States,Seattle,Texas,90001,East,PROD-10028,Technology,Machines,Premium Machines v4,97.73,2,0.0,57.84
30,CA-2024-100029,2023-09-10,2023-09-14,Same Day,CG-10130,Emily Burns,Consumer,United States,Miami,Florida,90001,West,PROD-10029,Technology,Accessories,Premium Accessories v5,674.68,4,0.0,215.19
31,CA-2024-100030,2024-07-14,2024-07-17,Standard Class,CG-10112,Claire Gute,Consumer,United States,Seattle,Washington,90001,Central,PROD-10030,Office Supplies,Paper,Premium Paper v1,308.73,1,0.1,48.59
32,CA-2024-100031,2024-04-19,2024-04-22,Standard Class,CG-10127,Sanford Allen,Home Office,United States,Los Angeles,Florida,90001,Central,PROD-10031,Technology,Phones,Premium Phones v2,303.48,5,0.0,103.85
33,CA-2024-100032,2023-02-28,2023-03-05,Standard Class,CG-10021,Carol Adams,Home Office,United States,Miami,Illinois,90001,East,PROD-10032,Furniture,Bookcases,Premium Bookcases v3,1189.01,2,0.0,342.4
34,CA-2024-100033,2024-05-25,2024-05-30,Standard Class,CG-10147,Aaron Bergman,Home Office,United States,Houston,California,90001,Central,PROD-10033,Technology,Phones,Premium Phones v4,911.78,1,0.0,301.28
35,CA-2024-100034,2024-11-12,2024-11-15,Standard Class,CG-10089,Julia Barnett,Home Office,United States,San Francisco,California,90001,Central,PROD-10034,Office Supplies,Supplies,Premium Supplies v5,1006.77,1,0.0,337.36
36,CA-2024-100035,2024-04-20,2024-04-25,Second Class,CG-10047,Carol Adams,Consumer,United States,Houston,Texas,90001,Central,PROD-10035,Office Supplies,Appliances,Premium Appliances v1,692.8,2,0.1,185.93
37,CA-2024-100036,2024-11-30,2024-12-04,Standard Class,CG-10085,Emily Burns,Home Office,United States,New York City,Florida,90001,Central,PROD-10036,Office Supplies,Art,Premium Art v2,1047.15,5,0.0,304.56
38,CA-2024-100037,2023-07-09,2023-07-10,First Class,CG-10128,Sanford Allen,Consumer,United States,Seattle,Texas,90001,South,PROD-10037,Furniture,Tables,Premium Tables v3,779.91,9,0.5,-138.71
39,CA-2024-100038,2024-11-17,2024-11-21,Standard Class,CG-10072,Sanford Allen,Home Office,United States,Seattle,Texas,90001,West,PROD-10038,Furniture,Furnishings,Premium Furnishings v4,1136.22,6,0.2,133.35
40,CA-2024-100039,2024-07-16,2024-07-19,Standard Class,CG-10042,Sanford Allen,Consumer,United States,Chicago,Washington,90001,West,PROD-10039,Furniture,Chairs,Premium Chairs v5,348.39,4,0.2,79.41
41,CA-2024-100040,2024-07-20,2024-07-23,Second Class,CG-10009,Carol Adams,Corporate,United States,Miami,New York,90001,South,PROD-10040,Furniture,Tables,Premium Tables v1,720.45,3,0.0,240.04
42,CA-2024-100041,2023-09-01,2023-09-05,Second Class,CG-10025,Sanford Allen,Corporate,United States,Chicago,Texas,90001,Central,PROD-10041,Furniture,Chairs,Premium Chairs v2,832.81,8,0.2,73.47
43,CA-2024-100042,2024-05-19,2024-05-24,Standard Class,CG-10002,Emily Burns,Consumer,United States,Miami,New York,90001,West,PROD-10042,Technology,Phones,Premium Phones v3,480.63,3,0.1,106.67
44,CA-2024-100043,2023-05-11,2023-05-16,Second Class,CG-10019,Carol Adams,Consumer,United States,Los Angeles,New York,90001,West,PROD-10043,Furniture,Tables,Premium Tables v4,1057.45,1,0.5,-185.66
45,CA-2024-100044,2024-04-29,2024-05-02,Standard Class,CG-10020,Sanford Allen,Home Office,United States,Miami,California,90001,West,PROD-10044,Furniture,Tables,Premium Tables v5,1176.07,4,0.2,146.63
46,CA-2024-100045,2024-10-08,2024-10-10,Standard Class,CG-10070,Aaron Bergman,Home Office,United States,Houston,Illinois,90001,East,PROD-10045,Technology,Machines,Premium Machines v1,600.12,5,0.1,160.44
47,CA-2024-100046,2023-01-21,2023-01-26,First Class,CG-10017,Aaron Bergman,Consumer,United States,New York City,Illinois,90001,South,PROD-10046,Furniture,Chairs,Premium Chairs v2,477.91,5,0.3,-7.36
48,CA-2024-100047,2023-06-16,2023-06-20,Standard Class,CG-10124,Claire Gute,Corporate,United States,San Francisco,Florida,90001,East,PROD-10047,Office Supplies,Storage,Premium Storage v3,574.25,5,0.0,218.88
49,CA-2024-100048,2023-10-01,2023-10-06,Standard Class,CG-10089,Sanford Allen,Corporate,United States,Miami,Washington,90001,East,PROD-10048,Furniture,Bookcases,Premium Bookcases v4,1025.49,8,0.0,291.79
50,CA-2024-100049,2024-01-23,2024-01-27,First Class,CG-10094,Sanford Allen,Consumer,United States,Miami,Washington,90001,South,PROD-10049,Furniture,Bookcases,Premium Bookcases v5,779.88,8,0.2,126.85
51,CA-2024-100050,2024-08-23,2024-08-26,Same Day,CG-10084,Carol Adams,Consumer,United States,Miami,Illinois,90001,West,PROD-10050,Office Supplies,Appliances,Premium Appliances v1,68.06,4,0.0,60.46
52,CA-2024-100051,2023-11-12,2023-11-17,Standard Class,CG-10131,Carol Adams,Home Office,United States,New York City,Florida,90001,East,PROD-10051,Office Supplies,Paper,Premium Paper v2,657.47,9,0.0,223.46
53,CA-2024-100052,2023-01-14,2023-01-18,Standard Class,CG-10087,Sanford Allen,Corporate,United States,Seattle,Illinois,90001,West,PROD-10052,Office Supplies,Supplies,Premium Supplies v3,35.5,1,0.2,35.0
54,CA-2024-100053,2023-08-30,2023-09-02,Standard Class,CG-10051,Claire Gute,Corporate,United States,New York City,Florida,90001,East,PROD-10053,Office Supplies,Art,Premium Art v4,937.56,5,0.0,266.36
55,CA-2024-100054,2023-12-12,2023-12-14,First Class,CG-10082,Sanford Allen,Corporate,United States,Seattle,Florida,90001,West,PROD-10054,Furniture,Furnishings,Premium Furnishings v5,404.05,5,0.2,23.31
56,CA-2024-100055,2024-07-18,2024-07-22,First Class,CG-10008,Emily Burns,Consumer,United States,San Francisco,Florida,90001,Central,PROD-10055,Office Supplies,Art,Premium Art v1,574.33,5,0.5,-127.74
57,CA-2024-100056,2023-12-06,2023-12-08,Standard Class,CG-10121,Carol Adams,Consumer,United States,Houston,Florida,90001,Central,PROD-10056,Office Supplies,Art,Premium Art v2,961.43,8,0.0,274.54
58,CA-2024-100057,2023-04-02,2023-04-04,Standard Class,CG-10004,Sanford Allen,Consumer,United States,New York City,California,90001,Central,PROD-10057,Technology,Copiers,Premium Copiers v3,70.04,9,0.0,39.33
59,CA-2024-100058,2024-01-02,2024-01-03,Standard Class,CG-10086,Carol Adams,Consumer,United States,Seattle,California,90001,South,PROD-10058,Office Supplies,Storage,Premium Storage v4,202.87,3,0.0,55.94
60,CA-2024-100059,2024-03-30,2024-04-04,Second Class,CG-10128,Sanford Allen,Corporate,United States,Houston,Illinois,90001,Central,PROD-10059,Office Supplies,Art,Premium Art v5,486.58,9,0.0,186.19
61,CA-2024-100060,2024-03-03,2024-03-07,Second Class,CG-10110,Julia Barnett,Home Office,United States,Houston,Florida,90001,East,PROD-10060,Technology,Machines,Premium Machines v1,287.46,8,0.0,97.44
62,CA-2024-100061,2024-05-23,2024-05-25,Second Class,CG-10099,Carol Adams,Consumer,United States,Seattle,Texas,90001,West,PROD-10061,Technology,Machines,Premium Machines v2,415.41,3,0.0,153.31
63,CA-2024-100062,2023-02-04,2023-02-05,Same Day,CG-10037,Claire Gute,Consumer,United States,Seattle,Florida,90001,West,PROD-10062,Furniture,Tables,Premium Tables v3,1197.84,2,0.1,265.27
64,CA-2024-100063,2023-07-25,2023-07-28,Standard Class,CG-10071,Julia Barnett,Corporate,United States,Los Angeles,Texas,90001,West,PROD-10063,Technology,Machines,Premium Machines v4,993.12,4,0.0,300.33
65,CA-2024-100064,2023-03-22,2023-03-26,Standard Class,CG-10033,Emily Burns,Home Office,United States,Houston,California,90001,West,PROD-10064,Furniture,Bookcases,Premium Bookcases v5,1062.42,2,0.2,103.26
66,CA-2024-100065,2024-07-15,2024-07-17,Standard Class,CG-10031,Sanford Allen,Corporate,United States,Seattle,Florida,90001,East,PROD-10065,Technology,Copiers,Premium Copiers v1,1125.41,4,0.3,3.97
67,CA-2024-100066,2024-01-23,2024-01-28,Standard Class,CG-10125,Emily Burns,Home Office,United States,Houston,New York,90001,West,PROD-10066,Technology,Machines,Premium Machines v2,419.01,5,0.2,77.67
68,CA-2024-100067,2023-01-02,2023-01-03,Standard Class,CG-10012,Carol Adams,Corporate,United States,New York City,Illinois,90001,East,PROD-10067,Furniture,Bookcases,Premium Bookcases v3,367.04,2,0.1,94.45
69,CA-2024-100068,2024-01-25,2024-01-27,Standard Class,CG-10011,Julia Barnett,Corporate,United States,San Francisco,Florida,90001,East,PROD-10068,Technology,Machines,Premium Machines v4,292.36,8,0.0,85.46
70,CA-2024-100069,2024-07-19,2024-07-24,Second Class,CG-10088,Emily Burns,Consumer,United States,Chicago,Washington,90001,West,PROD-10069,Furniture,Furnishings,Premium Furnishings v5,998.69,1,0.2,137.12
71,CA-2024-100070,2023-04-16,2023-04-18,First Class,CG-10072,Claire Gute,Consumer,United States,Chicago,Texas,90001,West,PROD-10070,Technology,Machines,Premium Machines v1,820.27,3,0.0,229.91
72,CA-2024-100071,2024-04-21,2024-04-25,Standard Class,CG-10032,Carol Adams,Consumer,United States,Miami,Florida,90001,West,PROD-10071,Office Supplies,Binders,Premium Binders v2,294.86,7,0.0,117.4
73,CA-2024-100072,2024-02-06,2024-02-10,Standard Class,CG-10057,Julia Barnett,Corporate,United States,Seattle,New York,90001,East,PROD-10072,Technology,Machines,Premium Machines v3,461.74,1,0.3,10.74
74,CA-2024-100073,2024-07-09,2024-07-13,Standard Class,CG-10086,Emily Burns,Home Office,United States,Seattle,Texas,90001,South,PROD-10073,Furniture,Bookcases,Premium Bookcases v4,615.45,2,0.0,215.83
75,CA-2024-100074,2023-06-11,2023-06-12,Second Class,CG-10019,Julia Barnett,Home Office,United States,Houston,New York,90001,East,PROD-10074,Technology,Copiers,Premium Copiers v5,640.85,3,0.0,237.18
76,CA-2024-100075,2023-07-21,2023-07-25,Second Class,CG-10116,Julia Barnett,Consumer,United States,Miami,Illinois,90001,South,PROD-10075,Furniture,Chairs,Premium Chairs v1,1068.14,2,0.3,32.5
77,CA-2024-100076,2023-09-27,2023-10-02,Standard Class,CG-10014,Emily Burns,Consumer,United States,Seattle,Illinois,90001,West,PROD-10076,Furniture,Chairs,Premium Chairs v2,465.97,2,0.5,-82.26
78,CA-2024-100077,2023-09-28,2023-09-30,Standard Class,CG-10033,Aaron Bergman,Consumer,United States,Houston,Illinois,90001,East,PROD-10077,Office Supplies,Supplies,Premium Supplies v3,1091.6,6,0.0,318.05
79,CA-2024-100078,2024-03-31,2024-04-03,Standard Class,CG-10010,Sanford Allen,Consumer,United States,Seattle,California,90001,West,PROD-10078,Office Supplies,Storage,Premium Storage v4,538.02,7,0.0,197.85
80,CA-2024-100079,2024-04-06,2024-04-11,Standard Class,CG-10080,Carol Adams,Corporate,United States,Houston,New York,90001,South,PROD-10079,Furniture,Tables,Premium Tables v5,899.45,6,0.1,192.14
81,CA-2024-100080,2023-09-09,2023-09-14,Standard Class,CG-10064,Carol Adams,Home Office,United States,Seattle,Florida,90001,South,PROD-10080,Technology,Phones,Premium Phones v1,1117.35,6,0.2,97.01
82,CA-2024-100081,2023-10-23,2023-10-27,First Class,CG-10068,Carol Adams,Home Office,United States,Los Angeles,Washington,90001,East,PROD-10081,Furniture,Bookcases,Premium Bookcases v2,1090.48,9,0.0,357.48
83,CA-2024-100082,2023-12-04,2023-12-05,First Class,CG-10092,Julia Barnett,Corporate,United States,San Francisco,Washington,90001,East,PROD-10082,Furniture,Bookcases,Premium Bookcases v3,82.49,8,0.1,16.93
84,CA-2024-100083,2023-02-22,2023-02-24,Standard Class,CG-10125,Emily Burns,Home Office,United States,Houston,Illinois,90001,East,PROD-10083,Technology,Machines,Premium Machines v4,258.76,8,0.5,-68.33
85,CA-2024-100084,2023-08-05,2023-08-06,Second Class,CG-10080,Sanford Allen,Corporate,United States,San Francisco,Washington,90001,East,PROD-10084,Technology,Machines,Premium Machines v5,580.13,6,0.0,217.23
86,CA-2024-100085,2023-07-07,2023-07-09,First Class,CG-10059,Claire Gute,Consumer,United States,Los Angeles,Texas,90001,Central,PROD-10085,Technology,Machines,Premium Machines v1,526.39,5,0.5,-91.46
87,CA-2024-100086,2024-01-15,2024-01-17,Standard Class,CG-10097,Carol Adams,Corporate,United States,Los Angeles,New York,90001,Central,PROD-10086,Technology,Copiers,Premium Copiers v2,774.46,9,0.5,-155.22
88,CA-2024-100087,2024-05-07,2024-05-08,Standard Class,CG-10019,Emily Burns,Corporate,United States,Los Angeles,New York,90001,West,PROD-10087,Furniture,Furnishings,Premium Furnishings v3,1134.48,2,0.0,370.49
89,CA-2024-100088,2023-02-10,2023-02-15,First Class,CG-10149,Sanford Allen,Corporate,United States,Los Angeles,New York,90001,South,PROD-10088,Furniture,Tables,Premium Tables v4,148.2,7,0.2,56.83
90,CA-2024-100089,2023-06-06,2023-06-08,Standard Class,CG-10022,Sanford Allen,Consumer,United States,New York City,Texas,90001,South,PROD-10089,Office Supplies,Supplies,Premium Supplies v5,550.45,6,0.0,145.16
91,CA-2024-100090,2023-01-15,2023-01-16,First Class,CG-10009,Aaron Bergman,Consumer,United States,San Francisco,Florida,90001,West,PROD-10090,Furniture,Furnishings,Premium Furnishings v1,243.01,7,0.2,52.45
92,CA-2024-100091,2023-03-06,2023-03-08,Same Day,CG-10009,Emily Burns,Consumer,United States,Miami,California,90001,West,PROD-10091,Technology,Copiers,Premium Copiers v2,1074.52,4,0.2,141.14
93,CA-2024-100092,2024-06-04,2024-06-07,Second Class,CG-10027,Carol Adams,Home Office,United States,San Francisco,Texas,90001,West,PROD-10092,Office Supplies,Paper,Premium Paper v3,1158.03,9,0.0,342.1
94,CA-2024-100093,2023-12-10,2023-12-15,First Class,CG-10017,Julia Barnett,Consumer,United States,Chicago,New York,90001,Central,PROD-10093,Technology,Machines,Premium Machines v4,582.26,7,0.2,72.5
95,CA-2024-100094,2023-05-09,2023-05-13,Second Class,CG-10045,Sanford Allen,Corporate,United States,New York City,New York,90001,West,PROD-10094,Furniture,Tables,Premium Tables v5,138.25,2,0.3,-13.75
96,CA-2024-100095,2024-10-09,2024-10-11,Second Class,CG-10008,Sanford Allen,Corporate,United States,Seattle,New York,90001,South,PROD-10095,Office Supplies,Paper,Premium Paper v1,945.57,4,0.0,315.94
97,CA-2024-100096,2024-04-16,2024-04-19,Standard Class,CG-10146,Claire Gute,Consumer,United States,Seattle,Florida,90001,West,PROD-10096,Technology,Phones,Premium Phones v2,841.11,5,0.0,291.65
98,CA-2024-100097,2023-03-04,2023-03-08,Standard Class,CG-10125,Aaron Bergman,Corporate,United States,Miami,Washington,90001,East,PROD-10097,Office Supplies,Binders,Premium Binders v3,435.28,2,0.0,118.16
99,CA-2024-100098,2023-05-19,2023-05-23,Standard Class,CG-10123,Sanford Allen,Home Office,United States,Chicago,California,90001,South,PROD-10098,Office Supplies,Appliances,Premium Appliances v4,1066.58,8,0.1,250.47
100,CA-2024-100099,2024-05-13,2024-05-15,Second Class,CG-10033,Sanford Allen,Consumer,United States,Chicago,Texas,90001,South,PROD-10099,Furniture,Furnishings,Premium Furnishings v5,1171.36,1,0.5,-200.26
101,CA-2024-100100,2024-08-15,2024-08-16,Standard Class,CG-10001,Julia Barnett,Home Office,United States,Chicago,New York,90001,South,PROD-10100,Technology,Phones,Premium Phones v1,676.06,3,0.3,4.28
102,CA-2024-100101,2024-01-27,2024-01-29,Standard Class,CG-10006,Julia Barnett,Consumer,United States,Los Angeles,Illinois,90001,Central,PROD-10101,Office Supplies,Binders,Premium Binders v2,685.39,1,0.1,165.4
103,CA-2024-100102,2024-11-05,2024-11-08,Standard Class,CG-10041,Claire Gute,Consumer,United States,New York City,California,90001,Central,PROD-10102,Office Supplies,Paper,Premium Paper v3,367.55,5,0.1,53.51
104,CA-2024-100103,2024-02-23,2024-02-27,Second Class,CG-10005,Emily Burns,Home Office,United States,Seattle,Illinois,90001,South,PROD-10103,Technology,Accessories,Premium Accessories v4,707.64,8,0.0,257.52
105,CA-2024-100104,2023-10-16,2023-10-18,Same Day,CG-10080,Claire Gute,Home Office,United States,New York City,California,90001,East,PROD-10104,Office Supplies,Supplies,Premium Supplies v5,535.98,7,0.0,179.32
106,CA-2024-100105,2024-01-14,2024-01-15,Same Day,CG-10018,Claire Gute,Home Office,United States,New York City,New York,90001,South,PROD-10105,Office Supplies,Appliances,Premium Appliances v1,373.1,9,0.1,98.04
107,CA-2024-100106,2024-05-04,2024-05-06,Standard Class,CG-10082,Julia Barnett,Corporate,United States,New York City,California,90001,Central,PROD-10106,Office Supplies,Storage,Premium Storage v2,94.61,2,0.1,45.45
108,CA-2024-100107,2023-08-19,2023-08-24,First Class,CG-10065,Emily Burns,Home Office,United States,Chicago,California,90001,East,PROD-10107,Technology,Copiers,Premium Copiers v3,314.46,8,0.1,82.19
109,CA-2024-100108,2023-02-10,2023-02-11,Second Class,CG-10083,Julia Barnett,Home Office,United States,Miami,New York,90001,South,PROD-10108,Technology,Machines,Premium Machines v4,249.46,8,0.5,-9.92
110,CA-2024-100109,2023-01-28,2023-01-31,Standard Class,CG-10136,Aaron Bergman,Home Office,United States,Miami,Florida,90001,Central,PROD-10109,Technology,Copiers,Premium Copiers v5,657.32,6,0.2,88.41
111,CA-2024-100110,2023-05-15,2023-05-19,Standard Class,CG-10131,Carol Adams,Corporate,United States,Chicago,Illinois,90001,East,PROD-10110,Technology,Machines,Premium Machines v1,727.98,3,0.2,116.34
112,CA-2024-100111,2023-07-20,2023-07-22,Standard Class,CG-10025,Carol Adams,Consumer,United States,Seattle,Florida,90001,West,PROD-10111,Furniture,Furnishings,Premium Furnishings v2,736.16,2,0.0,241.61
113,CA-2024-100112,2023-02-02,2023-02-03,First Class,CG-10069,Aaron Bergman,Home Office,United States,Seattle,Illinois,90001,West,PROD-10112,Office Supplies,Supplies,Premium Supplies v3,474.99,8,0.5,-103.02
114,CA-2024-100113,2023-02-17,2023-02-22,Standard Class,CG-10082,Carol Adams,Consumer,United States,Seattle,Washington,90001,South,PROD-10113,Technology,Accessories,Premium Accessories v4,514.16,6,0.2,95.37
115,CA-2024-100114,2024-05-17,2024-05-18,Standard Class,CG-10117,Emily Burns,Corporate,United States,Miami,Illinois,90001,West,PROD-10114,Office Supplies,Supplies,Premium Supplies v5,1003.57,4,0.3,27.71
116,CA-2024-100115,2024-02-11,2024-02-16,Second Class,CG-10095,Julia Barnett,Consumer,United States,Miami,Illinois,90001,Central,PROD-10115,Office Supplies,Paper,Premium Paper v1,579.34,5,0.1,144.81
117,CA-2024-100116,2024-07-27,2024-07-30,Standard Class,CG-10033,Carol Adams,Corporate,United States,New York City,California,90001,East,PROD-10116,Furniture,Chairs,Premium Chairs v2,1185.51,5,0.1,286.09
118,CA-2024-100117,2023-04-09,2023-04-13,Standard Class,CG-10111,Emily Burns,Consumer,United States,Chicago,Washington,90001,South,PROD-10117,Technology,Copiers,Premium Copiers v3,535.95,9,0.1,92.45
119,CA-2024-100118,2024-11-14,2024-11-17,Second Class,CG-10146,Julia Barnett,Consumer,United States,Los Angeles,New York,90001,East,PROD-10118,Technology,Phones,Premium Phones v4,784.75,9,0.0,245.43
120,CA-2024-100119,2024-06-30,2024-07-02,Standard Class,CG-10125,Emily Burns,Home Office,United States,New York City,New York,90001,East,PROD-10119,Office Supplies,Paper,Premium Paper v5,74.68,8,0.2,4.2
121,CA-2024-100120,2024-09-04,2024-09-05,Second Class,CG-10016,Aaron Bergman,Consumer,United States,Houston,Texas,90001,East,PROD-10120,Technology,Phones,Premium Phones v1,789.21,8,0.5,-133.71
122,CA-2024-100121,2024-04-06,2024-04-11,Standard Class,CG-10080,Claire Gute,Corporate,United States,Miami,Washington,90001,Central,PROD-10121,Office Supplies,Binders,Premium Binders v2,1023.94,2,0.0,343.66
123,CA-2024-100122,2024-10-04,2024-10-09,Second Class,CG-10038,Aaron Bergman,Consumer,United States,New York City,California,90001,South,PROD-10122,Office Supplies,Paper,Premium Paper v3,1131.81,3,0.0,387.18
124,CA-2024-100123,2023-01-05,2023-01-06,Second Class,CG-10135,Carol Adams,Consumer,United States,Chicago,Texas,90001,West,PROD-10123,Furniture,Bookcases,Premium Bookcases v4,1196.82,8,0.2,131.5
125,CA-2024-100124,2023-08-06,2023-08-07,Standard Class,CG-10078,Julia Barnett,Consumer,United States,Houston,Texas,90001,East,PROD-10124,Furniture,Chairs,Premium Chairs v5,349.38,5,0.0,139.85
126,CA-2024-100125,2024-05-17,2024-05-19,Standard Class,CG-10063,Emily Burns,Corporate,United States,San Francisco,New York,90001,East,PROD-10125,Furniture,Tables,Premium Tables v1,696.81,7,0.2,113.87
127,CA-2024-100126,2024-02-02,2024-02-05,Second Class,CG-10112,Carol Adams,Consumer,United States,New York City,Illinois,90001,East,PROD-10126,Office Supplies,Paper,Premium Paper v2,549.1,8,0.2,82.74
128,CA-2024-100127,2024-01-28,2024-02-02,Second Class,CG-10089,Carol Adams,Home Office,United States,Chicago,California,90001,Central,PROD-10127,Technology,Machines,Premium Machines v3,683.12,6,0.0,201.93
129,CA-2024-100128,2023-07-26,2023-07-28,Second Class,CG-10038,Claire Gute,Consumer,United States,Chicago,Washington,90001,West,PROD-10128,Furniture,Furnishings,Premium Furnishings v4,201.58,5,0.3,22.55
130,CA-2024-100129,2023-01-15,2023-01-18,First Class,CG-10144,Carol Adams,Consumer,United States,Miami,Texas,90001,East,PROD-10129,Technology,Copiers,Premium Copiers v5,1029.54,8,0.1,253.8
131,CA-2024-100130,2024-07-07,2024-07-09,Standard Class,CG-10052,Claire Gute,Consumer,United States,Los Angeles,California,90001,Central,PROD-10130,Furniture,Bookcases,Premium Bookcases v1,1092.84,1,0.3,49.13
132,CA-2024-100131,2024-04-05,2024-04-10,Standard Class,CG-10029,Julia Barnett,Consumer,United States,New York City,New York,90001,Central,PROD-10131,Furniture,Chairs,Premium Chairs v2,547.85,1,0.2,79.75
133,CA-2024-100132,2024-11-21,2024-11-22,First Class,CG-10144,Julia Barnett,Corporate,United States,Chicago,Texas,90001,East,PROD-10132,Office Supplies,Storage,Premium Storage v3,347.31,1,0.3,42.09
134,CA-2024-100133,2024-07-28,2024-07-29,Standard Class,CG-10076,Emily Burns,Home Office,United States,Seattle,Texas,90001,East,PROD-10133,Furniture,Bookcases,Premium Bookcases v4,181.89,3,0.0,48.59
135,CA-2024-100134,2023-08-29,2023-09-01,Standard Class,CG-10145,Claire Gute,Corporate,United States,Chicago,Florida,90001,Central,PROD-10134,Furniture,Bookcases,Premium Bookcases v5,825.26,6,0.0,244.8
136,CA-2024-100135,2024-07-17,2024-07-21,Standard Class,CG-10064,Aaron Bergman,Consumer,United States,Los Angeles,New York,90001,Central,PROD-10135,Office Supplies,Appliances,Premium Appliances v1,384.99,6,0.0,162.2
137,CA-2024-100136,2023-04-06,2023-04-09,Standard Class,CG-10091,Julia Barnett,Consumer,United States,Chicago,Florida,90001,East,PROD-10136,Technology,Copiers,Premium Copiers v2,1092.8,5,0.1,208.03
138,CA-2024-100137,2024-04-29,2024-05-03,Standard Class,CG-10089,Emily Burns,Consumer,United States,Miami,New York,90001,Central,PROD-10137,Furniture,Furnishings,Premium Furnishings v3,810.15,7,0.3,-6.62
139,CA-2024-100138,2024-02-11,2024-02-13,Same Day,CG-10013,Aaron Bergman,Home Office,United States,San Francisco,New York,90001,Central,PROD-10138,Office Supplies,Binders,Premium Binders v4,780.14,5,0.1,165.47
140,CA-2024-100139,2023-08-19,2023-08-21,Standard Class,CG-10072,Julia Barnett,Consumer,United States,New York City,Florida,90001,East,PROD-10139,Furniture,Tables,Premium Tables v5,677.89,2,0.3,21.27
141,CA-2024-100140,2024-10-16,2024-10-21,Standard Class,CG-10005,Julia Barnett,Corporate,United States,Miami,California,90001,East,PROD-10140,Office Supplies,Binders,Premium Binders v1,69.24,4,0.0,43.04
142,CA-2024-100141,2023-06-20,2023-06-24,Same Day,CG-10012,Emily Burns,Consumer,United States,New York City,California,90001,South,PROD-10141,Technology,Machines,Premium Machines v2,1119.33,1,0.0,336.24
143,CA-2024-100142,2024-06-24,2024-06-29,Same Day,CG-10003,Emily Burns,Consumer,United States,Houston,California,90001,West,PROD-10142,Technology,Machines,Premium Machines v3,759.11,7,0.3,44.44
144,CA-2024-100143,2023-02-05,2023-02-06,Standard Class,CG-10033,Sanford Allen,Consumer,United States,New York City,Illinois,90001,East,PROD-10143,Office Supplies,Supplies,Premium Supplies v4,1192.96,4,0.1,282.65
145,CA-2024-100144,2024-06-08,2024-06-12,Standard Class,CG-10121,Carol Adams,Consumer,United States,Houston,Texas,90001,East,PROD-10144,Office Supplies,Storage,Premium Storage v5,651.77,4,0.2,72.62
146,CA-2024-100145,2023-06-09,2023-06-12,First Class,CG-10050,Carol Adams,Corporate,United States,Miami,California,90001,East,PROD-10145,Office Supplies,Binders,Premium Binders v1,856.48,4,0.0,267.34
147,CA-2024-100146,2024-11-29,2024-11-30,Second Class,CG-10137,Aaron Bergman,Consumer,United States,Seattle,Illinois,90001,West,PROD-10146,Technology,Copiers,Premium Copiers v2,81.61,3,0.5,12.85
148,CA-2024-100147,2023-08-31,2023-09-01,Second Class,CG-10029,Carol Adams,Corporate,United States,Los Angeles,Texas,90001,South,PROD-10147,Furniture,Furnishings,Premium Furnishings v3,763.61,8,0.1,179.13
149,CA-2024-100148,2023-03-27,2023-03-30,First Class,CG-10039,Aaron Bergman,Consumer,United States,Seattle,California,90001,Central,PROD-10148,Technology,Machines,Premium Machines v4,921.11,4,0.2,98.87
150,CA-2024-100149,2024-07-31,2024-08-01,Second Class,CG-10091,Julia Barnett,Home Office,United States,Houston,New York,90001,West,PROD-10149,Office Supplies,Appliances,Premium Appliances v5,937.54,8,0.0,290.26
151,CA-2024-100150,2024-11-12,2024-11-16,Standard Class,CG-10100,Sanford Allen,Consumer,United States,Chicago,Washington,90001,East,PROD-10150,Office Supplies,Storage,Premium Storage v1,927.58,9,0.1,189.88
152,CA-2024-100151,2024-07-10,2024-07-15,Second Class,CG-10017,Sanford Allen,Home Office,United States,Chicago,California,90001,East,PROD-10151,Technology,Accessories,Premium Accessories v2,283.14,1,0.5,-60.15
153,CA-2024-100152,2024-07-27,2024-07-28,Standard Class,CG-10056,Julia Barnett,Home Office,United States,Seattle,Washington,90001,South,PROD-10152,Office Supplies,Binders,Premium Binders v3,1170.85,4,0.3,12.07
154,CA-2024-100153,2024-10-07,2024-10-11,Second Class,CG-10046,Emily Burns,Home Office,United States,Chicago,California,90001,South,PROD-10153,Technology,Accessories,Premium Accessories v4,1194.29,6,0.0,386.34
155,CA-2024-100154,2023-01-28,2023-01-30,Second Class,CG-10067,Claire Gute,Consumer,United States,Houston,New York,90001,South,PROD-10154,Office Supplies,Paper,Premium Paper v5,104.58,8,0.0,63.31
156,CA-2024-100155,2024-09-11,2024-09-15,Standard Class,CG-10142,Claire Gute,Corporate,United States,Miami,Washington,90001,Central,PROD-10155,Furniture,Chairs,Premium Chairs v1,1124.69,6,0.1,259.46
157,CA-2024-100156,2024-07-09,2024-07-14,Standard Class,CG-10067,Carol Adams,Consumer,United States,Los Angeles,Illinois,90001,West,PROD-10156,Furniture,Tables,Premium Tables v2,358.0,6,0.0,113.63
158,CA-2024-100157,2023-12-06,2023-12-10,Standard Class,CG-10023,Emily Burns,Consumer,United States,San Francisco,New York,90001,West,PROD-10157,Office Supplies,Binders,Premium Binders v3,831.8,4,0.2,116.7
159,CA-2024-100158,2023-11-27,2023-11-30,Standard Class,CG-10094,Aaron Bergman,Consumer,United States,New York City,Washington,90001,South,PROD-10158,Technology,Machines,Premium Machines v4,415.66,9,0.0,105.15
160,CA-2024-100159,2024-10-01,2024-10-06,Second Class,CG-10054,Sanford Allen,Consumer,United States,Houston,Washington,90001,Central,PROD-10159,Furniture,Tables,Premium Tables v5,1161.79,7,0.0,361.93
161,CA-2024-100160,2024-05-20,2024-05-22,Standard Class,CG-10138,Carol Adams,Home Office,United States,San Francisco,Florida,90001,West,PROD-10160,Technology,Machines,Premium Machines v1,135.28,6,0.2,49.1
162,CA-2024-100161,2023-12-14,2023-12-17,Second Class,CG-10077,Julia Barnett,Consumer,United States,Houston,Florida,90001,East,PROD-10161,Office Supplies,Art,Premium Art v2,604.83,1,0.1,145.07
163,CA-2024-100162,2024-04-17,2024-04-21,Standard Class,CG-10016,Emily Burns,Corporate,United States,New York City,New York,90001,East,PROD-10162,Technology,Machines,Premium Machines v3,522.24,2,0.2,65.41
164,CA-2024-100163,2023-08-19,2023-08-24,Second Class,CG-10041,Sanford Allen,Corporate,United States,New York City,New York,90001,East,PROD-10163,Furniture,Chairs,Premium Chairs v4,401.34,6,0.5,-55.14
165,CA-2024-100164,2023-07-09,2023-07-11,First Class,CG-10098,Aaron Bergman,Corporate,United States,Los Angeles,New York,90001,West,PROD-10164,Technology,Phones,Premium Phones v5,779.96,1,0.0,277.47
166,CA-2024-100165,2023-08-13,2023-08-16,Second Class,CG-10128,Aaron Bergman,Corporate,United States,Los Angeles,Texas,90001,South,PROD-10165,Technology,Phones,Premium Phones v1,170.3,5,0.2,36.68
167,CA-2024-100166,2024-01-20,2024-01-22,Standard Class,CG-10061,Claire Gute,Consumer,United States,Los Angeles,Illinois,90001,East,PROD-10166,Office Supplies,Binders,Premium Binders v2,864.24,1,0.0,295.26
168,CA-2024-100167,2024-01-12,2024-01-16,Same Day,CG-10086,Carol Adams,Corporate,United States,Chicago,California,90001,South,PROD-10167,Office Supplies,Supplies,Premium Supplies v3,1177.0,3,0.1,284.05
169,CA-2024-100168,2023-10-10,2023-10-12,Standard Class,CG-10118,Julia Barnett,Consumer,United States,Houston,Florida,90001,Central,PROD-10168,Office Supplies,Binders,Premium Binders v4,968.4,7,0.0,319.91
170,CA-2024-100169,2024-09-24,2024-09-25,Standard Class,CG-10100,Sanford Allen,Home Office,United States,Miami,Washington,90001,East,PROD-10169,Furniture,Bookcases,Premium Bookcases v5,1034.12,5,0.0,330.37
171,CA-2024-100170,2024-09-19,2024-09-22,Standard Class,CG-10049,Aaron Bergman,Corporate,United States,New York City,Florida,90001,Central,PROD-10170,Furniture,Bookcases,Premium Bookcases v1,441.17,1,0.0,114.98
172,CA-2024-100171,2023-09-16,2023-09-18,Standard Class,CG-10002,Sanford Allen,Home Office,United States,Houston,California,90001,South,PROD-10171,Office Supplies,Storage,Premium Storage v2,399.99,1,0.0,126.21
173,CA-2024-100172,2023-12-25,2023-12-29,Same Day,CG-10120,Julia Barnett,Consumer,United States,San Francisco,New York,90001,West,PROD-10172,Office Supplies,Appliances,Premium Appliances v3,627.7,8,0.3,19.58
174,CA-2024-100173,2024-03-31,2024-04-04,Standard Class,CG-10123,Sanford Allen,Consumer,United States,Houston,Florida,90001,South,PROD-10173,Furniture,Furnishings,Premium Furnishings v4,69.19,9,0.2,42.72
175,CA-2024-100174,2024-02-15,2024-02-17,Second Class,CG-10086,Carol Adams,Consumer,United States,Los Angeles,Illinois,90001,East,PROD-10174,Furniture,Bookcases,Premium Bookcases v5,1135.25,7,0.5,-216.38
176,CA-2024-100175,2024-10-10,2024-10-14,Second Class,CG-10077,Claire Gute,Consumer,United States,Los Angeles,Illinois,90001,East,PROD-10175,Furniture,Chairs,Premium Chairs v1,185.39,3,0.1,84.28
177,CA-2024-100176,2023-11-14,2023-11-19,Standard Class,CG-10136,Sanford Allen,Consumer,United States,Houston,Texas,90001,South,PROD-10176,Furniture,Tables,Premium Tables v2,1085.07,6,0.0,324.55
178,CA-2024-100177,2024-11-07,2024-11-12,Second Class,CG-10059,Emily Burns,Corporate,United States,Los Angeles,Florida,90001,East,PROD-10177,Office Supplies,Storage,Premium Storage v3,114.04,3,0.0,66.33
179,CA-2024-100178,2023-08-13,2023-08-18,Standard Class,CG-10012,Claire Gute,Consumer,United States,Chicago,New York,90001,East,PROD-10178,Furniture,Bookcases,Premium Bookcases v4,989.81,4,0.0,306.28
180,CA-2024-100179,2023-08-22,2023-08-23,Standard Class,CG-10004,Julia Barnett,Corporate,United States,New York City,Washington,90001,Central,PROD-10179,Office Supplies,Appliances,Premium Appliances v5,195.08,4,0.0,72.54
181,CA-2024-100180,2024-11-14,2024-11-16,Standard Class,CG-10117,Claire Gute,Home Office,United States,San Francisco,Texas,90001,West,PROD-10180,Technology,Machines,Premium Machines v1,60.19,3,0.2,42.19
182,CA-2024-100181,2024-10-25,2024-10-26,First Class,CG-10095,Sanford Allen,Corporate,United States,Houston,New York,90001,South,PROD-10181,Technology,Phones,Premium Phones v2,867.59,6,0.1,174.25
183,CA-2024-100182,2024-01-09,2024-01-13,Same Day,CG-10125,Sanford Allen,Consumer,United States,New York City,Texas,90001,Central,PROD-10182,Furniture,Bookcases,Premium Bookcases v3,347.11,5,0.0,90.91
184,CA-2024-100183,2024-11-02,2024-11-03,Standard Class,CG-10041,Emily Burns,Consumer,United States,Chicago,Florida,90001,East,PROD-10183,Technology,Copiers,Premium Copiers v4,861.68,9,0.0,274.92
185,CA-2024-100184,2024-08-30,2024-09-03,Standard Class,CG-10123,Aaron Bergman,Consumer,United States,San Francisco,California,90001,Central,PROD-10184,Technology,Accessories,Premium Accessories v5,672.78,9,0.0,218.85
186,CA-2024-100185,2024-04-16,2024-04-20,Second Class,CG-10007,Emily Burns,Consumer,United States,Los Angeles,Florida,90001,West,PROD-10185,Technology,Phones,Premium Phones v1,143.94,3,0.0,78.98
187,CA-2024-100186,2023-08-21,2023-08-24,Standard Class,CG-10069,Sanford Allen,Corporate,United States,Seattle,New York,90001,South,PROD-10186,Furniture,Bookcases,Premium Bookcases v2,1119.57,9,0.0,383.65
188,CA-2024-100187,2024-11-22,2024-11-27,First Class,CG-10069,Claire Gute,Consumer,United States,Chicago,Washington,90001,West,PROD-10187,Furniture,Tables,Premium Tables v3,550.99,3,0.2,38.97
189,CA-2024-100188,2023-04-23,2023-04-27,Standard Class,CG-10081,Emily Burns,Home Office,United States,Seattle,Washington,90001,West,PROD-10188,Technology,Accessories,Premium Accessories v4,885.32,4,0.0,287.01
190,CA-2024-100189,2024-05-11,2024-05-14,Standard Class,CG-10030,Emily Burns,Corporate,United States,New York City,New York,90001,Central,PROD-10189,Office Supplies,Art,Premium Art v5,608.71,1,0.2,88.56
191,CA-2024-100190,2024-03-17,2024-03-22,First Class,CG-10073,Aaron Bergman,Corporate,United States,Houston,Texas,90001,Central,PROD-10190,Technology,Accessories,Premium Accessories v1,731.17,5,0.0,268.36
192,CA-2024-100191,2024-07-17,2024-07-21,Standard Class,CG-10006,Sanford Allen,Consumer,United States,San Francisco,Illinois,90001,West,PROD-10191,Furniture,Chairs,Premium Chairs v2,373.79,9,0.0,158.12
193,CA-2024-100192,2023-09-25,2023-09-29,First Class,CG-10089,Sanford Allen,Consumer,United States,Los Angeles,New York,90001,East,PROD-10192,Furniture,Chairs,Premium Chairs v3,252.43,2,0.3,29.87
194,CA-2024-100193,2024-05-24,2024-05-25,First Class,CG-10147,Julia Barnett,Corporate,United States,San Francisco,Florida,90001,South,PROD-10193,Furniture,Bookcases,Premium Bookcases v4,657.95,4,0.1,148.12
195,CA-2024-100194,2024-01-21,2024-01-22,Standard Class,CG-10066,Aaron Bergman,Consumer,United States,Chicago,Washington,90001,East,PROD-10194,Technology,Copiers,Premium Copiers v5,536.66,2,0.0,152.3
196,CA-2024-100195,2024-01-22,2024-01-27,Standard Class,CG-10010,Julia Barnett,Consumer,United States,Los Angeles,California,90001,East,PROD-10195,Office Supplies,Binders,Premium Binders v1,477.28,8,0.3,6.89
197,CA-2024-100196,2023-04-23,2023-04-27,Same Day,CG-10144,Julia Barnett,Consumer,United States,Seattle,Washington,90001,South,PROD-10196,Furniture,Bookcases,Premium Bookcases v2,811.99,9,0.0,264.56
198,CA-2024-100197,2024-09-04,2024-09-06,First Class,CG-10037,Julia Barnett,Consumer,United States,Seattle,Illinois,90001,Central,PROD-10197,Furniture,Bookcases,Premium Bookcases v3,833.25,3,0.0,280.74
199,CA-2024-100198,2024-09-16,2024-09-17,Standard Class,CG-10077,Carol Adams,Corporate,United States,Miami,Washington,90001,East,PROD-10198,Technology,Copiers,Premium Copiers v4,69.42,9,0.2,31.42
200,CA-2024-100199,2023-03-22,2023-03-27,First Class,CG-10077,Julia Barnett,Consumer,United States,San Francisco,Illinois,90001,Central,PROD-10199,Office Supplies,Supplies,Premium Supplies v5,416.41,6,0.2,71.63
201,CA-2024-100200,2024-11-29,2024-12-03,Standard Class,CG-10032,Emily Burns,Corporate,United States,Houston,New York,90001,South,PROD-10200,Technology,Accessories,Premium Accessories v1,502.94,6,0.0,160.92
202,CA-2024-100201,2023-04-23,2023-04-27,Standard Class,CG-10047,Claire Gute,Consumer,United States,Seattle,Washington,90001,East,PROD-10201,Furniture,Furnishings,Premium Furnishings v2,129.82,7,0.0,69.88
203,CA-2024-100202,2023-01-02,2023-01-04,First Class,CG-10110,Emily Burns,Corporate,United States,Houston,Texas,90001,Central,PROD-10202,Office Supplies,Supplies,Premium Supplies v3,294.54,5,0.3,-9.94
204,CA-2024-100203,2024-10-03,2024-10-08,Standard Class,CG-10120,Emily Burns,Home Office,United States,Miami,Florida,90001,Central,PROD-10203,Office Supplies,Art,Premium Art v4,76.2,6,0.0,14.24
205,CA-2024-100204,2023-08-08,2023-08-12,First Class,CG-10010,Sanford Allen,Home Office,United States,Chicago,Texas,90001,East,PROD-10204,Furniture,Tables,Premium Tables v5,1195.55,1,0.0,350.06
206,CA-2024-100205,2024-07-19,2024-07-20,Standard Class,CG-10097,Carol Adams,Consumer,United States,Miami,Florida,90001,South,PROD-10205,Office Supplies,Binders,Premium Binders v1,887.82,3,0.1,219.92
207,CA-2024-100206,2023-08-13,2023-08-15,Second Class,CG-10005,Julia Barnett,Consumer,United States,Houston,Washington,90001,West,PROD-10206,Office Supplies,Storage,Premium Storage v2,118.63,9,0.5,-38.4
208,CA-2024-100207,2024-01-20,2024-01-25,Standard Class,CG-10077,Sanford Allen,Consumer,United States,Seattle,Washington,90001,Central,PROD-10207,Technology,Machines,Premium Machines v3,39.0,5,0.0,47.81
209,CA-2024-100208,2024-02-07,2024-02-09,Standard Class,CG-10001,Aaron Bergman,Corporate,United States,New York City,Florida,90001,South,PROD-10208,Furniture,Bookcases,Premium Bookcases v4,867.36,5,0.2,83.09
210,CA-2024-100209,2024-09-29,2024-09-30,Second Class,CG-10131,Aaron Bergman,Corporate,United States,Houston,California,90001,East,PROD-10209,Furniture,Tables,Premium Tables v5,535.44,8,0.1,119.88
211,CA-2024-100210,2023-05-10,2023-05-15,Standard Class,CG-10067,Sanford Allen,Corporate,United States,Los Angeles,Washington,90001,Central,PROD-10210,Furniture,Furnishings,Premium Furnishings v1,947.35,2,0.1,233.59
212,CA-2024-100211,2023-02-22,2023-02-24,Standard Class,CG-10015,Claire Gute,Consumer,United States,New York City,California,90001,Central,PROD-10211,Furniture,Chairs,Premium Chairs v2,1109.32,7,0.2,131.95
213,CA-2024-100212,2024-11-14,2024-11-17,Standard Class,CG-10093,Sanford Allen,Corporate,United States,San Francisco,California,90001,Central,PROD-10212,Furniture,Tables,Premium Tables v3,725.17,9,0.5,-150.33
214,CA-2024-100213,2024-11-02,2024-11-03,Standard Class,CG-10030,Sanford Allen,Consumer,United States,Houston,Florida,90001,South,PROD-10213,Office Supplies,Appliances,Premium Appliances v4,236.72,7,0.0,70.9
215,CA-2024-100214,2024-02-20,2024-02-21,First Class,CG-10103,Carol Adams,Corporate,United States,Los Angeles,California,90001,Central,PROD-10214,Technology,Phones,Premium Phones v5,941.9,5,0.0,327.0
216,CA-2024-100215,2023-09-04,2023-09-05,Standard Class,CG-10082,Aaron Bergman,Consumer,United States,San Francisco,California,90001,Central,PROD-10215,Furniture,Bookcases,Premium Bookcases v1,1147.64,6,0.5,-219.63
217,CA-2024-100216,2024-03-14,2024-03-17,Standard Class,CG-10075,Aaron Bergman,Corporate,United States,Miami,New York,90001,East,PROD-10216,Technology,Phones,Premium Phones v2,702.57,4,0.2,91.35
218,CA-2024-100217,2023-07-22,2023-07-25,Standard Class,CG-10060,Julia Barnett,Consumer,United States,New York City,Texas,90001,Central,PROD-10217,Technology,Accessories,Premium Accessories v3,823.17,7,0.1,176.83
219,CA-2024-100218,2023-07-03,2023-07-07,Standard Class,CG-10040,Emily Burns,Consumer,United States,Houston,California,90001,South,PROD-10218,Office Supplies,Binders,Premium Binders v4,414.91,1,0.1,89.47
220,CA-2024-100219,2023-05-03,2023-05-05,Standard Class,CG-10074,Sanford Allen,Corporate,United States,Chicago,Texas,90001,East,PROD-10219,Furniture,Chairs,Premium Chairs v5,467.11,4,0.2,42.34
221,CA-2024-100220,2024-02-05,2024-02-09,Standard Class,CG-10121,Sanford Allen,Consumer,United States,Miami,California,90001,West,PROD-10220,Office Supplies,Appliances,Premium Appliances v1,885.57,3,0.2,116.59
222,CA-2024-100221,2023-10-21,2023-10-23,Standard Class,CG-10147,Claire Gute,Corporate,United States,Los Angeles,Texas,90001,East,PROD-10221,Furniture,Tables,Premium Tables v2,1114.41,4,0.5,-192.61
223,CA-2024-100222,2023-10-07,2023-10-10,Second Class,CG-10003,Aaron Bergman,Corporate,United States,Chicago,Washington,90001,Central,PROD-10222,Office Supplies,Appliances,Premium Appliances v3,760.35,1,0.1,151.31
224,CA-2024-100223,2024-09-01,2024-09-04,First Class,CG-10036,Claire Gute,Corporate,United States,Seattle,Washington,90001,West,PROD-10223,Technology,Accessories,Premium Accessories v4,950.97,2,0.0,320.52
225,CA-2024-100224,2023-07-17,2023-07-21,Standard Class,CG-10043,Carol Adams,Consumer,United States,Miami,Texas,90001,East,PROD-10224,Furniture,Bookcases,Premium Bookcases v5,218.39,9,0.2,61.66
226,CA-2024-100225,2024-05-25,2024-05-30,Standard Class,CG-10143,Julia Barnett,Consumer,United States,Miami,California,90001,Central,PROD-10225,Technology,Phones,Premium Phones v1,266.17,7,0.1,97.68
227,CA-2024-100226,2023-05-24,2023-05-28,Standard Class,CG-10115,Claire Gute,Corporate,United States,Houston,New York,90001,East,PROD-10226,Technology,Copiers,Premium Copiers v2,645.46,6,0.1,120.38
228,CA-2024-100227,2024-08-31,2024-09-02,Standard Class,CG-10109,Aaron Bergman,Consumer,United States,Houston,Texas,90001,South,PROD-10227,Office Supplies,Binders,Premium Binders v3,224.22,2,0.1,46.12
229,CA-2024-100228,2023-07-20,2023-07-24,Standard Class,CG-10090,Carol Adams,Corporate,United States,Los Angeles,Illinois,90001,Central,PROD-10228,Furniture,Chairs,Premium Chairs v4,767.47,1,0.0,270.47
230,CA-2024-100229,2023-05-04,2023-05-05,Standard Class,CG-10084,Sanford Allen,Consumer,United States,Miami,New York,90001,South,PROD-10229,Technology,Accessories,Premium Accessories v5,360.61,2,0.1,66.02
231,CA-2024-100230,2023-07-06,2023-07-08,Standard Class,CG-10077,Carol Adams,Consumer,United States,Houston,Illinois,90001,Central,PROD-10230,Office Supplies,Art,Premium Art v1,952.97,7,0.2,75.54
232,CA-2024-100231,2023-11-22,2023-11-24,Standard Class,CG-10005,Emily Burns,Consumer,United States,Seattle,Texas,90001,South,PROD-10231,Furniture,Bookcases,Premium Bookcases v2,972.61,2,0.2,138.22
233,CA-2024-100232,2024-04-08,2024-04-13,Standard Class,CG-10078,Claire Gute,Consumer,United States,San Francisco,California,90001,West,PROD-10232,Furniture,Furnishings,Premium Furnishings v3,564.59,3,0.1,115.77
234,CA-2024-100233,2023-12-15,2023-12-18,Standard Class,CG-10091,Aaron Bergman,Consumer,United States,San Francisco,Illinois,90001,South,PROD-10233,Technology,Machines,Premium Machines v4,229.26,8,0.0,77.79
235,CA-2024-100234,2024-10-21,2024-10-23,Standard Class,CG-10087,Claire Gute,Corporate,United States,San Francisco,Texas,90001,East,PROD-10234,Furniture,Furnishings,Premium Furnishings v5,781.43,7,0.1,167.53
236,CA-2024-100235,2024-02-07,2024-02-10,Standard Class,CG-10014,Sanford Allen,Corporate,United States,Houston,New York,90001,Central,PROD-10235,Technology,Accessories,Premium Accessories v1,1191.45,9,0.2,158.52
237,CA-2024-100236,2023-12-12,2023-12-16,Standard Class,CG-10104,Sanford Allen,Consumer,United States,Miami,California,90001,East,PROD-10236,Furniture,Tables,Premium Tables v2,752.77,4,0.1,154.21
238,CA-2024-100237,2024-05-25,2024-05-26,Standard Class,CG-10083,Aaron Bergman,Home Office,United States,San Francisco,Illinois,90001,South,PROD-10237,Office Supplies,Supplies,Premium Supplies v3,57.39,7,0.2,48.2
239,CA-2024-100238,2023-05-27,2023-06-01,Standard Class,CG-10054,Emily Burns,Corporate,United States,New York City,Texas,90001,Central,PROD-10238,Technology,Machines,Premium Machines v4,35.49,1,0.1,30.28
240,CA-2024-100239,2023-05-28,2023-05-31,Standard Class,CG-10132,Julia Barnett,Home Office,United States,Chicago,California,90001,South,PROD-10239,Technology,Accessories,Premium Accessories v5,394.63,2,0.0,135.3
241,CA-2024-100240,2024-05-03,2024-05-05,Standard Class,CG-10095,Carol Adams,Corporate,United States,Miami,California,90001,West,PROD-10240,Furniture,Bookcases,Premium Bookcases v1,247.0,7,0.2,27.49
242,CA-2024-100241,2024-10-01,2024-10-04,Standard Class,CG-10009,Carol Adams,Corporate,United States,Seattle,Washington,90001,West,PROD-10241,Furniture,Chairs,Premium Chairs v2,978.47,2,0.0,290.6
243,CA-2024-100242,2024-07-04,2024-07-06,Standard Class,CG-10053,Sanford Allen,Consumer,United States,Miami,California,90001,West,PROD-10242,Technology,Machines,Premium Machines v3,1016.09,6,0.1,226.9
244,CA-2024-100243,2023-12-04,2023-12-07,Standard Class,CG-10077,Claire Gute,Consumer,United States,Seattle,Texas,90001,South,PROD-10243,Furniture,Bookcases,Premium Bookcases v4,321.46,9,0.0,107.72
245,CA-2024-100244,2024-10-02,2024-10-04,Second Class,CG-10060,Claire Gute,Consumer,United States,Miami,New York,90001,South,PROD-10244,Office Supplies,Art,Premium Art v5,400.89,5,0.0,164.0
246,CA-2024-100245,2024-04-17,2024-04-21,Standard Class,CG-10046,Emily Burns,Corporate,United States,San Francisco,Florida,90001,West,PROD-10245,Furniture,Tables,Premium Tables v1,294.95,7,0.1,73.4
247,CA-2024-100246,2023-05-31,2023-06-02,Standard Class,CG-10054,Julia Barnett,Consumer,United States,Chicago,Washington,90001,South,PROD-10246,Office Supplies,Paper,Premium Paper v2,1091.43,1,0.1,234.11
248,CA-2024-100247,2024-02-19,2024-02-21,First Class,CG-10074,Claire Gute,Corporate,United States,Chicago,Texas,90001,East,PROD-10247,Office Supplies,Art,Premium Art v3,610.64,8,0.2,70.23
249,CA-2024-100248,2023-10-25,2023-10-26,Standard Class,CG-10112,Carol Adams,Consumer,United States,Seattle,Texas,90001,South,PROD-10248,Office Supplies,Art,Premium Art v4,792.52,9,0.2,114.5
250,CA-2024-100249,2024-09-02,2024-09-04,Standard Class,CG-10095,Claire Gute,Home Office,United States,Miami,Texas,90001,East,PROD-10249,Office Supplies,Appliances,Premium Appliances v5,507.35,5,0.2,60.47
251,CA-2024-100250,2023-09-20,2023-09-21,First Class,CG-10023,Julia Barnett,Consumer,United States,Chicago,Illinois,90001,West,PROD-10250,Office Supplies,Storage,Premium Storage v1,762.75,6,0.1,151.4
252,CA-2024-100251,2023-05-24,2023-05-29,First Class,CG-10027,Carol Adams,Consumer,United States,Los Angeles,Illinois,90001,South,PROD-10251,Furniture,Bookcases,Premium Bookcases v2,472.24,8,0.2,87.57
253,CA-2024-100252,2023-12-12,2023-12-13,Standard Class,CG-10070,Claire Gute,Consumer,United States,Miami,New York,90001,West,PROD-10252,Office Supplies,Supplies,Premium Supplies v3,417.52,4,0.1,105.28
254,CA-2024-100253,2024-09-15,2024-09-19,Standard Class,CG-10109,Carol Adams,Consumer,United States,Chicago,Texas,90001,Central,PROD-10253,Furniture,Bookcases,Premium Bookcases v4,766.86,2,0.1,174.78
255,CA-2024-100254,2024-07-25,2024-07-26,Standard Class,CG-10077,Sanford Allen,Consumer,United States,New York City,Illinois,90001,South,PROD-10254,Office Supplies,Art,Premium Art v5,715.41,8,0.1,165.84
256,CA-2024-100255,2023-01-02,2023-01-07,Standard Class,CG-10050,Sanford Allen,Corporate,United States,New York City,Illinois,90001,South,PROD-10255,Technology,Copiers,Premium Copiers v1,362.83,2,0.5,-42.25
257,CA-2024-100256,2023-10-31,2023-11-04,Standard Class,CG-10124,Emily Burns,Consumer,United States,Los Angeles,Illinois,90001,West,PROD-10256,Office Supplies,Appliances,Premium Appliances v2,191.98,5,0.0,59.51
258,CA-2024-100257,2023-09-11,2023-09-14,Standard Class,CG-10019,Sanford Allen,Consumer,United States,Chicago,New York,90001,West,PROD-10257,Technology,Phones,Premium Phones v3,451.76,6,0.5,-107.98
259,CA-2024-100258,2024-10-13,2024-10-16,Standard Class,CG-10001,Claire Gute,Home Office,United States,New York City,New York,90001,West,PROD-10258,Office Supplies,Binders,Premium Binders v4,507.01,5,0.0,188.84
260,CA-2024-100259,2024-03-28,2024-03-29,First Class,CG-10040,Julia Barnett,Consumer,United States,San Francisco,Texas,90001,Central,PROD-10259,Office Supplies,Art,Premium Art v5,759.99,6,0.0,217.02
261,CA-2024-100260,2023-02-06,2023-02-07,Same Day,CG-10022,Carol Adams,Home Office,United States,Miami,Washington,90001,Central,PROD-10260,Office Supplies,Art,Premium Art v1,1098.72,6,0.0,360.14
262,CA-2024-100261,2023-06-09,2023-06-14,Standard Class,CG-10112,Aaron Bergman,Home Office,United States,Houston,Texas,90001,West,PROD-10261,Technology,Copiers,Premium Copiers v2,57.88,3,0.2,-8.45
263,CA-2024-100262,2023-01-09,2023-01-14,Second Class,CG-10040,Sanford Allen,Consumer,United States,Chicago,Illinois,90001,South,PROD-10262,Technology,Accessories,Premium Accessories v3,303.74,3,0.0,97.39
264,CA-2024-100263,2023-08-21,2023-08-23,Standard Class,CG-10038,Sanford Allen,Consumer,United States,Los Angeles,Florida,90001,South,PROD-10263,Office Supplies,Paper,Premium Paper v4,244.55,9,0.3,-15.59
265,CA-2024-100264,2023-04-09,2023-04-14,First Class,CG-10048,Aaron Bergman,Consumer,United States,Chicago,Illinois,90001,West,PROD-10264,Furniture,Chairs,Premium Chairs v5,610.22,3,0.3,16.55
266,CA-2024-100265,2024-10-20,2024-10-22,Standard Class,CG-10075,Aaron Bergman,Corporate,United States,Seattle,California,90001,East,PROD-10265,Office Supplies,Paper,Premium Paper v1,524.2,3,0.2,78.14
267,CA-2024-100266,2023-07-27,2023-07-31,Standard Class,CG-10107,Claire Gute,Corporate,United States,Seattle,Florida,90001,Central,PROD-10266,Technology,Phones,Premium Phones v2,878.91,2,0.1,167.78
268,CA-2024-100267,2023-05-11,2023-05-12,Standard Class,CG-10008,Carol Adams,Corporate,United States,New York City,Florida,90001,Central,PROD-10267,Office Supplies,Paper,Premium Paper v3,302.26,7,0.5,-54.44
269,CA-2024-100268,2024-02-08,2024-02-12,Standard Class,CG-10086,Sanford Allen,Corporate,United States,Seattle,Texas,90001,East,PROD-10268,Technology,Accessories,Premium Accessories v4,719.48,4,0.3,45.12
270,CA-2024-100269,2023-06-01,2023-06-06,Standard Class,CG-10068,Julia Barnett,Consumer,United States,Los Angeles,Illinois,90001,West,PROD-10269,Technology,Accessories,Premium Accessories v5,1062.37,1,0.1,223.44
271,CA-2024-100270,2023-02-23,2023-02-27,Second Class,CG-10075,Claire Gute,Home Office,United States,New York City,Illinois,90001,South,PROD-10270,Technology,Machines,Premium Machines v1,1094.15,6,0.2,145.59
272,CA-2024-100271,2023-04-30,2023-05-04,Second Class,CG-10137,Claire Gute,Corporate,United States,Los Angeles,Washington,90001,South,PROD-10271,Office Supplies,Paper,Premium Paper v2,1151.16,5,0.1,275.13
273,CA-2024-100272,2024-11-03,2024-11-07,Standard Class,CG-10090,Julia Barnett,Corporate,United States,Miami,California,90001,Central,PROD-10272,Technology,Machines,Premium Machines v3,931.31,2,0.1,234.47
274,CA-2024-100273,2024-09-19,2024-09-24,Standard Class,CG-10130,Julia Barnett,Home Office,United States,Los Angeles,Texas,90001,East,PROD-10273,Technology,Phones,Premium Phones v4,1088.6,6,0.0,369.46
275,CA-2024-100274,2024-08-09,2024-08-13,Standard Class,CG-10080,Emily Burns,Corporate,United States,Seattle,New York,90001,South,PROD-10274,Office Supplies,Appliances,Premium Appliances v5,292.92,1,0.1,60.8
276,CA-2024-100275,2024-09-16,2024-09-18,First Class,CG-10095,Julia Barnett,Consumer,United States,Miami,Texas,90001,Central,PROD-10275,Technology,Accessories,Premium Accessories v1,249.13,3,0.0,122.12
277,CA-2024-100276,2024-02-24,2024-02-29,First Class,CG-10070,Aaron Bergman,Consumer,United States,Seattle,Florida,90001,South,PROD-10276,Office Supplies,Appliances,Premium Appliances v2,22.69,4,0.0,43.67
278,CA-2024-100277,2024-02-26,2024-03-01,Same Day,CG-10090,Sanford Allen,Consumer,United States,Los Angeles,Texas,90001,South,PROD-10277,Technology,Copiers,Premium Copiers v3,852.61,3,0.2,123.86
279,CA-2024-100278,2023-04-14,2023-04-19,First Class,CG-10059,Emily Burns,Consumer,United States,Seattle,Washington,90001,South,PROD-10278,Furniture,Tables,Premium Tables v4,1125.9,6,0.5,-244.12
280,CA-2024-100279,2023-09-11,2023-09-14,Standard Class,CG-10147,Aaron Bergman,Home Office,United States,Seattle,Texas,90001,Central,PROD-10279,Furniture,Bookcases,Premium Bookcases v5,236.52,4,0.5,-0.51
281,CA-2024-100280,2023-08-15,2023-08-17,Standard Class,CG-10028,Emily Burns,Consumer,United States,Seattle,Washington,90001,East,PROD-10280,Technology,Phones,Premium Phones v1,769.78,1,0.1,188.42
282,CA-2024-100281,2023-04-22,2023-04-26,Standard Class,CG-10072,Sanford Allen,Corporate,United States,Chicago,Florida,90001,West,PROD-10281,Furniture,Furnishings,Premium Furnishings v2,899.55,5,0.2,123.71
283,CA-2024-100282,2024-05-24,2024-05-27,First Class,CG-10014,Emily Burns,Corporate,United States,Miami,Washington,90001,East,PROD-10282,Office Supplies,Binders,Premium Binders v3,1114.22,5,0.0,319.97
284,CA-2024-100283,2024-04-17,2024-04-20,Standard Class,CG-10024,Aaron Bergman,Consumer,United States,Miami,Illinois,90001,South,PROD-10283,Furniture,Bookcases,Premium Bookcases v4,781.53,9,0.2,74.43
285,CA-2024-100284,2023-04-09,2023-04-14,Standard Class,CG-10112,Carol Adams,Home Office,United States,San Francisco,New York,90001,East,PROD-10284,Technology,Phones,Premium Phones v5,1164.8,8,0.0,396.8
286,CA-2024-100285,2023-06-02,2023-06-05,First Class,CG-10044,Sanford Allen,Home Office,United States,Miami,Florida,90001,South,PROD-10285,Technology,Accessories,Premium Accessories v1,423.44,8,0.0,142.08
287,CA-2024-100286,2023-12-04,2023-12-06,Standard Class,CG-10056,Claire Gute,Corporate,United States,San Francisco,Washington,90001,Central,PROD-10286,Office Supplies,Storage,Premium Storage v2,429.67,5,0.2,50.82
288,CA-2024-100287,2023-06-12,2023-06-14,Standard Class,CG-10120,Sanford Allen,Consumer,United States,Los Angeles,California,90001,Central,PROD-10287,Technology,Phones,Premium Phones v3,658.47,8,0.0,236.34
289,CA-2024-100288,2024-11-11,2024-11-12,Second Class,CG-10032,Sanford Allen,Consumer,United States,San Francisco,Florida,90001,Central,PROD-10288,Office Supplies,Art,Premium Art v4,469.45,7,0.0,126.95
290,CA-2024-100289,2023-06-10,2023-06-12,Standard Class,CG-10025,Sanford Allen,Consumer,United States,San Francisco,California,90001,South,PROD-10289,Furniture,Furnishings,Premium Furnishings v5,16.69,1,0.3,9.19
291,CA-2024-100290,2024-08-02,2024-08-05,Standard Class,CG-10116,Carol Adams,Consumer,United States,Houston,New York,90001,East,PROD-10290,Furniture,Chairs,Premium Chairs v1,882.15,7,0.0,270.94
292,CA-2024-100291,2024-02-02,2024-02-04,Second Class,CG-10066,Aaron Bergman,Corporate,United States,Los Angeles,Washington,90001,West,PROD-10291,Office Supplies,Storage,Premium Storage v2,905.78,8,0.0,276.22
293,CA-2024-100292,2023-10-04,2023-10-09,Second Class,CG-10042,Claire Gute,Home Office,United States,Miami,Florida,90001,West,PROD-10292,Office Supplies,Storage,Premium Storage v3,900.16,3,0.0,271.59
294,CA-2024-100293,2024-05-18,2024-05-19,Same Day,CG-10076,Aaron Bergman,Corporate,United States,New York City,Florida,90001,Central,PROD-10293,Technology,Phones,Premium Phones v4,423.85,9,0.0,121.86
295,CA-2024-100294,2024-01-27,2024-01-30,Standard Class,CG-10137,Emily Burns,Home Office,United States,Seattle,New York,90001,West,PROD-10294,Furniture,Chairs,Premium Chairs v5,633.91,8,0.0,182.28
296,CA-2024-100295,2023-05-15,2023-05-16,Standard Class,CG-10038,Emily Burns,Corporate,United States,Seattle,Illinois,90001,South,PROD-10295,Office Supplies,Storage,Premium Storage v1,441.57,2,0.2,68.99
297,CA-2024-100296,2023-07-14,2023-07-17,Second Class,CG-10061,Emily Burns,Consumer,United States,Houston,California,90001,East,PROD-10296,Furniture,Chairs,Premium Chairs v2,34.0,6,0.0,54.56
298,CA-2024-100297,2024-02-05,2024-02-10,Standard Class,CG-10089,Aaron Bergman,Home Office,United States,New York City,Florida,90001,West,PROD-10297,Office Supplies,Storage,Premium Storage v3,681.5,4,0.3,15.62
299,CA-2024-100298,2024-10-01,2024-10-02,Standard Class,CG-10018,Julia Barnett,Consumer,United States,Chicago,Texas,90001,West,PROD-10298,Furniture,Furnishings,Premium Furnishings v4,161.66,3,0.0,49.36
300,CA-2024-100299,2023-02-02,2023-02-06,Second Class,CG-10070,Carol Adams,Home Office,United States,San Francisco,California,90001,East,PROD-10299,Technology,Accessories,Premium Accessories v5,109.85,6,0.1,13.11
301,CA-2024-100300,2024-11-18,2024-11-21,Standard Class,CG-10082,Julia Barnett,Consumer,United States,Los Angeles,Washington,90001,West,PROD-10300,Furniture,Tables,Premium Tables v1,910.27,9,0.2,129.14
302,CA-2024-100301,2024-04-04,2024-04-08,Standard Class,CG-10116,Emily Burns,Consumer,United States,Chicago,New York,90001,East,PROD-10301,Furniture,Furnishings,Premium Furnishings v2,26.26,2,0.2,50.63
303,CA-2024-100302,2024-04-14,2024-04-15,Standard Class,CG-10080,Carol Adams,Home Office,United States,New York City,California,90001,South,PROD-10302,Furniture,Tables,Premium Tables v3,1151.43,5,0.2,119.58
304,CA-2024-100303,2024-01-10,2024-01-14,Standard Class,CG-10015,Aaron Bergman,Corporate,United States,Houston,Texas,90001,South,PROD-10303,Furniture,Furnishings,Premium Furnishings v4,625.58,6,0.5,-124.75
305,CA-2024-100304,2023-01-22,2023-01-26,Standard Class,CG-10013,Emily Burns,Home Office,United States,New York City,Texas,90001,South,PROD-10304,Furniture,Chairs,Premium Chairs v5,1179.87,4,0.0,376.07
306,CA-2024-100305,2024-10-31,2024-11-01,Standard Class,CG-10119,Aaron Bergman,Home Office,United States,Houston,New York,90001,Central,PROD-10305,Technology,Phones,Premium Phones v1,83.73,7,0.1,51.02
307,CA-2024-100306,2023-02-07,2023-02-12,Second Class,CG-10043,Carol Adams,Consumer,United States,Chicago,New York,90001,South,PROD-10306,Office Supplies,Appliances,Premium Appliances v2,706.48,2,0.3,11.88
308,CA-2024-100307,2023-08-18,2023-08-22,First Class,CG-10057,Aaron Bergman,Corporate,United States,Chicago,California,90001,West,PROD-10307,Furniture,Chairs,Premium Chairs v3,428.95,7,0.0,152.79
309,CA-2024-100308,2023-12-31,2024-01-04,Standard Class,CG-10017,Aaron Bergman,Consumer,United States,New York City,Washington,90001,Central,PROD-10308,Technology,Accessories,Premium Accessories v4,1014.53,2,0.0,334.52
310,CA-2024-100309,2024-07-16,2024-07-21,Standard Class,CG-10032,Claire Gute,Corporate,United States,New York City,Illinois,90001,Central,PROD-10309,Furniture,Furnishings,Premium Furnishings v5,443.05,1,0.0,180.16
311,CA-2024-100310,2024-03-13,2024-03-17,Standard Class,CG-10055,Julia Barnett,Corporate,United States,San Francisco,Texas,90001,Central,PROD-10310,Furniture,Furnishings,Premium Furnishings v1,323.68,5,0.2,23.92
312,CA-2024-100311,2023-10-10,2023-10-14,Standard Class,CG-10013,Julia Barnett,Consumer,United States,Seattle,New York,90001,South,PROD-10311,Office Supplies,Storage,Premium Storage v2,1031.2,2,0.0,359.18
313,CA-2024-100312,2023-01-27,2023-01-31,Second Class,CG-10047,Julia Barnett,Corporate,United States,Houston,Illinois,90001,Central,PROD-10312,Furniture,Bookcases,Premium Bookcases v3,458.96,8,0.0,145.14
314,CA-2024-100313,2023-08-14,2023-08-16,Second Class,CG-10087,Sanford Allen,Corporate,United States,Seattle,Illinois,90001,South,PROD-10313,Technology,Copiers,Premium Copiers v4,34.95,8,0.1,37.61
315,CA-2024-100314,2023-10-04,2023-10-09,Second Class,CG-10062,Claire Gute,Consumer,United States,Los Angeles,Illinois,90001,South,PROD-10314,Technology,Accessories,Premium Accessories v5,477.49,1,0.2,67.82
316,CA-2024-100315,2024-08-31,2024-09-04,Standard Class,CG-10029,Emily Burns,Home Office,United States,Los Angeles,Washington,90001,Central,PROD-10315,Office Supplies,Paper,Premium Paper v1,790.61,4,0.0,251.25
317,CA-2024-100316,2023-10-11,2023-10-16,Standard Class,CG-10022,Emily Burns,Corporate,United States,New York City,New York,90001,Central,PROD-10316,Furniture,Tables,Premium Tables v2,316.42,9,0.0,123.79
318,CA-2024-100317,2024-04-25,2024-04-28,Standard Class,CG-10065,Emily Burns,Home Office,United States,Chicago,Texas,90001,West,PROD-10317,Technology,Accessories,Premium Accessories v3,526.91,5,0.2,60.39
319,CA-2024-100318,2024-03-28,2024-03-31,Standard Class,CG-10029,Julia Barnett,Consumer,United States,Los Angeles,New York,90001,Central,PROD-10318,Furniture,Tables,Premium Tables v4,82.21,6,0.5,-27.61
320,CA-2024-100319,2024-10-20,2024-10-24,Second Class,CG-10048,Julia Barnett,Consumer,United States,Los Angeles,California,90001,South,PROD-10319,Furniture,Bookcases,Premium Bookcases v5,711.89,3,0.2,85.41
321,CA-2024-100320,2024-05-30,2024-06-04,Same Day,CG-10005,Claire Gute,Corporate,United States,Seattle,Texas,90001,West,PROD-10320,Furniture,Chairs,Premium Chairs v1,911.21,5,0.2,107.66
322,CA-2024-100321,2024-06-30,2024-07-05,Standard Class,CG-10101,Aaron Bergman,Consumer,United States,Seattle,New York,90001,West,PROD-10321,Office Supplies,Paper,Premium Paper v2,504.78,1,0.0,145.57
323,CA-2024-100322,2023-07-11,2023-07-16,Second Class,CG-10071,Julia Barnett,Home Office,United States,San Francisco,Texas,90001,South,PROD-10322,Furniture,Tables,Premium Tables v3,512.98,8,0.0,199.39
324,CA-2024-100323,2023-02-18,2023-02-20,Standard Class,CG-10141,Emily Burns,Consumer,United States,San Francisco,California,90001,Central,PROD-10323,Technology,Accessories,Premium Accessories v4,119.61,6,0.1,19.85
325,CA-2024-100324,2024-05-26,2024-05-29,Standard Class,CG-10138,Aaron Bergman,Corporate,United States,Los Angeles,Florida,90001,Central,PROD-10324,Furniture,Tables,Premium Tables v5,254.3,2,0.3,8.65
326,CA-2024-100325,2023-01-17,2023-01-22,Standard Class,CG-10066,Julia Barnett,Corporate,United States,New York City,Texas,90001,East,PROD-10325,Technology,Machines,Premium Machines v1,198.29,4,0.1,30.5
327,CA-2024-100326,2023-06-21,2023-06-26,Standard Class,CG-10072,Carol Adams,Consumer,United States,Seattle,Florida,90001,Central,PROD-10326,Furniture,Chairs,Premium Chairs v2,585.8,4,0.3,17.51
328,CA-2024-100327,2023-08-08,2023-08-10,Standard Class,CG-10025,Sanford Allen,Consumer,United States,Los Angeles,Illinois,90001,East,PROD-10327,Technology,Copiers,Premium Copiers v3,642.17,9,0.5,-126.9
329,CA-2024-100328,2023-06-07,2023-06-09,Second Class,CG-10060,Julia Barnett,Corporate,United States,Chicago,Washington,90001,West,PROD-10328,Technology,Phones,Premium Phones v4,1139.49,9,0.0,356.1
330,CA-2024-100329,2024-04-21,2024-04-26,First Class,CG-10040,Carol Adams,Corporate,United States,Seattle,California,90001,West,PROD-10329,Furniture,Tables,Premium Tables v5,101.78,5,0.0,26.26
331,CA-2024-100330,2023-02-15,2023-02-16,Standard Class,CG-10007,Claire Gute,Consumer,United States,Los Angeles,Texas,90001,West,PROD-10330,Furniture,Furnishings,Premium Furnishings v1,725.84,3,0.0,201.52
332,CA-2024-100331,2024-01-08,2024-01-13,Standard Class,CG-10046,Carol Adams,Home Office,United States,San Francisco,California,90001,East,PROD-10331,Technology,Machines,Premium Machines v2,638.9,1,0.0,226.22
333,CA-2024-100332,2024-06-01,2024-06-06,First Class,CG-10086,Claire Gute,Consumer,United States,Houston,Illinois,90001,South,PROD-10332,Office Supplies,Storage,Premium Storage v3,626.74,6,0.0,212.9
334,CA-2024-100333,2023-04-09,2023-04-11,First Class,CG-10141,Julia Barnett,Consumer,United States,Seattle,Florida,90001,South,PROD-10333,Furniture,Furnishings,Premium Furnishings v4,1049.69,8,0.3,3.85
335,CA-2024-100334,2023-02-06,2023-02-08,Second Class,CG-10021,Claire Gute,Corporate,United States,Houston,Washington,90001,West,PROD-10334,Office Supplies,Storage,Premium Storage v5,258.56,1,0.0,60.89
336,CA-2024-100335,2023-10-07,2023-10-12,Standard Class,CG-10001,Carol Adams,Consumer,United States,Seattle,California,90001,East,PROD-10335,Furniture,Chairs,Premium Chairs v1,63.32,1,0.0,59.59
337,CA-2024-100336,2023-12-15,2023-12-20,First Class,CG-10123,Sanford Allen,Home Office,United States,Seattle,Florida,90001,East,PROD-10336,Furniture,Chairs,Premium Chairs v2,811.64,7,0.0,235.38
338,CA-2024-100337,2024-05-11,2024-05-16,Standard Class,CG-10147,Aaron Bergman,Consumer,United States,San Francisco,Illinois,90001,West,PROD-10337,Furniture,Furnishings,Premium Furnishings v3,424.01,7,0.5,-39.65
339,CA-2024-100338,2023-10-29,2023-10-31,Second Class,CG-10125,Aaron Bergman,Consumer,United States,Miami,Illinois,90001,Central,PROD-10338,Furniture,Bookcases,Premium Bookcases v4,35.84,2,0.2,17.09
340,CA-2024-100339,2023-06-30,2023-07-05,Standard Class,CG-10033,Sanford Allen,Consumer,United States,Miami,Illinois,90001,West,PROD-10339,Office Supplies,Appliances,Premium Appliances v5,312.88,3,0.5,-58.75
341,CA-2024-100340,2024-08-29,2024-09-03,Second Class,CG-10004,Emily Burns,Corporate,United States,Houston,Florida,90001,East,PROD-10340,Furniture,Furnishings,Premium Furnishings v1,381.55,2,0.5,-44.39
342,CA-2024-100341,2023-04-09,2023-04-13,Standard Class,CG-10003,Aaron Bergman,Corporate,United States,New York City,Texas,90001,Central,PROD-10341,Technology,Copiers,Premium Copiers v2,745.95,6,0.1,190.57
343,CA-2024-100342,2024-11-30,2024-12-01,Standard Class,CG-10091,Julia Barnett,Corporate,United States,Los Angeles,New York,90001,South,PROD-10342,Technology,Phones,Premium Phones v3,219.51,8,0.0,71.8
344,CA-2024-100343,2023-04-26,2023-04-29,Standard Class,CG-10052,Emily Burns,Consumer,United States,New York City,California,90001,Central,PROD-10343,Office Supplies,Paper,Premium Paper v4,504.47,8,0.0,159.86
345,CA-2024-100344,2023-07-10,2023-07-11,Standard Class,CG-10028,Julia Barnett,Consumer,United States,New York City,New York,90001,South,PROD-10344,Furniture,Furnishings,Premium Furnishings v5,586.73,1,0.0,186.34
346,CA-2024-100345,2023-09-10,2023-09-14,Second Class,CG-10070,Carol Adams,Home Office,United States,Miami,Illinois,90001,East,PROD-10345,Technology,Accessories,Premium Accessories v1,559.2,9,0.2,100.48
347,CA-2024-100346,2023-06-10,2023-06-13,First Class,CG-10057,Carol Adams,Consumer,United States,Los Angeles,New York,90001,West,PROD-10346,Office Supplies,Storage,Premium Storage v2,1169.12,8,0.0,379.22
348,CA-2024-100347,2023-09-13,2023-09-18,Same Day,CG-10108,Emily Burns,Home Office,United States,Miami,Florida,90001,West,PROD-10347,Furniture,Chairs,Premium Chairs v3,68.92,9,0.0,18.01
349,CA-2024-100348,2023-11-19,2023-11-23,Standard Class,CG-10144,Emily Burns,Consumer,United States,Miami,Illinois,90001,West,PROD-10348,Technology,Accessories,Premium Accessories v4,1141.9,9,0.2,107.14
350,CA-2024-100349,2023-05-08,2023-05-13,Second Class,CG-10024,Emily Burns,Home Office,United States,San Francisco,Illinois,90001,West,PROD-10349,Technology,Accessories,Premium Accessories v5,704.6,6,0.2,66.59
351,CA-2024-100350,2023-01-18,2023-01-20,Second Class,CG-10077,Emily Burns,Consumer,United States,Miami,Washington,90001,West,PROD-10350,Office Supplies,Art,Premium Art v1,957.94,3,0.2,94.24
352,CA-2024-100351,2024-07-19,2024-07-23,Standard Class,CG-10076,Claire Gute,Corporate,United States,Chicago,Washington,90001,East,PROD-10351,Furniture,Furnishings,Premium Furnishings v2,525.02,1,0.0,153.62
353,CA-2024-100352,2024-07-23,2024-07-25,Standard Class,CG-10069,Emily Burns,Consumer,United States,New York City,Florida,90001,East,PROD-10352,Furniture,Tables,Premium Tables v3,552.8,8,0.3,26.1
354,CA-2024-100353,2023-11-19,2023-11-23,Second Class,CG-10101,Emily Burns,Consumer,United States,San Francisco,Florida,90001,West,PROD-10353,Technology,Copiers,Premium Copiers v4,1057.0,3,0.1,199.52
355,CA-2024-100354,2024-11-16,2024-11-20,First Class,CG-10092,Carol Adams,Consumer,United States,San Francisco,New York,90001,Central,PROD-10354,Technology,Machines,Premium Machines v5,1076.68,7,0.0,330.12
356,CA-2024-100355,2024-09-17,2024-09-19,Second Class,CG-10092,Julia Barnett,Consumer,United States,New York City,California,90001,West,PROD-10355,Technology,Copiers,Premium Copiers v1,297.85,6,0.2,53.54
357,CA-2024-100356,2023-10-15,2023-10-18,Standard Class,CG-10030,Carol Adams,Consumer,United States,San Francisco,New York,90001,South,PROD-10356,Furniture,Furnishings,Premium Furnishings v2,251.1,3,0.5,-49.86
358,CA-2024-100357,2024-10-24,2024-10-25,Standard Class,CG-10018,Aaron Bergman,Corporate,United States,New York City,Florida,90001,South,PROD-10357,Office Supplies,Art,Premium Art v3,603.04,6,0.0,165.48
359,CA-2024-100358,2024-09-30,2024-10-05,Standard Class,CG-10044,Claire Gute,Corporate,United States,Chicago,California,90001,South,PROD-10358,Office Supplies,Binders,Premium Binders v4,1081.83,3,0.0,310.28
360,CA-2024-100359,2023-06-04,2023-06-08,Second Class,CG-10099,Claire Gute,Corporate,United States,Seattle,New York,90001,South,PROD-10359,Furniture,Chairs,Premium Chairs v5,396.99,9,0.1,68.22
361,CA-2024-100360,2024-05-04,2024-05-09,Second Class,CG-10121,Julia Barnett,Corporate,United States,San Francisco,Texas,90001,West,PROD-10360,Office Supplies,Binders,Premium Binders v1,787.64,1,0.0,274.8
362,CA-2024-100361,2024-01-21,2024-01-23,Standard Class,CG-10115,Emily Burns,Corporate,United States,Houston,Texas,90001,South,PROD-10361,Technology,Copiers,Premium Copiers v2,854.16,8,0.3,26.05
363,CA-2024-100362,2023-04-14,2023-04-19,First Class,CG-10060,Carol Adams,Consumer,United States,Houston,California,90001,Central,PROD-10362,Office Supplies,Paper,Premium Paper v3,937.73,5,0.0,265.84
364,CA-2024-100363,2024-01-28,2024-01-30,Standard Class,CG-10146,Aaron Bergman,Consumer,United States,Chicago,Washington,90001,West,PROD-10363,Office Supplies,Storage,Premium Storage v4,683.25,4,0.2,75.7
365,CA-2024-100364,2023-09-03,2023-09-08,Same Day,CG-10056,Carol Adams,Consumer,United States,New York City,California,90001,South,PROD-10364,Office Supplies,Binders,Premium Binders v5,491.91,1,0.2,48.69
366,CA-2024-100365,2023-06-25,2023-06-26,Standard Class,CG-10031,Emily Burns,Home Office,United States,Houston,New York,90001,West,PROD-10365,Technology,Copiers,Premium Copiers v1,1160.91,9,0.1,252.64
367,CA-2024-100366,2023-02-08,2023-02-09,Standard Class,CG-10101,Emily Burns,Consumer,United States,Chicago,Illinois,90001,West,PROD-10366,Furniture,Furnishings,Premium Furnishings v2,739.43,9,0.0,238.43
368,CA-2024-100367,2024-04-21,2024-04-22,Standard Class,CG-10059,Sanford Allen,Consumer,United States,Miami,Texas,90001,West,PROD-10367,Technology,Phones,Premium Phones v3,878.35,5,0.0,277.18
369,CA-2024-100368,2024-11-12,2024-11-13,Standard Class,CG-10124,Carol Adams,Corporate,United States,Los Angeles,Illinois,90001,East,PROD-10368,Furniture,Furnishings,Premium Furnishings v4,423.8,9,0.0,129.16
370,CA-2024-100369,2024-06-21,2024-06-22,Standard Class,CG-10130,Julia Barnett,Consumer,United States,Houston,Texas,90001,South,PROD-10369,Furniture,Chairs,Premium Chairs v5,808.89,9,0.0,232.31
371,CA-2024-100370,2024-02-12,2024-02-13,Standard Class,CG-10097,Carol Adams,Home Office,United States,Los Angeles,New York,90001,East,PROD-10370,Furniture,Furnishings,Premium Furnishings v1,320.49,7,0.0,128.11
372,CA-2024-100371,2024-06-08,2024-06-10,Standard Class,CG-10107,Claire Gute,Home Office,United States,New York City,Texas,90001,Central,PROD-10371,Office Supplies,Supplies,Premium Supplies v2,305.44,8,0.3,41.59
373,CA-2024-100372,2024-05-20,2024-05-24,Second Class,CG-10018,Aaron Bergman,Consumer,United States,Houston,California,90001,Central,PROD-10372,Office Supplies,Appliances,Premium Appliances v3,861.95,1,0.0,304.68
374,CA-2024-100373,2023-02-05,2023-02-10,Standard Class,CG-10145,Julia Barnett,Consumer,United States,Chicago,Illinois,90001,East,PROD-10373,Furniture,Tables,Premium Tables v4,632.85,4,0.2,47.39
375,CA-2024-100374,2024-11-15,2024-11-16,Standard Class,CG-10071,Sanford Allen,Consumer,United States,Seattle,Florida,90001,South,PROD-10374,Furniture,Furnishings,Premium Furnishings v5,824.68,4,0.1,196.73
376,CA-2024-100375,2023-01-20,2023-01-22,Standard Class,CG-10106,Aaron Bergman,Corporate,United States,Houston,Illinois,90001,West,PROD-10375,Office Supplies,Appliances,Premium Appliances v1,334.28,9,0.2,64.28
377,CA-2024-100376,2023-11-17,2023-11-19,Second Class,CG-10054,Aaron Bergman,Consumer,United States,Houston,New York,90001,Central,PROD-10376,Technology,Phones,Premium Phones v2,724.49,3,0.5,-98.6
378,CA-2024-100377,2024-05-26,2024-05-28,Standard Class,CG-10094,Claire Gute,Corporate,United States,Houston,Florida,90001,Central,PROD-10377,Furniture,Furnishings,Premium Furnishings v3,541.06,1,0.0,160.02
379,CA-2024-100378,2024-02-04,2024-02-08,First Class,CG-10076,Claire Gute,Corporate,United States,Houston,Illinois,90001,Central,PROD-10378,Technology,Machines,Premium Machines v4,722.4,5,0.3,31.95
380,CA-2024-100379,2024-10-15,2024-10-20,Second Class,CG-10035,Claire Gute,Consumer,United States,Chicago,New York,90001,South,PROD-10379,Office Supplies,Supplies,Premium Supplies v5,359.69,7,0.2,19.79
381,CA-2024-100380,2024-04-15,2024-04-19,Standard Class,CG-10011,Julia Barnett,Consumer,United States,Chicago,Washington,90001,East,PROD-10380,Furniture,Bookcases,Premium Bookcases v1,862.81,4,0.3,24.19
382,CA-2024-100381,2023-05-23,2023-05-26,Standard Class,CG-10061,Carol Adams,Corporate,United States,Seattle,California,90001,East,PROD-10381,Technology,Machines,Premium Machines v2,970.03,9,0.2,101.56
383,CA-2024-100382,2023-04-02,2023-04-04,Standard Class,CG-10044,Aaron Bergman,Consumer,United States,Chicago,Texas,90001,South,PROD-10382,Technology,Copiers,Premium Copiers v3,323.0,6,0.1,98.42
384,CA-2024-100383,2023-12-20,2023-12-23,Standard Class,CG-10121,Carol Adams,Home Office,United States,Chicago,Texas,90001,Central,PROD-10383,Technology,Phones,Premium Phones v4,371.24,6,0.0,151.8
385,CA-2024-100384,2023-02-20,2023-02-21,First Class,CG-10068,Carol Adams,Consumer,United States,New York City,Texas,90001,South,PROD-10384,Office Supplies,Supplies,Premium Supplies v5,798.47,3,0.0,245.08
386,CA-2024-100385,2024-10-26,2024-10-27,First Class,CG-10025,Claire Gute,Corporate,United States,San Francisco,Washington,90001,South,PROD-10385,Office Supplies,Binders,Premium Binders v1,839.27,5,0.1,184.65
387,CA-2024-100386,2024-11-28,2024-12-02,Standard Class,CG-10084,Carol Adams,Home Office,United States,New York City,California,90001,East,PROD-10386,Technology,Accessories,Premium Accessories v2,849.36,6,0.5,-181.65
388,CA-2024-100387,2024-07-28,2024-08-02,Standard Class,CG-10114,Aaron Bergman,Home Office,United States,San Francisco,Illinois,90001,South,PROD-10387,Technology,Accessories,Premium Accessories v3,824.0,4,0.2,91.58
389,CA-2024-100388,2023-07-09,2023-07-12,Second Class,CG-10132,Aaron Bergman,Consumer,United States,Los Angeles,Illinois,90001,South,PROD-10388,Office Supplies,Supplies,Premium Supplies v4,480.48,3,0.0,149.4
390,CA-2024-100389,2023-05-05,2023-05-10,Second Class,CG-10001,Emily Burns,Consumer,United States,Seattle,California,90001,Central,PROD-10389,Technology,Phones,Premium Phones v5,482.9,5,0.3,-7.18
391,CA-2024-100390,2023-05-30,2023-06-03,Standard Class,CG-10131,Sanford Allen,Corporate,United States,San Francisco,Florida,90001,West,PROD-10390,Technology,Machines,Premium Machines v1,316.96,7,0.2,74.31
392,CA-2024-100391,2023-11-10,2023-11-11,Standard Class,CG-10086,Julia Barnett,Consumer,United States,New York City,California,90001,Central,PROD-10391,Office Supplies,Art,Premium Art v2,200.85,6,0.0,50.62
393,CA-2024-100392,2024-07-23,2024-07-28,Standard Class,CG-10062,Carol Adams,Consumer,United States,Seattle,Texas,90001,East,PROD-10392,Technology,Phones,Premium Phones v3,835.7,2,0.0,275.21
394,CA-2024-100393,2023-12-08,2023-12-13,First Class,CG-10064,Julia Barnett,Home Office,United States,Seattle,Illinois,90001,West,PROD-10393,Technology,Phones,Premium Phones v4,125.43,1,0.0,79.94
395,CA-2024-100394,2023-11-01,2023-11-02,Standard Class,CG-10145,Julia Barnett,Consumer,United States,Houston,California,90001,Central,PROD-10394,Technology,Phones,Premium Phones v5,1126.28,5,0.3,43.84
396,CA-2024-100395,2024-11-22,2024-11-25,Standard Class,CG-10126,Julia Barnett,Consumer,United States,Miami,Illinois,90001,South,PROD-10395,Office Supplies,Binders,Premium Binders v1,994.62,5,0.3,35.53
397,CA-2024-100396,2024-11-12,2024-11-13,First Class,CG-10105,Emily Burns,Consumer,United States,Miami,California,90001,South,PROD-10396,Technology,Copiers,Premium Copiers v2,1031.14,6,0.0,301.67
398,CA-2024-100397,2023-02-23,2023-02-28,Second Class,CG-10062,Julia Barnett,Corporate,United States,Miami,New York,90001,West,PROD-10397,Office Supplies,Appliances,Premium Appliances v3,1089.4,3,0.0,364.04
399,CA-2024-100398,2024-03-19,2024-03-22,First Class,CG-10035,Emily Burns,Corporate,United States,Seattle,Texas,90001,West,PROD-10398,Office Supplies,Storage,Premium Storage v4,499.2,1,0.2,49.28
400,CA-2024-100399,2024-09-04,2024-09-07,Standard Class,CG-10013,Aaron Bergman,Consumer,United States,Houston,California,90001,South,PROD-10399,Furniture,Bookcases,Premium Bookcases v5,1018.34,4,0.5,-159.1
401,CA-2024-100400,2023-09-21,2023-09-22,Standard Class,CG-10043,Carol Adams,Consumer,United States,Los Angeles,Washington,90001,East,PROD-10400,Furniture,Furnishings,Premium Furnishings v1,202.3,4,0.2,49.87
402,CA-2024-100401,2023-02-22,2023-02-27,First Class,CG-10130,Emily Burns,Consumer,United States,Los Angeles,California,90001,Central,PROD-10401,Technology,Machines,Premium Machines v2,40.65,2,0.2,39.03
403,CA-2024-100402,2024-07-25,2024-07-29,Standard Class,CG-10111,Sanford Allen,Corporate,United States,Miami,New York,90001,South,PROD-10402,Office Supplies,Art,Premium Art v3,945.1,8,0.0,269.48
404,CA-2024-100403,2024-09-11,2024-09-16,Standard Class,CG-10128,Julia Barnett,Consumer,United States,Los Angeles,Washington,90001,Central,PROD-10403,Furniture,Chairs,Premium Chairs v4,103.63,6,0.1,41.52
405,CA-2024-100404,2023-01-05,2023-01-07,Standard Class,CG-10051,Sanford Allen,Home Office,United States,Houston,Washington,90001,Central,PROD-10404,Technology,Phones,Premium Phones v5,1186.4,3,0.0,393.4
406,CA-2024-100405,2023-04-13,2023-04-17,Standard Class,CG-10144,Aaron Bergman,Consumer,United States,Miami,California,90001,Central,PROD-10405,Furniture,Bookcases,Premium Bookcases v1,814.63,1,0.3,40.31
407,CA-2024-100406,2023-07-15,2023-07-18,Standard Class,CG-10146,Aaron Bergman,Home Office,United States,San Francisco,New York,90001,Central,PROD-10406,Furniture,Chairs,Premium Chairs v2,907.84,3,0.0,254.36
408,CA-2024-100407,2023-12-16,2023-12-20,First Class,CG-10135,Claire Gute,Consumer,United States,San Francisco,Washington,90001,East,PROD-10407,Office Supplies,Art,Premium Art v3,306.28,8,0.3,45.74
409,CA-2024-100408,2023-02-16,2023-02-19,First Class,CG-10045,Julia Barnett,Corporate,United States,Houston,Texas,90001,East,PROD-10408,Office Supplies,Supplies,Premium Supplies v4,813.53,4,0.0,227.09
410,CA-2024-100409,2024-10-17,2024-10-20,First Class,CG-10042,Claire Gute,Consumer,United States,Los Angeles,Florida,90001,East,PROD-10409,Furniture,Bookcases,Premium Bookcases v5,66.22,3,0.3,23.02
411,CA-2024-100410,2023-09-26,2023-09-30,Standard Class,CG-10135,Sanford Allen,Consumer,United States,Miami,Texas,90001,South,PROD-10410,Furniture,Chairs,Premium Chairs v1,1007.82,4,0.0,330.88
412,CA-2024-100411,2024-01-05,2024-01-08,Standard Class,CG-10015,Carol Adams,Home Office,United States,San Francisco,Illinois,90001,South,PROD-10411,Office Supplies,Appliances,Premium Appliances v2,216.0,4,0.1,30.71
413,CA-2024-100412,2024-09-27,2024-09-30,Standard Class,CG-10060,Claire Gute,Home Office,United States,Houston,Illinois,90001,South,PROD-10412,Technology,Machines,Premium Machines v3,841.37,2,0.2,67.5
414,CA-2024-100413,2023-04-16,2023-04-18,First Class,CG-10040,Aaron Bergman,Consumer,United States,Chicago,New York,90001,East,PROD-10413,Office Supplies,Appliances,Premium Appliances v4,281.01,4,0.0,119.25
415,CA-2024-100414,2024-10-31,2024-11-05,Standard Class,CG-10112,Julia Barnett,Corporate,United States,San Francisco,Washington,90001,Central,PROD-10414,Furniture,Chairs,Premium Chairs v5,96.12,9,0.5,-12.3
416,CA-2024-100415,2024-10-20,2024-10-25,Second Class,CG-10077,Sanford Allen,Corporate,United States,Chicago,Texas,90001,East,PROD-10415,Technology,Phones,Premium Phones v1,585.57,4,0.1,104.61
417,CA-2024-100416,2024-10-18,2024-10-20,Second Class,CG-10105,Emily Burns,Home Office,United States,Houston,Texas,90001,South,PROD-10416,Furniture,Furnishings,Premium Furnishings v2,215.6,1,0.1,76.51
418,CA-2024-100417,2023-04-30,2023-05-04,Standard Class,CG-10107,Aaron Bergman,Consumer,United States,Houston,Florida,90001,West,PROD-10417,Technology,Copiers,Premium Copiers v3,879.39,1,0.3,39.44
419,CA-2024-100418,2024-08-26,2024-08-27,Standard Class,CG-10122,Emily Burns,Corporate,United States,New York City,New York,90001,South,PROD-10418,Furniture,Furnishings,Premium Furnishings v4,296.52,1,0.3,21.12
420,CA-2024-100419,2023-02-27,2023-02-28,Same Day,CG-10080,Carol Adams,Consumer,United States,San Francisco,Washington,90001,Central,PROD-10419,Technology,Machines,Premium Machines v5,420.83,5,0.1,75.45
421,CA-2024-100420,2023-12-12,2023-12-13,Same Day,CG-10125,Julia Barnett,Consumer,United States,New York City,New York,90001,East,PROD-10420,Technology,Copiers,Premium Copiers v1,687.42,6,0.5,-156.42
422,CA-2024-100421,2024-04-18,2024-04-20,Standard Class,CG-10134,Carol Adams,Home Office,United States,Seattle,California,90001,West,PROD-10421,Furniture,Chairs,Premium Chairs v2,352.69,6,0.0,134.86
423,CA-2024-100422,2023-04-27,2023-04-29,Standard Class,CG-10032,Carol Adams,Consumer,United States,San Francisco,Texas,90001,West,PROD-10422,Technology,Phones,Premium Phones v3,462.92,6,0.0,157.39
424,CA-2024-100423,2023-05-07,2023-05-10,Same Day,CG-10108,Julia Barnett,Consumer,United States,Miami,New York,90001,Central,PROD-10423,Office Supplies,Binders,Premium Binders v4,981.51,9,0.1,221.86
425,CA-2024-100424,2024-01-28,2024-01-29,Standard Class,CG-10114,Julia Barnett,Corporate,United States,Seattle,New York,90001,East,PROD-10424,Furniture,Furnishings,Premium Furnishings v5,227.36,1,0.0,105.13
426,CA-2024-100425,2024-10-02,2024-10-06,Standard Class,CG-10146,Emily Burns,Corporate,United States,Seattle,Florida,90001,West,PROD-10425,Office Supplies,Supplies,Premium Supplies v1,112.41,6,0.1,32.88
427,CA-2024-100426,2023-02-27,2023-03-03,Standard Class,CG-10068,Carol Adams,Consumer,United States,Los Angeles,California,90001,South,PROD-10426,Furniture,Bookcases,Premium Bookcases v2,404.1,8,0.0,109.95
428,CA-2024-100427,2024-09-25,2024-09-26,Standard Class,CG-10127,Sanford Allen,Consumer,United States,Chicago,Illinois,90001,Central,PROD-10427,Technology,Copiers,Premium Copiers v3,517.89,8,0.1,149.38
429,CA-2024-100428,2024-05-27,2024-05-28,Standard Class,CG-10135,Emily Burns,Home Office,United States,Los Angeles,Texas,90001,West,PROD-10428,Technology,Machines,Premium Machines v4,658.05,3,0.3,18.17
430,CA-2024-100429,2023-04-06,2023-04-07,Standard Class,CG-10114,Julia Barnett,Consumer,United States,Miami,Florida,90001,Central,PROD-10429,Technology,Copiers,Premium Copiers v5,456.32,5,0.1,114.33
431,CA-2024-100430,2024-09-29,2024-10-01,Standard Class,CG-10008,Aaron Bergman,Corporate,United States,Houston,New York,90001,East,PROD-10430,Furniture,Tables,Premium Tables v1,951.05,4,0.5,-144.87
432,CA-2024-100431,2023-04-28,2023-04-30,Standard Class,CG-10064,Emily Burns,Corporate,United States,New York City,Texas,90001,East,PROD-10431,Office Supplies,Storage,Premium Storage v2,61.59,1,0.2,51.37
433,CA-2024-100432,2024-07-13,2024-07-15,Same Day,CG-10135,Claire Gute,Consumer,United States,Miami,Illinois,90001,East,PROD-10432,Office Supplies,Supplies,Premium Supplies v3,526.64,9,0.0,178.04
434,CA-2024-100433,2024-08-23,2024-08-28,First Class,CG-10041,Sanford Allen,Home Office,United States,Houston,New York,90001,South,PROD-10433,Furniture,Tables,Premium Tables v4,467.97,5,0.0,141.22
435,CA-2024-100434,2024-05-02,2024-05-06,First Class,CG-10040,Emily Burns,Corporate,United States,Miami,California,90001,West,PROD-10434,Furniture,Furnishings,Premium Furnishings v5,782.38,2,0.0,284.51
436,CA-2024-100435,2023-08-25,2023-08-29,Second Class,CG-10003,Julia Barnett,Consumer,United States,Houston,Texas,90001,East,PROD-10435,Office Supplies,Supplies,Premium Supplies v1,1160.04,2,0.3,27.66
437,CA-2024-100436,2023-09-29,2023-10-02,Standard Class,CG-10145,Julia Barnett,Corporate,United States,San Francisco,Florida,90001,South,PROD-10436,Office Supplies,Binders,Premium Binders v2,619.79,7,0.0,194.53
438,CA-2024-100437,2023-07-08,2023-07-10,Standard Class,CG-10110,Sanford Allen,Corporate,United States,New York City,California,90001,East,PROD-10437,Office Supplies,Binders,Premium Binders v3,1184.45,4,0.0,374.52
439,CA-2024-100438,2024-03-22,2024-03-27,First Class,CG-10114,Claire Gute,Corporate,United States,Houston,Illinois,90001,East,PROD-10438,Office Supplies,Paper,Premium Paper v4,373.17,1,0.5,-65.53
440,CA-2024-100439,2024-08-03,2024-08-08,Standard Class,CG-10112,Emily Burns,Home Office,United States,Seattle,Illinois,90001,West,PROD-10439,Furniture,Tables,Premium Tables v5,51.58,5,0.2,47.34
441,CA-2024-100440,2023-09-04,2023-09-08,Standard Class,CG-10004,Emily Burns,Consumer,United States,Miami,Texas,90001,South,PROD-10440,Furniture,Tables,Premium Tables v1,211.31,2,0.0,77.17
442,CA-2024-100441,2023-03-17,2023-03-19,Second Class,CG-10134,Carol Adams,Consumer,United States,New York City,Illinois,90001,East,PROD-10441,Technology,Copiers,Premium Copiers v2,483.22,7,0.0,182.61
443,CA-2024-100442,2023-06-03,2023-06-06,Standard Class,CG-10026,Aaron Bergman,Consumer,United States,Houston,Washington,90001,South,PROD-10442,Office Supplies,Binders,Premium Binders v3,389.86,9,0.3,38.81
444,CA-2024-100443,2024-10-17,2024-10-19,Standard Class,CG-10139,Julia Barnett,Consumer,United States,Seattle,Florida,90001,South,PROD-10443,Technology,Machines,Premium Machines v4,130.01,1,0.3,37.7
445,CA-2024-100444,2024-03-10,2024-03-11,Same Day,CG-10017,Emily Burns,Consumer,United States,Seattle,Texas,90001,East,PROD-10444,Furniture,Bookcases,Premium Bookcases v5,527.7,2,0.0,188.86
446,CA-2024-100445,2023-03-27,2023-03-29,First Class,CG-10092,Emily Burns,Home Office,United States,San Francisco,Washington,90001,East,PROD-10445,Furniture,Bookcases,Premium Bookcases v1,415.67,6,0.1,122.98
447,CA-2024-100446,2024-11-27,2024-11-28,Standard Class,CG-10031,Emily Burns,Corporate,United States,Chicago,Illinois,90001,Central,PROD-10446,Technology,Accessories,Premium Accessories v2,160.3,8,0.3,7.11
448,CA-2024-100447,2023-10-12,2023-10-13,Same Day,CG-10144,Claire Gute,Corporate,United States,Seattle,Texas,90001,West,PROD-10447,Office Supplies,Storage,Premium Storage v3,365.9,7,0.2,24.62
449,CA-2024-100448,2023-08-08,2023-08-11,Second Class,CG-10107,Aaron Bergman,Corporate,United States,Los Angeles,Washington,90001,East,PROD-10448,Office Supplies,Supplies,Premium Supplies v4,1065.43,9,0.3,38.97
450,CA-2024-100449,2023-03-10,2023-03-14,Second Class,CG-10146,Emily Burns,Home Office,United States,New York City,Illinois,90001,Central,PROD-10449,Office Supplies,Paper,Premium Paper v5,372.93,2,0.1,89.46
451,CA-2024-100450,2023-02-16,2023-02-18,Standard Class,CG-10111,Sanford Allen,Consumer,United States,New York City,New York,90001,West,PROD-10450,Office Supplies,Binders,Premium Binders v1,861.04,9,0.5,-183.29
452,CA-2024-100451,2023-04-04,2023-04-05,Standard Class,CG-10101,Julia Barnett,Home Office,United States,New York City,New York,90001,East,PROD-10451,Technology,Machines,Premium Machines v2,740.28,4,0.0,210.16
453,CA-2024-100452,2024-03-28,2024-03-30,Second Class,CG-10112,Carol Adams,Consumer,United States,Houston,California,90001,South,PROD-10452,Technology,Machines,Premium Machines v3,521.21,3,0.0,147.51
454,CA-2024-100453,2023-07-23,2023-07-27,First Class,CG-10062,Sanford Allen,Home Office,United States,Miami,New York,90001,West,PROD-10453,Furniture,Chairs,Premium Chairs v4,298.25,7,0.2,62.39
455,CA-2024-100454,2023-08-06,2023-08-10,Second Class,CG-10112,Julia Barnett,Corporate,United States,Houston,Washington,90001,South,PROD-10454,Office Supplies,Storage,Premium Storage v5,452.28,5,0.1,120.22
456,CA-2024-100455,2024-04-18,2024-04-23,Standard Class,CG-10116,Claire Gute,Consumer,United States,Los Angeles,Florida,90001,Central,PROD-10455,Office Supplies,Binders,Premium Binders v1,716.65,5,0.3,-5.73
457,CA-2024-100456,2024-03-07,2024-03-11,Standard Class,CG-10035,Aaron Bergman,Corporate,United States,Miami,New York,90001,East,PROD-10456,Office Supplies,Appliances,Premium Appliances v2,430.64,2,0.0,168.48
458,CA-2024-100457,2023-12-07,2023-12-10,First Class,CG-10028,Aaron Bergman,Corporate,United States,San Francisco,Texas,90001,Central,PROD-10457,Technology,Machines,Premium Machines v3,269.65,6,0.3,-0.31
459,CA-2024-100458,2024-07-04,2024-07-05,Standard Class,CG-10103,Julia Barnett,Consumer,United States,Seattle,Texas,90001,East,PROD-10458,Office Supplies,Supplies,Premium Supplies v4,153.01,6,0.0,81.41
460,CA-2024-100459,2024-09-03,2024-09-08,Standard Class,CG-10125,Sanford Allen,Corporate,United States,Houston,Texas,90001,East,PROD-10459,Technology,Machines,Premium Machines v5,1057.52,4,0.2,119.97
461,CA-2024-100460,2023-10-16,2023-10-19,Standard Class,CG-10102,Carol Adams,Consumer,United States,Miami,New York,90001,South,PROD-10460,Office Supplies,Paper,Premium Paper v1,536.77,5,0.0,192.24
462,CA-2024-100461,2023-09-11,2023-09-13,Standard Class,CG-10137,Claire Gute,Consumer,United States,Seattle,New York,90001,Central,PROD-10461,Office Supplies,Appliances,Premium Appliances v2,755.87,7,0.2,82.28
463,CA-2024-100462,2023-12-23,2023-12-24,Second Class,CG-10143,Julia Barnett,Home Office,United States,Miami,California,90001,South,PROD-10462,Furniture,Furnishings,Premium Furnishings v3,596.14,8,0.2,63.91
464,CA-2024-100463,2023-01-23,2023-01-27,Second Class,CG-10021,Claire Gute,Corporate,United States,Seattle,Florida,90001,South,PROD-10463,Office Supplies,Binders,Premium Binders v4,1048.99,6,0.0,353.59
465,CA-2024-100464,2024-06-05,2024-06-06,Standard Class,CG-10052,Aaron Bergman,Home Office,United States,Miami,Florida,90001,South,PROD-10464,Office Supplies,Art,Premium Art v5,663.12,5,0.0,181.41
466,CA-2024-100465,2023-04-10,2023-04-12,Standard Class,CG-10097,Emily Burns,Corporate,United States,Houston,Illinois,90001,Central,PROD-10465,Furniture,Bookcases,Premium Bookcases v1,584.73,3,0.1,165.18
467,CA-2024-100466,2023-06-29,2023-07-04,First Class,CG-10051,Emily Burns,Consumer,United States,Houston,California,90001,East,PROD-10466,Technology,Accessories,Premium Accessories v2,1110.65,7,0.3,25.37
468,CA-2024-100467,2023-08-11,2023-08-16,Standard Class,CG-10083,Carol Adams,Corporate,United States,Los Angeles,Washington,90001,East,PROD-10467,Technology,Copiers,Premium Copiers v3,867.83,8,0.0,270.62
469,CA-2024-100468,2024-10-20,2024-10-25,Standard Class,CG-10055,Claire Gute,Corporate,United States,San Francisco,Texas,90001,Central,PROD-10468,Office Supplies,Paper,Premium Paper v4,147.19,3,0.0,68.12
470,CA-2024-100469,2024-03-17,2024-03-21,Same Day,CG-10077,Julia Barnett,Home Office,United States,San Francisco,New York,90001,East,PROD-10469,Technology,Accessories,Premium Accessories v5,225.58,5,0.0,56.27
471,CA-2024-100470,2024-08-30,2024-09-02,Standard Class,CG-10127,Carol Adams,Consumer,United States,Chicago,Illinois,90001,Central,PROD-10470,Office Supplies,Appliances,Premium Appliances v1,947.74,2,0.5,-173.56
472,CA-2024-100471,2023-11-21,2023-11-24,First Class,CG-10093,Sanford Allen,Home Office,United States,New York City,Illinois,90001,Central,PROD-10471,Furniture,Furnishings,Premium Furnishings v2,1005.48,4,0.0,350.6
473,CA-2024-100472,2024-05-30,2024-05-31,Standard Class,CG-10088,Emily Burns,Home Office,United States,Houston,New York,90001,East,PROD-10472,Furniture,Furnishings,Premium Furnishings v3,661.05,4,0.0,194.78
474,CA-2024-100473,2023-01-16,2023-01-20,Standard Class,CG-10080,Julia Barnett,Corporate,United States,Houston,California,90001,West,PROD-10473,Office Supplies,Appliances,Premium Appliances v4,672.03,8,0.2,97.76
475,CA-2024-100474,2023-12-02,2023-12-07,Standard Class,CG-10092,Claire Gute,Home Office,United States,Seattle,Illinois,90001,South,PROD-10474,Furniture,Furnishings,Premium Furnishings v5,763.84,3,0.2,86.83
476,CA-2024-100475,2023-09-15,2023-09-20,Same Day,CG-10047,Carol Adams,Consumer,United States,Chicago,Florida,90001,Central,PROD-10475,Furniture,Tables,Premium Tables v1,535.35,5,0.0,186.28
477,CA-2024-100476,2024-05-11,2024-05-13,Standard Class,CG-10038,Julia Barnett,Home Office,United States,San Francisco,California,90001,Central,PROD-10476,Office Supplies,Storage,Premium Storage v2,821.04,5,0.5,-169.87
478,CA-2024-100477,2023-06-09,2023-06-11,Standard Class,CG-10139,Carol Adams,Corporate,United States,Houston,New York,90001,West,PROD-10477,Office Supplies,Binders,Premium Binders v3,143.55,2,0.2,27.29
479,CA-2024-100478,2024-04-19,2024-04-24,Same Day,CG-10015,Carol Adams,Consumer,United States,Miami,California,90001,Central,PROD-10478,Furniture,Tables,Premium Tables v4,1154.12,9,0.1,279.43
480,CA-2024-100479,2024-10-25,2024-10-30,Standard Class,CG-10001,Carol Adams,Home Office,United States,San Francisco,Florida,90001,Central,PROD-10479,Technology,Machines,Premium Machines v5,903.93,4,0.0,264.85
481,CA-2024-100480,2024-11-20,2024-11-24,Standard Class,CG-10135,Claire Gute,Consumer,United States,Chicago,Texas,90001,East,PROD-10480,Technology,Copiers,Premium Copiers v1,762.94,9,0.3,24.55
482,CA-2024-100481,2024-11-05,2024-11-08,Standard Class,CG-10001,Julia Barnett,Consumer,United States,New York City,New York,90001,East,PROD-10481,Office Supplies,Binders,Premium Binders v2,389.84,9,0.0,137.24
483,CA-2024-100482,2024-01-15,2024-01-17,Second Class,CG-10049,Aaron Bergman,Corporate,United States,Miami,Florida,90001,West,PROD-10482,Office Supplies,Paper,Premium Paper v3,205.73,2,0.0,81.27
484,CA-2024-100483,2024-06-28,2024-07-01,Standard Class,CG-10096,Aaron Bergman,Consumer,United States,Seattle,New York,90001,Central,PROD-10483,Technology,Copiers,Premium Copiers v4,500.07,9,0.0,173.08
485,CA-2024-100484,2024-11-21,2024-11-25,Standard Class,CG-10026,Claire Gute,Consumer,United States,Los Angeles,Florida,90001,South,PROD-10484,Furniture,Furnishings,Premium Furnishings v5,798.97,9,0.2,95.05
486,CA-2024-100485,2024-03-02,2024-03-07,Standard Class,CG-10087,Claire Gute,Home Office,United States,Miami,Florida,90001,East,PROD-10485,Technology,Phones,Premium Phones v1,765.95,2,0.1,134.38
487,CA-2024-100486,2024-09-04,2024-09-07,Standard Class,CG-10093,Emily Burns,Consumer,United States,San Francisco,Illinois,90001,South,PROD-10486,Technology,Accessories,Premium Accessories v2,468.43,6,0.2,89.85
488,CA-2024-100487,2023-09-25,2023-09-30,Same Day,CG-10102,Carol Adams,Consumer,United States,New York City,Illinois,90001,South,PROD-10487,Technology,Accessories,Premium Accessories v3,741.74,9,0.0,260.41
489,CA-2024-100488,2024-07-30,2024-08-04,First Class,CG-10071,Julia Barnett,Consumer,United States,Miami,Illinois,90001,West,PROD-10488,Technology,Machines,Premium Machines v4,979.29,4,0.2,90.12
490,CA-2024-100489,2024-02-21,2024-02-22,Second Class,CG-10140,Julia Barnett,Consumer,United States,Chicago,Texas,90001,West,PROD-10489,Office Supplies,Appliances,Premium Appliances v5,46.15,2,0.2,13.54
491,CA-2024-100490,2023-06-17,2023-06-20,First Class,CG-10095,Sanford Allen,Corporate,United States,Chicago,Texas,90001,Central,PROD-10490,Office Supplies,Paper,Premium Paper v1,548.99,7,0.0,198.64
492,CA-2024-100491,2023-02-12,2023-02-15,Second Class,CG-10118,Sanford Allen,Corporate,United States,New York City,Florida,90001,West,PROD-10491,Furniture,Tables,Premium Tables v2,913.89,9,0.3,48.6
493,CA-2024-100492,2024-07-09,2024-07-14,Standard Class,CG-10148,Aaron Bergman,Home Office,United States,San Francisco,Washington,90001,East,PROD-10492,Furniture,Tables,Premium Tables v3,662.18,6,0.0,245.23
494,CA-2024-100493,2023-10-12,2023-10-16,Second Class,CG-10119,Sanford Allen,Corporate,United States,Chicago,New York,90001,Central,PROD-10493,Furniture,Furnishings,Premium Furnishings v4,787.0,4,0.2,121.66
495,CA-2024-100494,2024-02-01,2024-02-02,Standard Class,CG-10051,Sanford Allen,Consumer,United States,Miami,Illinois,90001,Central,PROD-10494,Furniture,Chairs,Premium Chairs v5,627.26,1,0.0,179.26
496,CA-2024-100495,2023-01-12,2023-01-17,Standard Class,CG-10081,Aaron Bergman,Home Office,United States,Los Angeles,New York,90001,South,PROD-10495,Technology,Copiers,Premium Copiers v1,1190.37,4,0.1,282.09
497,CA-2024-100496,2024-08-29,2024-08-31,First Class,CG-10036,Emily Burns,Corporate,United States,Miami,Florida,90001,South,PROD-10496,Office Supplies,Supplies,Premium Supplies v2,79.73,3,0.5,25.55
498,CA-2024-100497,2023-10-29,2023-10-31,Standard Class,CG-10067,Aaron Bergman,Corporate,United States,Los Angeles,California,90001,South,PROD-10497,Office Supplies,Supplies,Premium Supplies v3,596.89,7,0.5,-112.99
499,CA-2024-100498,2023-09-10,2023-09-11,First Class,CG-10129,Sanford Allen,Corporate,United States,Chicago,Florida,90001,Central,PROD-10498,Furniture,Chairs,Premium Chairs v4,123.33,5,0.0,44.62
500,CA-2024-100499,2024-05-13,2024-05-17,Standard Class,CG-10114,Julia Barnett,Home Office,United States,Miami,Texas,90001,West,PROD-10499,Furniture,Furnishings,Premium Furnishings v5,204.35,3,0.1,53.06
501,CA-2024-100500,2023-02-04,2023-02-09,Second Class,CG-10111,Sanford Allen,Corporate,United States,Chicago,Washington,90001,West,PROD-10500,Technology,Machines,Premium Machines v1,468.9,2,0.0,166.6
502,CA-2024-100501,2023-03-31,2023-04-03,Standard Class,CG-10142,Carol Adams,Consumer,United States,San Francisco,California,90001,West,PROD-10501,Technology,Copiers,Premium Copiers v2,199.32,2,0.3,-1.74
503,CA-2024-100502,2024-08-27,2024-08-28,Second Class,CG-10100,Carol Adams,Corporate,United States,Los Angeles,New York,90001,Central,PROD-10502,Furniture,Furnishings,Premium Furnishings v3,1156.97,5,0.1,213.0
504,CA-2024-100503,2024-08-24,2024-08-28,Second Class,CG-10109,Carol Adams,Consumer,United States,San Francisco,Texas,90001,Central,PROD-10503,Office Supplies,Art,Premium Art v4,1136.95,8,0.0,330.97
505,CA-2024-100504,2024-02-22,2024-02-25,Standard Class,CG-10120,Emily Burns,Consumer,United States,Chicago,Illinois,90001,Central,PROD-10504,Office Supplies,Paper,Premium Paper v5,413.29,8,0.0,134.8
506,CA-2024-100505,2023-04-25,2023-04-27,Standard Class,CG-10079,Claire Gute,Consumer,United States,Houston,California,90001,Central,PROD-10505,Office Supplies,Binders,Premium Binders v1,773.1,5,0.5,-154.88
507,CA-2024-100506,2024-09-08,2024-09-10,Standard Class,CG-10134,Carol Adams,Consumer,United States,Seattle,Texas,90001,Central,PROD-10506,Furniture,Chairs,Premium Chairs v2,647.5,2,0.1,163.02
508,CA-2024-100507,2023-07-15,2023-07-18,Standard Class,CG-10019,Julia Barnett,Consumer,United States,Miami,New York,90001,West,PROD-10507,Office Supplies,Storage,Premium Storage v3,981.47,4,0.0,281.91
509,CA-2024-100508,2024-05-15,2024-05-16,Second Class,CG-10127,Emily Burns,Consumer,United States,Houston,Florida,90001,Central,PROD-10508,Technology,Accessories,Premium Accessories v4,758.52,7,0.0,271.78
510,CA-2024-100509,2024-09-17,2024-09-19,First Class,CG-10029,Claire Gute,Corporate,United States,San Francisco,New York,90001,West,PROD-10509,Technology,Copiers,Premium Copiers v5,15.3,6,0.0,47.26
511,CA-2024-100510,2024-05-07,2024-05-12,Standard Class,CG-10024,Claire Gute,Home Office,United States,Chicago,California,90001,Central,PROD-10510,Furniture,Tables,Premium Tables v1,919.36,7,0.2,135.55
512,CA-2024-100511,2023-03-16,2023-03-19,Second Class,CG-10010,Carol Adams,Home Office,United States,Chicago,California,90001,West,PROD-10511,Technology,Phones,Premium Phones v2,900.02,5,0.5,-148.23
513,CA-2024-100512,2024-02-17,2024-02-20,First Class,CG-10105,Sanford Allen,Consumer,United States,Seattle,Florida,90001,East,PROD-10512,Furniture,Tables,Premium Tables v3,619.02,2,0.3,-12.51
514,CA-2024-100513,2024-01-11,2024-01-13,Standard Class,CG-10145,Aaron Bergman,Corporate,United States,Chicago,California,90001,East,PROD-10513,Office Supplies,Storage,Premium Storage v4,1084.96,8,0.1,227.66
515,CA-2024-100514,2024-02-24,2024-02-25,Second Class,CG-10055,Sanford Allen,Home Office,United States,Seattle,Washington,90001,West,PROD-10514,Office Supplies,Supplies,Premium Supplies v5,1091.51,2,0.3,-10.8
516,CA-2024-100515,2023-10-04,2023-10-09,First Class,CG-10147,Sanford Allen,Consumer,United States,Miami,Illinois,90001,East,PROD-10515,Office Supplies,Paper,Premium Paper v1,635.84,8,0.1,176.31
517,CA-2024-100516,2024-11-06,2024-11-07,Standard Class,CG-10002,Claire Gute,Corporate,United States,Los Angeles,Texas,90001,East,PROD-10516,Technology,Accessories,Premium Accessories v2,735.47,7,0.0,223.95
518,CA-2024-100517,2024-01-29,2024-02-02,Standard Class,CG-10147,Claire Gute,Corporate,United States,Seattle,Florida,90001,West,PROD-10517,Furniture,Bookcases,Premium Bookcases v3,1195.88,3,0.5,-218.2
519,CA-2024-100518,2024-04-01,2024-04-05,Standard Class,CG-10135,Emily Burns,Consumer,United States,Seattle,New York,90001,Central,PROD-10518,Office Supplies,Appliances,Premium Appliances v4,369.1,4,0.0,145.29
520,CA-2024-100519,2023-07-11,2023-07-13,Same Day,CG-10111,Emily Burns,Home Office,United States,Houston,New York,90001,Central,PROD-10519,Furniture,Chairs,Premium Chairs v5,399.67,7,0.0,164.34
521,CA-2024-100520,2024-11-19,2024-11-21,First Class,CG-10038,Claire Gute,Home Office,United States,Chicago,Illinois,90001,West,PROD-10520,Office Supplies,Supplies,Premium Supplies v1,231.59,4,0.5,-13.43
522,CA-2024-100521,2023-04-09,2023-04-11,Second Class,CG-10131,Julia Barnett,Consumer,United States,Miami,California,90001,South,PROD-10521,Technology,Machines,Premium Machines v2,1076.6,9,0.0,350.2
523,CA-2024-100522,2024-07-01,2024-07-05,Standard Class,CG-10102,Julia Barnett,Consumer,United States,Los Angeles,California,90001,South,PROD-10522,Technology,Phones,Premium Phones v3,897.22,7,0.2,102.34
524,CA-2024-100523,2023-04-06,2023-04-07,Standard Class,CG-10095,Aaron Bergman,Consumer,United States,New York City,New York,90001,East,PROD-10523,Furniture,Chairs,Premium Chairs v4,140.19,1,0.5,-5.66
525,CA-2024-100524,2024-10-25,2024-10-26,Standard Class,CG-10092,Claire Gute,Consumer,United States,San Francisco,Illinois,90001,South,PROD-10524,Technology,Accessories,Premium Accessories v5,1178.39,1,0.1,222.27
526,CA-2024-100525,2024-10-24,2024-10-26,Standard Class,CG-10071,Carol Adams,Corporate,United States,Seattle,New York,90001,East,PROD-10525,Technology,Accessories,Premium Accessories v1,881.19,4,0.0,306.23
527,CA-2024-100526,2023-07-09,2023-07-14,Second Class,CG-10024,Emily Burns,Corporate,United States,New York City,California,90001,Central,PROD-10526,Furniture,Chairs,Premium Chairs v2,1022.87,9,0.0,324.93
528,CA-2024-100527,2023-02-06,2023-02-07,Same Day,CG-10068,Claire Gute,Consumer,United States,Chicago,Florida,90001,West,PROD-10527,Office Supplies,Art,Premium Art v3,72.06,4,0.0,4.43
529,CA-2024-100528,2024-01-04,2024-01-08,First Class,CG-10128,Julia Barnett,Home Office,United States,San Francisco,Texas,90001,Central,PROD-10528,Technology,Copiers,Premium Copiers v4,613.38,5,0.1,167.07
530,CA-2024-100529,2024-11-25,2024-11-28,Second Class,CG-10093,Claire Gute,Consumer,United States,Seattle,California,90001,West,PROD-10529,Furniture,Furnishings,Premium Furnishings v5,842.84,1,0.2,98.54
531,CA-2024-100530,2024-06-08,2024-06-11,Standard Class,CG-10044,Julia Barnett,Consumer,United States,New York City,Florida,90001,South,PROD-10530,Technology,Accessories,Premium Accessories v1,658.39,2,0.1,172.48
532,CA-2024-100531,2023-10-06,2023-10-09,Standard Class,CG-10133,Claire Gute,Consumer,United States,Houston,Texas,90001,Central,PROD-10531,Technology,Machines,Premium Machines v2,804.98,4,0.1,200.98
533,CA-2024-100532,2023-08-05,2023-08-10,Standard Class,CG-10055,Carol Adams,Corporate,United States,New York City,Washington,90001,Central,PROD-10532,Technology,Machines,Premium Machines v3,984.18,4,0.1,233.94
534,CA-2024-100533,2023-09-30,2023-10-02,Second Class,CG-10029,Aaron Bergman,Consumer,United States,San Francisco,Illinois,90001,East,PROD-10533,Technology,Phones,Premium Phones v4,458.59,6,0.1,76.02
535,CA-2024-100534,2023-03-03,2023-03-07,First Class,CG-10037,Carol Adams,Consumer,United States,Houston,Florida,90001,West,PROD-10534,Furniture,Bookcases,Premium Bookcases v5,1020.67,6,0.3,-2.71
536,CA-2024-100535,2024-08-18,2024-08-23,Standard Class,CG-10115,Julia Barnett,Consumer,United States,San Francisco,Washington,90001,South,PROD-10535,Furniture,Bookcases,Premium Bookcases v1,208.06,8,0.0,103.71
537,CA-2024-100536,2023-12-08,2023-12-12,Standard Class,CG-10003,Emily Burns,Home Office,United States,Los Angeles,California,90001,Central,PROD-10536,Furniture,Chairs,Premium Chairs v2,336.0,9,0.3,42.93
538,CA-2024-100537,2024-02-01,2024-02-05,Standard Class,CG-10122,Emily Burns,Home Office,United States,Chicago,Illinois,90001,West,PROD-10537,Technology,Copiers,Premium Copiers v3,66.36,1,0.1,25.34
539,CA-2024-100538,2024-11-29,2024-12-01,Standard Class,CG-10043,Sanford Allen,Consumer,United States,Miami,Florida,90001,South,PROD-10538,Technology,Phones,Premium Phones v4,446.85,1,0.0,144.86
540,CA-2024-100539,2023-01-19,2023-01-22,Standard Class,CG-10007,Carol Adams,Consumer,United States,New York City,California,90001,Central,PROD-10539,Technology,Machines,Premium Machines v5,465.19,6,0.0,131.82
541,CA-2024-100540,2023-06-26,2023-06-28,Standard Class,CG-10125,Claire Gute,Corporate,United States,Seattle,Illinois,90001,West,PROD-10540,Furniture,Chairs,Premium Chairs v1,969.25,4,0.0,338.56
542,CA-2024-100541,2024-09-03,2024-09-08,Standard Class,CG-10049,Aaron Bergman,Corporate,United States,San Francisco,Illinois,90001,East,PROD-10541,Technology,Copiers,Premium Copiers v2,788.96,4,0.2,73.82
543,CA-2024-100542,2024-01-31,2024-02-05,First Class,CG-10121,Claire Gute,Consumer,United States,San Francisco,California,90001,Central,PROD-10542,Office Supplies,Appliances,Premium Appliances v3,532.52,1,0.0,153.12
544,CA-2024-100543,2024-03-20,2024-03-25,Standard Class,CG-10073,Claire Gute,Home Office,United States,Chicago,California,90001,West,PROD-10543,Technology,Accessories,Premium Accessories v4,787.76,9,0.5,-131.3
545,CA-2024-100544,2023-08-21,2023-08-23,Standard Class,CG-10041,Carol Adams,Corporate,United States,New York City,Florida,90001,South,PROD-10544,Office Supplies,Supplies,Premium Supplies v5,77.55,3,0.1,12.51
546,CA-2024-100545,2023-03-17,2023-03-21,Standard Class,CG-10106,Aaron Bergman,Consumer,United States,Seattle,Illinois,90001,South,PROD-10545,Technology,Accessories,Premium Accessories v1,228.62,5,0.5,-0.01
547,CA-2024-100546,2023-09-22,2023-09-26,Standard Class,CG-10077,Sanford Allen,Corporate,United States,Seattle,Florida,90001,East,PROD-10546,Furniture,Tables,Premium Tables v2,757.93,1,0.0,208.14
548,CA-2024-100547,2024-03-30,2024-03-31,Standard Class,CG-10127,Claire Gute,Home Office,United States,San Francisco,Illinois,90001,Central,PROD-10547,Technology,Copiers,Premium Copiers v3,775.02,8,0.0,212.91
549,CA-2024-100548,2024-01-19,2024-01-24,Standard Class,CG-10091,Aaron Bergman,Corporate,United States,Miami,Florida,90001,East,PROD-10548,Office Supplies,Storage,Premium Storage v4,932.35,3,0.0,295.05
550,CA-2024-100549,2024-07-17,2024-07-21,Standard Class,CG-10008,Sanford Allen,Consumer,United States,San Francisco,California,90001,West,PROD-10549,Office Supplies,Paper,Premium Paper v5,492.55,1,0.0,161.93
551,CA-2024-100550,2024-05-20,2024-05-21,Standard Class,CG-10032,Claire Gute,Consumer,United States,Miami,California,90001,South,PROD-10550,Technology,Accessories,Premium Accessories v1,871.23,6,0.3,-8.56
552,CA-2024-100551,2024-01-02,2024-01-06,Second Class,CG-10064,Aaron Bergman,Consumer,United States,San Francisco,New York,90001,East,PROD-10551,Office Supplies,Storage,Premium Storage v2,825.52,1,0.0,262.27
553,CA-2024-100552,2023-05-24,2023-05-29,Standard Class,CG-10138,Carol Adams,Consumer,United States,San Francisco,Florida,90001,Central,PROD-10552,Office Supplies,Storage,Premium Storage v3,1156.62,3,0.1,240.14
554,CA-2024-100553,2023-03-10,2023-03-13,First Class,CG-10013,Emily Burns,Corporate,United States,Seattle,New York,90001,West,PROD-10553,Furniture,Chairs,Premium Chairs v4,269.93,5,0.0,123.3
555,CA-2024-100554,2023-04-09,2023-04-14,Standard Class,CG-10093,Emily Burns,Home Office,United States,Miami,New York,90001,Central,PROD-10554,Technology,Machines,Premium Machines v5,668.74,4,0.1,114.4
556,CA-2024-100555,2024-01-31,2024-02-02,Standard Class,CG-10061,Claire Gute,Corporate,United States,Seattle,Washington,90001,East,PROD-10555,Technology,Accessories,Premium Accessories v1,728.09,7,0.3,48.34
557,CA-2024-100556,2023-01-25,2023-01-29,Standard Class,CG-10008,Claire Gute,Home Office,United States,New York City,Illinois,90001,South,PROD-10556,Technology,Phones,Premium Phones v2,1198.4,6,0.2,143.55
558,CA-2024-100557,2024-04-13,2024-04-17,Standard Class,CG-10029,Aaron Bergman,Consumer,United States,San Francisco,Texas,90001,South,PROD-10557,Office Supplies,Art,Premium Art v3,253.4,3,0.2,15.97
559,CA-2024-100558,2024-04-28,2024-04-30,First Class,CG-10095,Emily Burns,Home Office,United States,Los Angeles,Washington,90001,East,PROD-10558,Technology,Copiers,Premium Copiers v4,635.01,8,0.0,173.78
560,CA-2024-100559,2024-07-18,2024-07-20,Second Class,CG-10041,Claire Gute,Corporate,United States,Miami,Illinois,90001,Central,PROD-10559,Technology,Phones,Premium Phones v5,425.23,8,0.5,-67.38
561,CA-2024-100560,2023-05-31,2023-06-03,First Class,CG-10149,Sanford Allen,Consumer,United States,Houston,Texas,90001,Central,PROD-10560,Furniture,Bookcases,Premium Bookcases v1,638.18,2,0.2,60.26
562,CA-2024-100561,2023-05-24,2023-05-28,First Class,CG-10011,Claire Gute,Corporate,United States,Houston,New York,90001,Central,PROD-10561,Furniture,Furnishings,Premium Furnishings v2,290.07,7,0.1,59.1
563,CA-2024-100562,2024-07-22,2024-07-26,Second Class,CG-10002,Emily Burns,Consumer,United States,Houston,Texas,90001,Central,PROD-10562,Furniture,Bookcases,Premium Bookcases v3,71.42,1,0.1,11.44
564,CA-2024-100563,2023-02-08,2023-02-11,Standard Class,CG-10131,Julia Barnett,Corporate,United States,Los Angeles,California,90001,South,PROD-10563,Office Supplies,Art,Premium Art v4,693.49,2,0.5,-113.19
565,CA-2024-100564,2023-04-19,2023-04-20,Standard Class,CG-10080,Emily Burns,Corporate,United States,Seattle,California,90001,Central,PROD-10564,Technology,Machines,Premium Machines v5,412.99,8,0.1,101.35
566,CA-2024-100565,2024-11-23,2024-11-26,Same Day,CG-10087,Sanford Allen,Consumer,United States,Seattle,Florida,90001,East,PROD-10565,Furniture,Chairs,Premium Chairs v1,230.6,1,0.2,8.52
567,CA-2024-100566,2023-02-11,2023-02-16,Second Class,CG-10106,Aaron Bergman,Corporate,United States,Chicago,Illinois,90001,East,PROD-10566,Furniture,Tables,Premium Tables v2,398.86,2,0.1,96.63
568,CA-2024-100567,2023-07-05,2023-07-09,Standard Class,CG-10139,Sanford Allen,Corporate,United States,Houston,Washington,90001,East,PROD-10567,Furniture,Bookcases,Premium Bookcases v3,73.4,1,0.0,57.4
569,CA-2024-100568,2024-02-02,2024-02-04,Second Class,CG-10017,Julia Barnett,Consumer,United States,Houston,New York,90001,East,PROD-10568,Technology,Machines,Premium Machines v4,1141.27,5,0.2,99.81
570,CA-2024-100569,2023-08-11,2023-08-16,Standard Class,CG-10023,Julia Barnett,Consumer,United States,Seattle,Illinois,90001,Central,PROD-10569,Technology,Copiers,Premium Copiers v5,703.66,7,0.2,112.65
571,CA-2024-100570,2024-09-25,2024-09-29,Standard Class,CG-10048,Claire Gute,Consumer,United States,Houston,New York,90001,South,PROD-10570,Technology,Copiers,Premium Copiers v1,980.5,6,0.1,216.58
572,CA-2024-100571,2023-05-13,2023-05-16,Standard Class,CG-10020,Claire Gute,Corporate,United States,Seattle,California,90001,West,PROD-10571,Office Supplies,Supplies,Premium Supplies v2,516.4,6,0.2,98.18
573,CA-2024-100572,2023-06-12,2023-06-17,Second Class,CG-10002,Emily Burns,Home Office,United States,San Francisco,Washington,90001,Central,PROD-10572,Office Supplies,Appliances,Premium Appliances v3,1085.43,6,0.0,316.0
574,CA-2024-100573,2023-08-03,2023-08-07,First Class,CG-10088,Carol Adams,Home Office,United States,San Francisco,Washington,90001,West,PROD-10573,Furniture,Furnishings,Premium Furnishings v4,587.73,8,0.2,108.32
575,CA-2024-100574,2023-08-23,2023-08-24,Standard Class,CG-10031,Sanford Allen,Corporate,United States,Seattle,California,90001,South,PROD-10574,Technology,Accessories,Premium Accessories v5,695.13,5,0.5,-113.93
576,CA-2024-100575,2024-10-19,2024-10-20,Standard Class,CG-10130,Emily Burns,Corporate,United States,Miami,Texas,90001,Central,PROD-10575,Furniture,Bookcases,Premium Bookcases v1,597.78,7,0.3,19.72
577,CA-2024-100576,2024-08-10,2024-08-12,Standard Class,CG-10078,Carol Adams,Consumer,United States,Seattle,Washington,90001,West,PROD-10576,Technology,Accessories,Premium Accessories v2,883.93,3,0.0,281.25
578,CA-2024-100577,2023-01-09,2023-01-13,Second Class,CG-10004,Emily Burns,Corporate,United States,New York City,Texas,90001,South,PROD-10577,Technology,Phones,Premium Phones v3,686.49,9,0.1,118.95
579,CA-2024-100578,2023-03-15,2023-03-16,Standard Class,CG-10141,Julia Barnett,Consumer,United States,New York City,New York,90001,West,PROD-10578,Technology,Phones,Premium Phones v4,336.84,3,0.3,45.77
580,CA-2024-100579,2024-05-06,2024-05-09,Standard Class,CG-10128,Claire Gute,Consumer,United States,New York City,Washington,90001,East,PROD-10579,Office Supplies,Binders,Premium Binders v5,187.46,6,0.1,62.57
581,CA-2024-100580,2023-09-10,2023-09-14,Standard Class,CG-10134,Claire Gute,Corporate,United States,New York City,Florida,90001,East,PROD-10580,Office Supplies,Appliances,Premium Appliances v1,733.26,3,0.1,133.07
582,CA-2024-100581,2023-08-18,2023-08-21,Standard Class,CG-10031,Emily Burns,Consumer,United States,Los Angeles,California,90001,South,PROD-10581,Technology,Accessories,Premium Accessories v2,594.68,1,0.5,-137.47
583,CA-2024-100582,2024-06-02,2024-06-05,Standard Class,CG-10138,Claire Gute,Corporate,United States,Chicago,Texas,90001,South,PROD-10582,Furniture,Tables,Premium Tables v3,128.73,1,0.1,9.3
584,CA-2024-100583,2023-06-23,2023-06-24,Second Class,CG-10021,Aaron Bergman,Home Office,United States,Chicago,Florida,90001,West,PROD-10583,Technology,Accessories,Premium Accessories v4,483.81,3,0.1,119.42
585,CA-2024-100584,2024-10-14,2024-10-18,Standard Class,CG-10023,Emily Burns,Consumer,United States,Seattle,New York,90001,South,PROD-10584,Technology,Accessories,Premium Accessories v5,625.01,4,0.0,210.48
586,CA-2024-100585,2023-06-17,2023-06-22,Second Class,CG-10131,Julia Barnett,Consumer,United States,San Francisco,New York,90001,East,PROD-10585,Furniture,Chairs,Premium Chairs v1,994.87,2,0.0,313.44
587,CA-2024-100586,2023-06-19,2023-06-20,Standard Class,CG-10148,Emily Burns,Home Office,United States,Houston,Washington,90001,East,PROD-10586,Technology,Accessories,Premium Accessories v2,105.18,9,0.0,33.03
588,CA-2024-100587,2024-01-28,2024-01-29,Standard Class,CG-10029,Emily Burns,Corporate,United States,New York City,Washington,90001,Central,PROD-10587,Furniture,Chairs,Premium Chairs v3,427.97,8,0.5,-68.37
589,CA-2024-100588,2024-09-25,2024-09-29,Standard Class,CG-10105,Claire Gute,Consumer,United States,Chicago,Florida,90001,West,PROD-10588,Office Supplies,Appliances,Premium Appliances v4,989.85,3,0.1,214.11
590,CA-2024-100589,2023-07-13,2023-07-17,Second Class,CG-10052,Julia Barnett,Consumer,United States,Chicago,Illinois,90001,South,PROD-10589,Office Supplies,Binders,Premium Binders v5,783.38,7,0.1,138.04
591,CA-2024-100590,2024-05-31,2024-06-03,First Class,CG-10115,Emily Burns,Corporate,United States,New York City,Illinois,90001,South,PROD-10590,Furniture,Tables,Premium Tables v1,358.6,4,0.3,-0.23
592,CA-2024-100591,2023-01-29,2023-02-02,First Class,CG-10101,Claire Gute,Corporate,United States,San Francisco,Washington,90001,South,PROD-10591,Office Supplies,Supplies,Premium Supplies v2,1016.72,5,0.2,85.39
593,CA-2024-100592,2023-06-14,2023-06-17,Standard Class,CG-10084,Sanford Allen,Consumer,United States,Los Angeles,Illinois,90001,West,PROD-10592,Office Supplies,Supplies,Premium Supplies v3,599.55,4,0.2,102.97
594,CA-2024-100593,2024-02-26,2024-02-27,Standard Class,CG-10061,Julia Barnett,Consumer,United States,Los Angeles,California,90001,East,PROD-10593,Furniture,Chairs,Premium Chairs v4,605.55,9,0.0,212.43
595,CA-2024-100594,2023-12-05,2023-12-07,First Class,CG-10125,Carol Adams,Home Office,United States,Chicago,Florida,90001,South,PROD-10594,Office Supplies,Art,Premium Art v5,1172.26,7,0.3,49.73
596,CA-2024-100595,2024-10-09,2024-10-14,Second Class,CG-10071,Aaron Bergman,Corporate,United States,Los Angeles,California,90001,South,PROD-10595,Technology,Machines,Premium Machines v1,1137.33,4,0.0,342.35
597,CA-2024-100596,2024-05-10,2024-05-11,Standard Class,CG-10070,Carol Adams,Home Office,United States,Miami,Illinois,90001,East,PROD-10596,Technology,Accessories,Premium Accessories v2,439.86,8,0.0,173.45
598,CA-2024-100597,2023-12-31,2024-01-04,First Class,CG-10139,Julia Barnett,Corporate,United States,New York City,Washington,90001,South,PROD-10597,Furniture,Chairs,Premium Chairs v3,181.59,2,0.0,76.69
599,CA-2024-100598,2023-12-08,2023-12-13,Standard Class,CG-10108,Emily Burns,Home Office,United States,San Francisco,California,90001,Central,PROD-10598,Office Supplies,Binders,Premium Binders v4,400.92,7,0.0,131.99
600,CA-2024-100599,2024-05-14,2024-05-16,Standard Class,CG-10021,Claire Gute,Consumer,United States,Chicago,New York,90001,East,PROD-10599,Technology,Copiers,Premium Copiers v5,51.12,1,0.0,10.92
601,CA-2024-100600,2024-10-18,2024-10-20,Standard Class,CG-10131,Julia Barnett,Corporate,United States,New York City,Washington,90001,East,PROD-10600,Technology,Accessories,Premium Accessories v1,39.61,8,0.2,35.65
602,CA-2024-100601,2024-05-25,2024-05-28,Standard Class,CG-10082,Aaron Bergman,Consumer,United States,Los Angeles,Florida,90001,East,PROD-10601,Office Supplies,Art,Premium Art v2,483.69,6,0.0,188.4
603,CA-2024-100602,2023-11-23,2023-11-28,Standard Class,CG-10088,Julia Barnett,Corporate,United States,New York City,Texas,90001,Central,PROD-10602,Office Supplies,Appliances,Premium Appliances v3,1130.11,5,0.2,109.48
604,CA-2024-100603,2023-08-05,2023-08-08,Standard Class,CG-10111,Claire Gute,Consumer,United States,Los Angeles,Texas,90001,East,PROD-10603,Technology,Machines,Premium Machines v4,1047.56,9,0.0,306.55
605,CA-2024-100604,2023-10-28,2023-10-29,Standard Class,CG-10010,Carol Adams,Consumer,United States,San Francisco,Washington,90001,West,PROD-10604,Technology,Accessories,Premium Accessories v5,621.06,9,0.0,215.05
606,CA-2024-100605,2023-05-12,2023-05-17,Standard Class,CG-10012,Sanford Allen,Home Office,United States,Los Angeles,Illinois,90001,West,PROD-10605,Furniture,Bookcases,Premium Bookcases v1,684.79,3,0.1,185.35
607,CA-2024-100606,2023-03-11,2023-03-12,Standard Class,CG-10007,Carol Adams,Home Office,United States,New York City,California,90001,West,PROD-10606,Furniture,Tables,Premium Tables v2,22.03,9,0.5,28.09
608,CA-2024-100607,2023-09-09,2023-09-12,Second Class,CG-10145,Claire Gute,Consumer,United States,San Francisco,California,90001,East,PROD-10607,Technology,Phones,Premium Phones v3,270.37,9,0.3,-0.08
609,CA-2024-100608,2024-02-19,2024-02-24,Standard Class,CG-10114,Claire Gute,Corporate,United States,Los Angeles,Washington,90001,East,PROD-10608,Furniture,Tables,Premium Tables v4,44.36,2,0.5,0.52
610,CA-2024-100609,2024-03-20,2024-03-23,Standard Class,CG-10026,Aaron Bergman,Consumer,United States,Miami,New York,90001,East,PROD-10609,Technology,Accessories,Premium Accessories v5,909.13,5,0.2,97.82
611,CA-2024-100610,2023-07-01,2023-07-06,Standard Class,CG-10015,Julia Barnett,Consumer,United States,Seattle,Florida,90001,Central,PROD-10610,Technology,Copiers,Premium Copiers v1,187.59,2,0.2,58.41
612,CA-2024-100611,2023-06-16,2023-06-19,First Class,CG-10033,Julia Barnett,Home Office,United States,New York City,Illinois,90001,West,PROD-10611,Furniture,Furnishings,Premium Furnishings v2,1044.82,1,0.2,138.48
613,CA-2024-100612,2023-04-01,2023-04-03,Standard Class,CG-10062,Carol Adams,Consumer,United States,Seattle,New York,90001,South,PROD-10612,Furniture,Furnishings,Premium Furnishings v3,777.34,7,0.2,98.96
614,CA-2024-100613,2024-06-14,2024-06-17,Standard Class,CG-10047,Sanford Allen,Home Office,United States,New York City,Washington,90001,South,PROD-10613,Office Supplies,Binders,Premium Binders v4,286.86,4,0.0,85.31
615,CA-2024-100614,2023-02-08,2023-02-10,Standard Class,CG-10095,Sanford Allen,Consumer,United States,Los Angeles,Washington,90001,East,PROD-10614,Office Supplies,Appliances,Premium Appliances v5,201.9,5,0.1,86.04
616,CA-2024-100615,2023-05-06,2023-05-09,Second Class,CG-10035,Aaron Bergman,Corporate,United States,Los Angeles,New York,90001,Central,PROD-10615,Office Supplies,Paper,Premium Paper v1,758.74,4,0.0,253.35
617,CA-2024-100616,2024-03-26,2024-03-31,Standard Class,CG-10076,Claire Gute,Corporate,United States,San Francisco,Texas,90001,East,PROD-10616,Technology,Copiers,Premium Copiers v2,1082.49,6,0.1,264.43
618,CA-2024-100617,2023-06-22,2023-06-27,Standard Class,CG-10123,Aaron Bergman,Consumer,United States,Chicago,Washington,90001,South,PROD-10617,Furniture,Bookcases,Premium Bookcases v3,866.26,2,0.1,193.86
619,CA-2024-100618,2024-10-14,2024-10-19,Standard Class,CG-10083,Julia Barnett,Consumer,United States,Miami,Florida,90001,West,PROD-10618,Technology,Machines,Premium Machines v4,428.03,8,0.0,165.89
620,CA-2024-100619,2023-08-08,2023-08-12,Standard Class,CG-10025,Emily Burns,Home Office,United States,Chicago,Illinois,90001,South,PROD-10619,Furniture,Tables,Premium Tables v5,711.05,4,0.0,250.23
621,CA-2024-100620,2024-09-29,2024-09-30,First Class,CG-10057,Emily Burns,Corporate,United States,Seattle,New York,90001,West,PROD-10620,Technology,Phones,Premium Phones v1,383.25,8,0.0,118.59
622,CA-2024-100621,2023-02-27,2023-03-04,First Class,CG-10032,Emily Burns,Consumer,United States,Los Angeles,Texas,90001,West,PROD-10621,Office Supplies,Supplies,Premium Supplies v2,1198.99,3,0.5,-192.32
623,CA-2024-100622,2024-10-21,2024-10-23,Second Class,CG-10063,Claire Gute,Corporate,United States,Chicago,New York,90001,Central,PROD-10622,Office Supplies,Supplies,Premium Supplies v3,902.37,5,0.0,252.25
624,CA-2024-100623,2024-04-20,2024-04-25,Second Class,CG-10012,Aaron Bergman,Consumer,United States,Los Angeles,Texas,90001,South,PROD-10623,Office Supplies,Art,Premium Art v4,743.04,3,0.0,256.72
625,CA-2024-100624,2024-03-31,2024-04-04,Standard Class,CG-10063,Carol Adams,Consumer,United States,New York City,Texas,90001,East,PROD-10624,Technology,Machines,Premium Machines v5,516.56,7,0.3,47.59
626,CA-2024-100625,2023-12-27,2023-12-29,Standard Class,CG-10077,Julia Barnett,Consumer,United States,Chicago,Florida,90001,Central,PROD-10625,Furniture,Chairs,Premium Chairs v1,747.51,3,0.1,153.23
627,CA-2024-100626,2023-01-01,2023-01-05,Second Class,CG-10092,Emily Burns,Consumer,United States,Seattle,Illinois,90001,West,PROD-10626,Furniture,Chairs,Premium Chairs v2,419.82,8,0.0,151.31
628,CA-2024-100627,2024-01-22,2024-01-24,Standard Class,CG-10001,Sanford Allen,Home Office,United States,San Francisco,Washington,90001,South,PROD-10627,Office Supplies,Appliances,Premium Appliances v3,49.2,9,0.0,34.12
629,CA-2024-100628,2023-12-14,2023-12-17,First Class,CG-10070,Aaron Bergman,Corporate,United States,Chicago,Texas,90001,East,PROD-10628,Office Supplies,Storage,Premium Storage v4,483.18,2,0.0,178.26
630,CA-2024-100629,2023-07-09,2023-07-10,Standard Class,CG-10136,Julia Barnett,Home Office,United States,Los Angeles,Washington,90001,Central,PROD-10629,Office Supplies,Art,Premium Art v5,1117.62,3,0.0,375.92
631,CA-2024-100630,2024-05-19,2024-05-20,Standard Class,CG-10133,Julia Barnett,Corporate,United States,Houston,Illinois,90001,East,PROD-10630,Office Supplies,Supplies,Premium Supplies v1,757.17,7,0.0,249.36
632,CA-2024-100631,2023-07-10,2023-07-14,Second Class,CG-10086,Sanford Allen,Home Office,United States,Houston,Washington,90001,South,PROD-10631,Furniture,Bookcases,Premium Bookcases v2,114.49,5,0.1,60.01
633,CA-2024-100632,2024-05-22,2024-05-23,Second Class,CG-10039,Sanford Allen,Corporate,United States,San Francisco,Florida,90001,East,PROD-10632,Technology,Accessories,Premium Accessories v3,1063.72,7,0.3,1.86
634,CA-2024-100633,2024-01-04,2024-01-08,Second Class,CG-10023,Sanford Allen,Corporate,United States,San Francisco,Florida,90001,Central,PROD-10633,Technology,Accessories,Premium Accessories v4,333.62,2,0.1,62.73
635,CA-2024-100634,2024-02-13,2024-02-17,Standard Class,CG-10068,Emily Burns,Home Office,United States,Miami,California,90001,East,PROD-10634,Technology,Machines,Premium Machines v5,303.87,4,0.2,40.53
636,CA-2024-100635,2023-04-27,2023-05-01,First Class,CG-10004,Emily Burns,Corporate,United States,San Francisco,Florida,90001,South,PROD-10635,Technology,Machines,Premium Machines v1,367.05,1,0.0,137.56
637,CA-2024-100636,2023-05-14,2023-05-15,Standard Class,CG-10126,Aaron Bergman,Consumer,United States,Los Angeles,Texas,90001,Central,PROD-10636,Office Supplies,Storage,Premium Storage v2,698.98,5,0.0,202.8
638,CA-2024-100637,2023-02-27,2023-03-03,Standard Class,CG-10021,Sanford Allen,Corporate,United States,New York City,Illinois,90001,West,PROD-10637,Office Supplies,Art,Premium Art v3,660.46,8,0.3,27.62
639,CA-2024-100638,2024-07-09,2024-07-10,Same Day,CG-10105,Carol Adams,Home Office,United States,Chicago,Florida,90001,Central,PROD-10638,Office Supplies,Appliances,Premium Appliances v4,597.33,1,0.0,186.79
640,CA-2024-100639,2024-11-15,2024-11-19,Second Class,CG-10066,Julia Barnett,Corporate,United States,San Francisco,New York,90001,South,PROD-10639,Technology,Machines,Premium Machines v5,865.28,7,0.3,35.69
641,CA-2024-100640,2024-11-02,2024-11-07,Standard Class,CG-10007,Sanford Allen,Corporate,United States,Houston,Illinois,90001,East,PROD-10640,Office Supplies,Art,Premium Art v1,390.1,7,0.1,60.6
642,CA-2024-100641,2023-06-22,2023-06-26,Second Class,CG-10049,Julia Barnett,Corporate,United States,New York City,Texas,90001,West,PROD-10641,Office Supplies,Supplies,Premium Supplies v2,941.75,7,0.3,26.76
643,CA-2024-100642,2023-05-29,2023-05-31,Standard Class,CG-10016,Claire Gute,Home Office,United States,Los Angeles,Illinois,90001,West,PROD-10642,Furniture,Furnishings,Premium Furnishings v3,222.76,1,0.0,92.32
644,CA-2024-100643,2023-03-21,2023-03-25,Standard Class,CG-10145,Claire Gute,Consumer,United States,New York City,Florida,90001,East,PROD-10643,Furniture,Chairs,Premium Chairs v4,942.41,3,0.0,328.59
645,CA-2024-100644,2023-08-01,2023-08-04,Standard Class,CG-10084,Sanford Allen,Corporate,United States,Los Angeles,New York,90001,South,PROD-10644,Office Supplies,Art,Premium Art v5,801.61,2,0.2,110.1
646,CA-2024-100645,2023-07-22,2023-07-26,Same Day,CG-10087,Julia Barnett,Consumer,United States,Miami,California,90001,Central,PROD-10645,Furniture,Chairs,Premium Chairs v1,824.6,5,0.2,118.2
647,CA-2024-100646,2023-08-17,2023-08-19,Standard Class,CG-10098,Claire Gute,Corporate,United States,Chicago,Texas,90001,South,PROD-10646,Furniture,Chairs,Premium Chairs v2,585.64,2,0.0,219.01
648,CA-2024-100647,2024-11-06,2024-11-08,Second Class,CG-10075,Sanford Allen,Corporate,United States,New York City,Texas,90001,West,PROD-10647,Office Supplies,Paper,Premium Paper v3,805.4,5,0.5,-133.83
649,CA-2024-100648,2023-08-15,2023-08-16,Standard Class,CG-10034,Julia Barnett,Consumer,United States,Chicago,Illinois,90001,Central,PROD-10648,Office Supplies,Binders,Premium Binders v4,109.56,5,0.0,33.18
650,CA-2024-100649,2024-10-20,2024-10-25,Second Class,CG-10026,Sanford Allen,Consumer,United States,New York City,Washington,90001,Central,PROD-10649,Office Supplies,Art,Premium Art v5,1024.09,4,0.0,348.11
651,CA-2024-100650,2024-06-15,2024-06-19,Standard Class,CG-10066,Emily Burns,Corporate,United States,Los Angeles,Washington,90001,East,PROD-10650,Office Supplies,Art,Premium Art v1,80.82,7,0.1,48.49
652,CA-2024-100651,2024-03-16,2024-03-17,Second Class,CG-10125,Julia Barnett,Consumer,United States,Los Angeles,New York,90001,South,PROD-10651,Technology,Machines,Premium Machines v2,191.26,6,0.2,28.84
653,CA-2024-100652,2024-02-06,2024-02-11,Standard Class,CG-10063,Claire Gute,Consumer,United States,New York City,California,90001,Central,PROD-10652,Technology,Phones,Premium Phones v3,698.5,2,0.5,-109.96
654,CA-2024-100653,2023-02-16,2023-02-20,Second Class,CG-10087,Sanford Allen,Home Office,United States,Miami,California,90001,East,PROD-10653,Office Supplies,Supplies,Premium Supplies v4,891.2,4,0.1,218.98
655,CA-2024-100654,2023-08-21,2023-08-24,Same Day,CG-10041,Claire Gute,Consumer,United States,Los Angeles,Illinois,90001,South,PROD-10654,Furniture,Chairs,Premium Chairs v5,105.36,7,0.0,79.9
656,CA-2024-100655,2023-11-01,2023-11-05,Second Class,CG-10098,Sanford Allen,Consumer,United States,Seattle,Illinois,90001,West,PROD-10655,Office Supplies,Art,Premium Art v1,1106.11,9,0.2,157.28
657,CA-2024-100656,2024-06-09,2024-06-11,Standard Class,CG-10124,Aaron Bergman,Home Office,United States,Seattle,Washington,90001,West,PROD-10656,Office Supplies,Appliances,Premium Appliances v2,1168.73,9,0.0,353.39
658,CA-2024-100657,2023-05-23,2023-05-25,First Class,CG-10079,Claire Gute,Consumer,United States,Chicago,Florida,90001,South,PROD-10657,Furniture,Tables,Premium Tables v3,733.05,3,0.1,156.13
659,CA-2024-100658,2024-02-19,2024-02-22,Standard Class,CG-10010,Claire Gute,Consumer,United States,San Francisco,California,90001,Central,PROD-10658,Technology,Copiers,Premium Copiers v4,585.27,1,0.1,104.72
660,CA-2024-100659,2024-05-27,2024-05-28,Second Class,CG-10015,Carol Adams,Corporate,United States,Seattle,Florida,90001,Central,PROD-10659,Office Supplies,Appliances,Premium Appliances v5,893.55,9,0.0,265.39
661,CA-2024-100660,2024-01-08,2024-01-13,First Class,CG-10042,Emily Burns,Corporate,United States,Seattle,California,90001,West,PROD-10660,Office Supplies,Paper,Premium Paper v1,404.1,8,0.1,122.59
662,CA-2024-100661,2024-07-19,2024-07-23,Standard Class,CG-10093,Claire Gute,Home Office,United States,Miami,Florida,90001,West,PROD-10661,Technology,Copiers,Premium Copiers v2,599.52,7,0.1,125.16
663,CA-2024-100662,2023-09-16,2023-09-18,Standard Class,CG-10017,Julia Barnett,Home Office,United States,Miami,Florida,90001,Central,PROD-10662,Technology,Machines,Premium Machines v3,1100.64,6,0.2,133.5
664,CA-2024-100663,2024-10-17,2024-10-18,Standard Class,CG-10009,Sanford Allen,Corporate,United States,San Francisco,California,90001,South,PROD-10663,Furniture,Bookcases,Premium Bookcases v4,1147.45,7,0.2,141.36
665,CA-2024-100664,2024-04-15,2024-04-18,Standard Class,CG-10114,Aaron Bergman,Consumer,United States,Houston,New York,90001,West,PROD-10664,Technology,Accessories,Premium Accessories v5,1113.58,9,0.0,368.8
666,CA-2024-100665,2023-01-12,2023-01-14,Second Class,CG-10036,Julia Barnett,Consumer,United States,San Francisco,New York,90001,Central,PROD-10665,Technology,Copiers,Premium Copiers v1,326.0,6,0.0,90.6
667,CA-2024-100666,2023-11-26,2023-11-29,Standard Class,CG-10036,Julia Barnett,Consumer,United States,Houston,Illinois,90001,South,PROD-10666,Technology,Copiers,Premium Copiers v2,290.48,3,0.0,88.48
668,CA-2024-100667,2023-12-24,2023-12-28,Standard Class,CG-10048,Julia Barnett,Consumer,United States,Miami,Florida,90001,East,PROD-10667,Furniture,Bookcases,Premium Bookcases v3,367.73,3,0.0,121.7
669,CA-2024-100668,2024-02-12,2024-02-17,Standard Class,CG-10051,Julia Barnett,Corporate,United States,Houston,Florida,90001,South,PROD-10668,Technology,Machines,Premium Machines v4,537.95,4,0.2,59.33
670,CA-2024-100669,2024-10-29,2024-10-31,Standard Class,CG-10097,Aaron Bergman,Corporate,United States,Miami,Florida,90001,Central,PROD-10669,Technology,Machines,Premium Machines v5,387.29,8,0.5,-28.65
671,CA-2024-100670,2024-01-08,2024-01-10,Standard Class,CG-10119,Carol Adams,Consumer,United States,Houston,Florida,90001,South,PROD-10670,Furniture,Tables,Premium Tables v1,458.44,9,0.2,84.29
672,CA-2024-100671,2023-01-08,2023-01-12,First Class,CG-10095,Emily Burns,Home Office,United States,Los Angeles,Florida,90001,Central,PROD-10671,Technology,Copiers,Premium Copiers v2,750.45,8,0.2,88.62
673,CA-2024-100672,2023-05-02,2023-05-03,Standard Class,CG-10070,Claire Gute,Consumer,United States,Miami,Washington,90001,West,PROD-10672,Technology,Machines,Premium Machines v3,918.59,2,0.1,225.27
674,CA-2024-100673,2023-12-14,2023-12-19,First Class,CG-10074,Julia Barnett,Consumer,United States,San Francisco,Texas,90001,East,PROD-10673,Furniture,Tables,Premium Tables v4,886.64,4,0.0,270.33
675,CA-2024-100674,2024-11-06,2024-11-08,Standard Class,CG-10080,Claire Gute,Corporate,United States,Chicago,Florida,90001,West,PROD-10674,Office Supplies,Binders,Premium Binders v5,980.09,4,0.5,-161.01
676,CA-2024-100675,2023-03-31,2023-04-05,Standard Class,CG-10068,Claire Gute,Consumer,United States,Chicago,Washington,90001,West,PROD-10675,Furniture,Chairs,Premium Chairs v1,53.14,2,0.5,-14.97
677,CA-2024-100676,2024-10-09,2024-10-11,Second Class,CG-10077,Julia Barnett,Consumer,United States,Miami,New York,90001,Central,PROD-10676,Technology,Phones,Premium Phones v2,71.56,8,0.1,48.37
678,CA-2024-100677,2024-11-28,2024-12-03,Standard Class,CG-10116,Carol Adams,Consumer,United States,Seattle,Florida,90001,Central,PROD-10677,Technology,Phones,Premium Phones v3,950.42,3,0.0,297.08
679,CA-2024-100678,2023-11-12,2023-11-15,Standard Class,CG-10006,Claire Gute,Consumer,United States,Chicago,New York,90001,Central,PROD-10678,Technology,Phones,Premium Phones v4,646.7,2,0.2,52.19
680,CA-2024-100679,2023-06-27,2023-06-29,Standard Class,CG-10075,Sanford Allen,Corporate,United States,San Francisco,Illinois,90001,Central,PROD-10679,Furniture,Furnishings,Premium Furnishings v5,700.1,7,0.0,209.16
681,CA-2024-100680,2024-06-23,2024-06-28,Standard Class,CG-10088,Claire Gute,Home Office,United States,Seattle,Texas,90001,West,PROD-10680,Technology,Copiers,Premium Copiers v1,77.32,1,0.2,15.89
682,CA-2024-100681,2023-02-10,2023-02-11,Standard Class,CG-10003,Emily Burns,Consumer,United States,Chicago,California,90001,Central,PROD-10681,Technology,Phones,Premium Phones v2,317.55,6,0.3,32.45
683,CA-2024-100682,2024-05-16,2024-05-19,Standard Class,CG-10052,Julia Barnett,Consumer,United States,New York City,Texas,90001,Central,PROD-10682,Furniture,Bookcases,Premium Bookcases v3,771.45,3,0.0,216.54
684,CA-2024-100683,2023-05-25,2023-05-28,Standard Class,CG-10074,Aaron Bergman,Corporate,United States,New York City,Florida,90001,West,PROD-10683,Office Supplies,Supplies,Premium Supplies v4,1033.13,3,0.5,-180.46
685,CA-2024-100684,2023-07-20,2023-07-21,Standard Class,CG-10125,Claire Gute,Home Office,United States,Miami,Florida,90001,East,PROD-10684,Office Supplies,Appliances,Premium Appliances v5,1101.63,5,0.5,-190.21
686,CA-2024-100685,2024-04-05,2024-04-10,Standard Class,CG-10065,Carol Adams,Consumer,United States,San Francisco,Texas,90001,East,PROD-10685,Technology,Accessories,Premium Accessories v1,608.0,3,0.5,-95.83
687,CA-2024-100686,2024-07-11,2024-07-15,Standard Class,CG-10052,Sanford Allen,Consumer,United States,San Francisco,Texas,90001,South,PROD-10686,Furniture,Tables,Premium Tables v2,661.39,4,0.1,165.52
688,CA-2024-100687,2024-06-30,2024-07-01,Standard Class,CG-10076,Sanford Allen,Corporate,United States,Chicago,Illinois,90001,West,PROD-10687,Technology,Phones,Premium Phones v3,1002.16,3,0.0,293.12
689,CA-2024-100688,2023-09-10,2023-09-15,Standard Class,CG-10142,Aaron Bergman,Corporate,United States,Los Angeles,New York,90001,Central,PROD-10688,Furniture,Furnishings,Premium Furnishings v4,652.09,7,0.1,151.52
690,CA-2024-100689,2024-01-25,2024-01-26,Same Day,CG-10089,Emily Burns,Consumer,United States,Seattle,California,90001,South,PROD-10689,Furniture,Furnishings,Premium Furnishings v5,627.48,3,0.1,171.38
691,CA-2024-100690,2024-08-16,2024-08-17,Standard Class,CG-10072,Aaron Bergman,Corporate,United States,Chicago,Texas,90001,East,PROD-10690,Office Supplies,Binders,Premium Binders v1,1087.52,4,0.0,349.01
692,CA-2024-100691,2023-09-13,2023-09-15,Second Class,CG-10068,Emily Burns,Consumer,United States,Miami,California,90001,East,PROD-10691,Office Supplies,Supplies,Premium Supplies v2,951.07,2,0.1,213.01
693,CA-2024-100692,2024-03-25,2024-03-30,Standard Class,CG-10138,Claire Gute,Corporate,United States,Seattle,Texas,90001,West,PROD-10692,Furniture,Furnishings,Premium Furnishings v3,1092.25,2,0.2,140.78
694,CA-2024-100693,2023-01-10,2023-01-14,First Class,CG-10115,Julia Barnett,Corporate,United States,Houston,New York,90001,Central,PROD-10693,Technology,Accessories,Premium Accessories v4,273.62,9,0.0,85.41
695,CA-2024-100694,2023-08-30,2023-09-01,Standard Class,CG-10057,Carol Adams,Home Office,United States,Miami,California,90001,Central,PROD-10694,Office Supplies,Paper,Premium Paper v5,636.38,1,0.0,219.95
696,CA-2024-100695,2023-09-08,2023-09-09,Same Day,CG-10066,Sanford Allen,Consumer,United States,Chicago,Washington,90001,South,PROD-10695,Technology,Machines,Premium Machines v1,1013.33,1,0.0,348.14
697,CA-2024-100696,2023-01-05,2023-01-06,Second Class,CG-10090,Aaron Bergman,Consumer,United States,Los Angeles,New York,90001,East,PROD-10696,Office Supplies,Supplies,Premium Supplies v2,146.71,1,0.2,-4.57
698,CA-2024-100697,2023-04-29,2023-04-30,Standard Class,CG-10050,Carol Adams,Consumer,United States,Houston,California,90001,South,PROD-10697,Office Supplies,Supplies,Premium Supplies v3,956.67,3,0.2,136.57
699,CA-2024-100698,2024-01-09,2024-01-14,First Class,CG-10014,Emily Burns,Home Office,United States,Miami,Texas,90001,South,PROD-10698,Technology,Accessories,Premium Accessories v4,231.82,2,0.0,64.85
700,CA-2024-100699,2023-03-06,2023-03-11,Standard Class,CG-10016,Julia Barnett,Consumer,United States,Chicago,Texas,90001,South,PROD-10699,Office Supplies,Supplies,Premium Supplies v5,972.62,3,0.5,-182.61
701,CA-2024-100700,2023-05-26,2023-05-28,Standard Class,CG-10042,Sanford Allen,Consumer,United States,New York City,New York,90001,Central,PROD-10700,Office Supplies,Binders,Premium Binders v1,740.22,5,0.0,261.73
702,CA-2024-100701,2023-08-12,2023-08-16,Second Class,CG-10110,Sanford Allen,Consumer,United States,San Francisco,New York,90001,East,PROD-10701,Technology,Phones,Premium Phones v2,243.98,9,0.1,86.47
703,CA-2024-100702,2023-08-27,2023-08-29,First Class,CG-10022,Emily Burns,Corporate,United States,Chicago,Texas,90001,South,PROD-10702,Office Supplies,Supplies,Premium Supplies v3,575.92,2,0.2,100.03
704,CA-2024-100703,2023-06-26,2023-06-29,Standard Class,CG-10068,Julia Barnett,Consumer,United States,New York City,California,90001,East,PROD-10703,Office Supplies,Storage,Premium Storage v4,823.06,1,0.2,128.14
705,CA-2024-100704,2023-10-09,2023-10-10,Standard Class,CG-10019,Sanford Allen,Consumer,United States,New York City,Washington,90001,East,PROD-10704,Office Supplies,Binders,Premium Binders v5,766.12,6,0.0,241.14
706,CA-2024-100705,2023-03-04,2023-03-05,Second Class,CG-10066,Julia Barnett,Consumer,United States,Miami,Illinois,90001,South,PROD-10705,Technology,Accessories,Premium Accessories v1,521.29,3,0.5,-78.31
707,CA-2024-100706,2023-08-05,2023-08-06,Second Class,CG-10073,Sanford Allen,Home Office,United States,Chicago,New York,90001,South,PROD-10706,Furniture,Chairs,Premium Chairs v2,1080.75,7,0.5,-208.82
708,CA-2024-100707,2024-11-19,2024-11-21,First Class,CG-10147,Claire Gute,Corporate,United States,San Francisco,Texas,90001,West,PROD-10707,Technology,Copiers,Premium Copiers v3,630.33,6,0.1,130.62
709,CA-2024-100708,2024-04-05,2024-04-07,Second Class,CG-10144,Emily Burns,Corporate,United States,Chicago,California,90001,Central,PROD-10708,Furniture,Bookcases,Premium Bookcases v4,614.45,7,0.1,133.1
710,CA-2024-100709,2024-09-01,2024-09-02,Standard Class,CG-10054,Julia Barnett,Home Office,United States,New York City,New York,90001,East,PROD-10709,Office Supplies,Supplies,Premium Supplies v5,88.77,5,0.0,58.65
711,CA-2024-100710,2023-04-15,2023-04-17,First Class,CG-10112,Carol Adams,Home Office,United States,Seattle,California,90001,South,PROD-10710,Furniture,Tables,Premium Tables v1,1107.71,1,0.1,236.64
712,CA-2024-100711,2023-04-09,2023-04-14,Standard Class,CG-10018,Claire Gute,Consumer,United States,Houston,New York,90001,South,PROD-10711,Technology,Copiers,Premium Copiers v2,224.88,3,0.1,81.96
713,CA-2024-100712,2024-05-25,2024-05-30,Standard Class,CG-10117,Carol Adams,Home Office,United States,Los Angeles,Texas,90001,East,PROD-10712,Technology,Machines,Premium Machines v3,641.09,3,0.2,96.27
714,CA-2024-100713,2024-01-20,2024-01-22,Standard Class,CG-10085,Emily Burns,Consumer,United States,Chicago,California,90001,South,PROD-10713,Office Supplies,Art,Premium Art v4,967.23,7,0.1,174.88
715,CA-2024-100714,2024-02-09,2024-02-10,Standard Class,CG-10139,Sanford Allen,Consumer,United States,Houston,Texas,90001,West,PROD-10714,Furniture,Bookcases,Premium Bookcases v5,270.31,3,0.2,51.15
716,CA-2024-100715,2024-06-01,2024-06-03,Standard Class,CG-10039,Carol Adams,Home Office,United States,Houston,California,90001,East,PROD-10715,Office Supplies,Supplies,Premium Supplies v1,639.94,5,0.0,202.54
717,CA-2024-100716,2024-04-20,2024-04-22,Second Class,CG-10105,Claire Gute,Consumer,United States,Seattle,New York,90001,South,PROD-10716,Office Supplies,Supplies,Premium Supplies v2,300.21,4,0.0,102.03
718,CA-2024-100717,2024-10-06,2024-10-08,Standard Class,CG-10068,Julia Barnett,Consumer,United States,Houston,Illinois,90001,East,PROD-10717,Technology,Machines,Premium Machines v3,915.24,4,0.0,311.86
719,CA-2024-100718,2024-03-12,2024-03-15,Standard Class,CG-10025,Aaron Bergman,Consumer,United States,Chicago,Illinois,90001,South,PROD-10718,Furniture,Bookcases,Premium Bookcases v4,683.74,7,0.0,223.45
720,CA-2024-100719,2023-01-23,2023-01-28,First Class,CG-10123,Carol Adams,Corporate,United States,Miami,Washington,90001,South,PROD-10719,Furniture,Furnishings,Premium Furnishings v5,1029.33,1,0.1,247.86
721,CA-2024-100720,2024-07-18,2024-07-22,Standard Class,CG-10121,Aaron Bergman,Consumer,United States,Miami,Washington,90001,Central,PROD-10720,Furniture,Chairs,Premium Chairs v1,1075.05,7,0.2,137.4
722,CA-2024-100721,2024-11-07,2024-11-11,Standard Class,CG-10061,Emily Burns,Corporate,United States,Houston,Florida,90001,East,PROD-10721,Furniture,Tables,Premium Tables v2,783.75,8,0.2,97.07
723,CA-2024-100722,2024-04-02,2024-04-05,Standard Class,CG-10100,Carol Adams,Home Office,United States,Chicago,Texas,90001,Central,PROD-10722,Office Supplies,Supplies,Premium Supplies v3,874.59,3,0.1,207.74
724,CA-2024-100723,2023-03-24,2023-03-26,Same Day,CG-10051,Carol Adams,Corporate,United States,Chicago,California,90001,South,PROD-10723,Office Supplies,Binders,Premium Binders v4,665.83,3,0.2,49.27
725,CA-2024-100724,2023-05-25,2023-05-28,Standard Class,CG-10098,Julia Barnett,Consumer,United States,New York City,Washington,90001,East,PROD-10724,Technology,Phones,Premium Phones v5,470.55,4,0.0,123.06
726,CA-2024-100725,2023-03-26,2023-03-29,Standard Class,CG-10137,Sanford Allen,Home Office,United States,Seattle,New York,90001,East,PROD-10725,Office Supplies,Binders,Premium Binders v1,783.02,6,0.0,220.74
727,CA-2024-100726,2023-03-19,2023-03-20,Standard Class,CG-10002,Claire Gute,Consumer,United States,San Francisco,Illinois,90001,West,PROD-10726,Office Supplies,Appliances,Premium Appliances v2,1091.32,7,0.0,338.03
728,CA-2024-100727,2024-04-01,2024-04-06,Standard Class,CG-10005,Claire Gute,Consumer,United States,Los Angeles,California,90001,West,PROD-10727,Technology,Phones,Premium Phones v3,508.77,1,0.2,47.36
729,CA-2024-100728,2023-01-01,2023-01-05,Standard Class,CG-10086,Claire Gute,Consumer,United States,San Francisco,Florida,90001,South,PROD-10728,Technology,Copiers,Premium Copiers v4,387.58,4,0.0,165.17
730,CA-2024-100729,2023-02-20,2023-02-22,Standard Class,CG-10133,Emily Burns,Corporate,United States,New York City,Illinois,90001,South,PROD-10729,Technology,Machines,Premium Machines v5,475.3,7,0.0,160.55
731,CA-2024-100730,2024-11-15,2024-11-19,Standard Class,CG-10068,Sanford Allen,Consumer,United States,Los Angeles,California,90001,South,PROD-10730,Office Supplies,Art,Premium Art v1,530.95,2,0.1,132.56
732,CA-2024-100731,2024-03-21,2024-03-25,Same Day,CG-10009,Aaron Bergman,Consumer,United States,San Francisco,Washington,90001,South,PROD-10731,Office Supplies,Storage,Premium Storage v2,102.17,1,0.5,-20.92
733,CA-2024-100732,2024-03-24,2024-03-29,Standard Class,CG-10093,Claire Gute,Consumer,United States,Chicago,Washington,90001,West,PROD-10732,Technology,Accessories,Premium Accessories v3,605.65,1,0.2,63.09
734,CA-2024-100733,2024-05-02,2024-05-06,Standard Class,CG-10138,Aaron Bergman,Consumer,United States,Miami,Texas,90001,East,PROD-10733,Technology,Phones,Premium Phones v4,600.76,6,0.2,63.56
735,CA-2024-100734,2023-02-03,2023-02-07,Standard Class,CG-10125,Sanford Allen,Corporate,United States,New York City,Florida,90001,Central,PROD-10734,Technology,Accessories,Premium Accessories v5,712.31,5,0.2,100.14
736,CA-2024-100735,2023-12-14,2023-12-17,Standard Class,CG-10061,Emily Burns,Home Office,United States,San Francisco,California,90001,East,PROD-10735,Office Supplies,Storage,Premium Storage v1,444.94,1,0.1,102.15
737,CA-2024-100736,2023-04-05,2023-04-10,Second Class,CG-10051,Sanford Allen,Corporate,United States,Houston,Florida,90001,East,PROD-10736,Office Supplies,Supplies,Premium Supplies v2,741.53,3,0.2,90.39
738,CA-2024-100737,2023-03-13,2023-03-14,Standard Class,CG-10010,Julia Barnett,Consumer,United States,Houston,New York,90001,West,PROD-10737,Furniture,Bookcases,Premium Bookcases v3,1055.69,7,0.3,21.44
739,CA-2024-100738,2024-07-04,2024-07-06,Standard Class,CG-10134,Claire Gute,Consumer,United States,Los Angeles,Florida,90001,East,PROD-10738,Office Supplies,Appliances,Premium Appliances v4,1147.23,9,0.0,377.99
740,CA-2024-100739,2023-06-03,2023-06-07,Second Class,CG-10062,Emily Burns,Home Office,United States,Chicago,Washington,90001,East,PROD-10739,Office Supplies,Binders,Premium Binders v5,706.58,9,0.0,198.3
741,CA-2024-100740,2023-09-07,2023-09-09,Standard Class,CG-10113,Julia Barnett,Consumer,United States,Miami,Texas,90001,South,PROD-10740,Office Supplies,Appliances,Premium Appliances v1,65.47,6,0.0,54.02
742,CA-2024-100741,2024-11-04,2024-11-05,Standard Class,CG-10133,Claire Gute,Home Office,United States,Los Angeles,Washington,90001,Central,PROD-10741,Technology,Machines,Premium Machines v2,1163.54,3,0.1,252.13
743,CA-2024-100742,2024-03-13,2024-03-15,Standard Class,CG-10122,Sanford Allen,Consumer,United States,San Francisco,Illinois,90001,East,PROD-10742,Office Supplies,Storage,Premium Storage v3,851.45,1,0.3,26.84
744,CA-2024-100743,2023-04-28,2023-04-29,Standard Class,CG-10123,Sanford Allen,Home Office,United States,San Francisco,Washington,90001,East,PROD-10743,Technology,Accessories,Premium Accessories v4,413.12,3,0.0,126.86
745,CA-2024-100744,2023-11-02,2023-11-05,Standard Class,CG-10063,Carol Adams,Consumer,United States,Miami,California,90001,Central,PROD-10744,Furniture,Tables,Premium Tables v5,189.38,2,0.0,65.47
746,CA-2024-100745,2023-09-25,2023-09-29,Standard Class,CG-10111,Carol Adams,Consumer,United States,San Francisco,Texas,90001,South,PROD-10745,Furniture,Tables,Premium Tables v1,184.95,5,0.3,-3.82
747,CA-2024-100746,2023-02-23,2023-02-24,Standard Class,CG-10089,Sanford Allen,Corporate,United States,Seattle,California,90001,West,PROD-10746,Technology,Machines,Premium Machines v2,213.78,8,0.1,91.31
748,CA-2024-100747,2023-08-24,2023-08-26,First Class,CG-10051,Sanford Allen,Corporate,United States,Miami,New York,90001,West,PROD-10747,Technology,Accessories,Premium Accessories v3,69.0,5,0.1,28.59
749,CA-2024-100748,2024-01-24,2024-01-28,Standard Class,CG-10132,Aaron Bergman,Consumer,United States,Houston,New York,90001,East,PROD-10748,Technology,Copiers,Premium Copiers v4,1084.05,1,0.3,49.73
750,CA-2024-100749,2024-02-05,2024-02-08,Standard Class,CG-10104,Aaron Bergman,Corporate,United States,San Francisco,Washington,90001,South,PROD-10749,Office Supplies,Art,Premium Art v5,655.81,3,0.1,145.45
751,CA-2024-100750,2024-09-15,2024-09-19,Standard Class,CG-10123,Julia Barnett,Corporate,United States,San Francisco,Texas,90001,West,PROD-10750,Furniture,Tables,Premium Tables v1,844.45,5,0.2,79.83
752,CA-2024-100751,2023-10-30,2023-10-31,Standard Class,CG-10048,Carol Adams,Consumer,United States,New York City,Florida,90001,West,PROD-10751,Technology,Phones,Premium Phones v2,996.31,7,0.0,314.41
753,CA-2024-100752,2023-07-26,2023-07-29,Standard Class,CG-10032,Carol Adams,Consumer,United States,New York City,Texas,90001,West,PROD-10752,Office Supplies,Appliances,Premium Appliances v3,952.98,5,0.0,268.67
754,CA-2024-100753,2023-08-17,2023-08-19,First Class,CG-10120,Sanford Allen,Consumer,United States,New York City,Texas,90001,West,PROD-10753,Furniture,Tables,Premium Tables v4,1060.89,5,0.1,255.51
755,CA-2024-100754,2024-07-31,2024-08-03,Second Class,CG-10099,Sanford Allen,Consumer,United States,Miami,Texas,90001,West,PROD-10754,Office Supplies,Art,Premium Art v5,1161.2,7,0.1,269.54
756,CA-2024-100755,2023-03-16,2023-03-19,Same Day,CG-10074,Julia Barnett,Corporate,United States,Houston,Washington,90001,East,PROD-10755,Furniture,Tables,Premium Tables v1,535.3,8,0.5,-76.25
757,CA-2024-100756,2024-03-10,2024-03-15,First Class,CG-10034,Emily Burns,Consumer,United States,Miami,California,90001,West,PROD-10756,Office Supplies,Binders,Premium Binders v2,1141.15,8,0.5,-205.54
758,CA-2024-100757,2023-04-13,2023-04-16,Standard Class,CG-10070,Emily Burns,Consumer,United States,Chicago,Washington,90001,East,PROD-10757,Furniture,Bookcases,Premium Bookcases v3,872.1,7,0.3,20.59
759,CA-2024-100758,2024-02-26,2024-02-29,Standard Class,CG-10110,Emily Burns,Consumer,United States,Houston,Florida,90001,Central,PROD-10758,Furniture,Bookcases,Premium Bookcases v4,98.74,3,0.0,79.39
760,CA-2024-100759,2023-11-02,2023-11-06,Standard Class,CG-10016,Carol Adams,Corporate,United States,Houston,California,90001,Central,PROD-10759,Office Supplies,Binders,Premium Binders v5,822.91,2,0.5,-165.12
761,CA-2024-100760,2023-04-08,2023-04-10,Standard Class,CG-10059,Aaron Bergman,Consumer,United States,Miami,Florida,90001,South,PROD-10760,Technology,Machines,Premium Machines v1,828.76,1,0.2,117.45
762,CA-2024-100761,2023-12-01,2023-12-05,First Class,CG-10019,Emily Burns,Consumer,United States,Miami,Illinois,90001,East,PROD-10761,Furniture,Furnishings,Premium Furnishings v2,1088.44,6,0.0,347.23
763,CA-2024-100762,2024-03-10,2024-03-14,Standard Class,CG-10095,Claire Gute,Consumer,United States,New York City,Illinois,90001,South,PROD-10762,Technology,Phones,Premium Phones v3,456.92,9,0.2,94.0
764,CA-2024-100763,2024-03-22,2024-03-23,First Class,CG-10113,Julia Barnett,Home Office,United States,Houston,California,90001,Central,PROD-10763,Office Supplies,Storage,Premium Storage v4,708.12,3,0.0,250.38
765,CA-2024-100764,2023-11-04,2023-11-08,Standard Class,CG-10041,Emily Burns,Consumer,United States,New York City,Washington,90001,Central,PROD-10764,Technology,Machines,Premium Machines v5,29.44,5,0.0,58.73
766,CA-2024-100765,2023-09-06,2023-09-11,First Class,CG-10081,Claire Gute,Corporate,United States,Chicago,Florida,90001,Central,PROD-10765,Technology,Phones,Premium Phones v1,408.51,9,0.3,21.18
767,CA-2024-100766,2023-06-15,2023-06-20,First Class,CG-10103,Emily Burns,Consumer,United States,Seattle,Florida,90001,Central,PROD-10766,Technology,Machines,Premium Machines v2,88.76,9,0.2,3.19
768,CA-2024-100767,2024-04-25,2024-04-26,Second Class,CG-10054,Aaron Bergman,Consumer,United States,New York City,New York,90001,West,PROD-10767,Technology,Copiers,Premium Copiers v3,633.42,7,0.0,205.28
769,CA-2024-100768,2023-12-01,2023-12-03,Second Class,CG-10095,Aaron Bergman,Corporate,United States,Miami,Florida,90001,Central,PROD-10768,Technology,Copiers,Premium Copiers v4,983.68,4,0.1,226.51
770,CA-2024-100769,2024-06-25,2024-06-27,Standard Class,CG-10147,Emily Burns,Consumer,United States,San Francisco,Washington,90001,West,PROD-10769,Furniture,Bookcases,Premium Bookcases v5,259.63,2,0.5,-17.72
771,CA-2024-100770,2023-04-16,2023-04-20,First Class,CG-10062,Claire Gute,Home Office,United States,Los Angeles,New York,90001,West,PROD-10770,Furniture,Tables,Premium Tables v1,640.02,2,0.2,44.04
772,CA-2024-100771,2024-07-16,2024-07-20,Same Day,CG-10099,Julia Barnett,Home Office,United States,Seattle,Washington,90001,South,PROD-10771,Furniture,Chairs,Premium Chairs v2,256.75,4,0.0,92.38
773,CA-2024-100772,2023-03-22,2023-03-26,Second Class,CG-10093,Claire Gute,Corporate,United States,Chicago,Texas,90001,West,PROD-10772,Office Supplies,Supplies,Premium Supplies v3,158.02,1,0.0,43.87
774,CA-2024-100773,2023-05-13,2023-05-15,Second Class,CG-10065,Julia Barnett,Corporate,United States,San Francisco,Florida,90001,South,PROD-10773,Technology,Phones,Premium Phones v4,620.53,4,0.0,227.4
775,CA-2024-100774,2023-05-18,2023-05-21,Second Class,CG-10068,Emily Burns,Consumer,United States,Miami,Texas,90001,West,PROD-10774,Furniture,Furnishings,Premium Furnishings v5,108.79,6,0.5,-31.05
776,CA-2024-100775,2023-07-03,2023-07-08,First Class,CG-10028,Julia Barnett,Consumer,United States,Seattle,Illinois,90001,West,PROD-10775,Office Supplies,Binders,Premium Binders v1,711.02,6,0.1,168.86
777,CA-2024-100776,2024-02-05,2024-02-08,Standard Class,CG-10018,Sanford Allen,Home Office,United States,Miami,Illinois,90001,Central,PROD-10776,Furniture,Chairs,Premium Chairs v2,52.13,7,0.1,9.05
778,CA-2024-100777,2023-11-26,2023-11-29,First Class,CG-10026,Carol Adams,Corporate,United States,New York City,California,90001,East,PROD-10777,Furniture,Chairs,Premium Chairs v3,141.46,5,0.1,33.25
779,CA-2024-100778,2024-05-22,2024-05-24,Standard Class,CG-10104,Carol Adams,Corporate,United States,San Francisco,Florida,90001,West,PROD-10778,Technology,Copiers,Premium Copiers v4,666.75,9,0.3,45.84
780,CA-2024-100779,2023-03-10,2023-03-13,Standard Class,CG-10147,Aaron Bergman,Consumer,United States,Miami,New York,90001,East,PROD-10779,Office Supplies,Storage,Premium Storage v5,715.82,2,0.2,68.41
781,CA-2024-100780,2024-06-29,2024-06-30,Standard Class,CG-10055,Sanford Allen,Consumer,United States,San Francisco,Texas,90001,East,PROD-10780,Technology,Accessories,Premium Accessories v1,49.35,2,0.2,-8.41
782,CA-2024-100781,2023-02-22,2023-02-26,Standard Class,CG-10119,Carol Adams,Home Office,United States,Chicago,Washington,90001,East,PROD-10781,Technology,Accessories,Premium Accessories v2,694.45,4,0.0,193.18
783,CA-2024-100782,2024-03-25,2024-03-26,Standard Class,CG-10124,Emily Burns,Consumer,United States,Los Angeles,Florida,90001,West,PROD-10782,Furniture,Tables,Premium Tables v3,1008.63,4,0.0,317.91
784,CA-2024-100783,2023-07-24,2023-07-29,Standard Class,CG-10134,Julia Barnett,Consumer,United States,New York City,California,90001,East,PROD-10783,Technology,Copiers,Premium Copiers v4,870.94,4,0.5,-149.27
785,CA-2024-100784,2023-05-06,2023-05-10,Standard Class,CG-10129,Julia Barnett,Consumer,United States,New York City,Washington,90001,West,PROD-10784,Office Supplies,Supplies,Premium Supplies v5,170.45,1,0.5,-31.18
786,CA-2024-100785,2023-02-12,2023-02-15,Standard Class,CG-10008,Claire Gute,Home Office,United States,San Francisco,Texas,90001,Central,PROD-10785,Technology,Phones,Premium Phones v1,717.08,4,0.5,-115.1
787,CA-2024-100786,2023-04-21,2023-04-26,Standard Class,CG-10051,Claire Gute,Consumer,United States,Chicago,Florida,90001,West,PROD-10786,Technology,Accessories,Premium Accessories v2,811.62,5,0.5,-178.05
788,CA-2024-100787,2024-10-24,2024-10-28,Second Class,CG-10085,Julia Barnett,Home Office,United States,Chicago,Texas,90001,South,PROD-10787,Technology,Phones,Premium Phones v3,59.12,9,0.3,40.01
789,CA-2024-100788,2023-07-02,2023-07-05,Same Day,CG-10025,Emily Burns,Consumer,United States,Seattle,Florida,90001,Central,PROD-10788,Furniture,Bookcases,Premium Bookcases v4,1028.59,3,0.2,140.02
790,CA-2024-100789,2023-04-05,2023-04-06,Second Class,CG-10083,Julia Barnett,Home Office,United States,Los Angeles,Florida,90001,East,PROD-10789,Office Supplies,Supplies,Premium Supplies v5,1088.93,3,0.3,48.98
791,CA-2024-100790,2024-01-09,2024-01-13,Same Day,CG-10093,Claire Gute,Corporate,United States,Miami,Texas,90001,East,PROD-10790,Furniture,Furnishings,Premium Furnishings v1,1022.79,5,0.2,147.83
792,CA-2024-100791,2024-06-03,2024-06-06,Second Class,CG-10117,Carol Adams,Consumer,United States,Seattle,Texas,90001,South,PROD-10791,Furniture,Bookcases,Premium Bookcases v2,992.19,6,0.0,302.59
793,CA-2024-100792,2023-12-26,2023-12-27,Standard Class,CG-10138,Aaron Bergman,Corporate,United States,Miami,Washington,90001,Central,PROD-10792,Furniture,Chairs,Premium Chairs v3,897.78,3,0.0,277.28
794,CA-2024-100793,2024-11-26,2024-12-01,Second Class,CG-10056,Claire Gute,Consumer,United States,Miami,California,90001,South,PROD-10793,Furniture,Chairs,Premium Chairs v4,765.62,1,0.5,-120.91
795,CA-2024-100794,2023-10-08,2023-10-13,Second Class,CG-10012,Emily Burns,Consumer,United States,Miami,Texas,90001,East,PROD-10794,Furniture,Furnishings,Premium Furnishings v5,819.17,8,0.0,235.14
796,CA-2024-100795,2023-07-14,2023-07-19,Standard Class,CG-10120,Carol Adams,Home Office,United States,Seattle,Illinois,90001,West,PROD-10795,Office Supplies,Art,Premium Art v1,970.58,1,0.3,1.98
797,CA-2024-100796,2023-07-14,2023-07-19,Standard Class,CG-10071,Carol Adams,Consumer,United States,New York City,California,90001,East,PROD-10796,Technology,Copiers,Premium Copiers v2,800.06,2,0.0,228.32
798,CA-2024-100797,2024-10-28,2024-10-30,Second Class,CG-10017,Carol Adams,Consumer,United States,Chicago,Illinois,90001,South,PROD-10797,Furniture,Bookcases,Premium Bookcases v3,403.36,3,0.0,132.85
799,CA-2024-100798,2023-04-03,2023-04-07,Standard Class,CG-10122,Sanford Allen,Consumer,United States,New York City,Washington,90001,West,PROD-10798,Furniture,Bookcases,Premium Bookcases v4,460.51,6,0.0,156.79
800,CA-2024-100799,2024-11-02,2024-11-06,Second Class,CG-10124,Sanford Allen,Consumer,United States,Los Angeles,Texas,90001,West,PROD-10799,Office Supplies,Art,Premium Art v5,1078.01,4,0.0,318.18
801,CA-2024-100800,2023-03-02,2023-03-04,Standard Class,CG-10010,Carol Adams,Home Office,United States,Seattle,California,90001,East,PROD-10800,Office Supplies,Storage,Premium Storage v1,35.29,4,0.0,-7.55
802,CA-2024-100801,2024-09-25,2024-09-28,Standard Class,CG-10031,Emily Burns,Consumer,United States,Los Angeles,Texas,90001,West,PROD-10801,Technology,Machines,Premium Machines v2,843.1,9,0.0,283.28
803,CA-2024-100802,2023-02-20,2023-02-23,Standard Class,CG-10060,Julia Barnett,Home Office,United States,Chicago,Florida,90001,Central,PROD-10802,Office Supplies,Paper,Premium Paper v3,1146.41,6,0.3,-18.6
804,CA-2024-100803,2024-02-07,2024-02-12,Standard Class,CG-10070,Emily Burns,Home Office,United States,Chicago,Texas,90001,East,PROD-10803,Technology,Machines,Premium Machines v4,851.88,2,0.0,303.7
805,CA-2024-100804,2023-01-05,2023-01-06,Standard Class,CG-10017,Sanford Allen,Consumer,United States,Houston,California,90001,East,PROD-10804,Furniture,Chairs,Premium Chairs v5,1192.79,7,0.0,353.35
806,CA-2024-100805,2024-04-10,2024-04-13,Second Class,CG-10050,Claire Gute,Consumer,United States,Los Angeles,Texas,90001,Central,PROD-10805,Furniture,Bookcases,Premium Bookcases v1,829.74,3,0.0,275.4
807,CA-2024-100806,2024-08-26,2024-08-27,First Class,CG-10037,Sanford Allen,Home Office,United States,New York City,Texas,90001,East,PROD-10806,Technology,Machines,Premium Machines v2,55.72,9,0.2,16.0
808,CA-2024-100807,2024-11-12,2024-11-16,First Class,CG-10118,Julia Barnett,Consumer,United States,San Francisco,New York,90001,South,PROD-10807,Office Supplies,Paper,Premium Paper v3,995.01,6,0.2,83.68
809,CA-2024-100808,2024-06-17,2024-06-18,Standard Class,CG-10080,Aaron Bergman,Consumer,United States,Los Angeles,New York,90001,South,PROD-10808,Technology,Accessories,Premium Accessories v4,352.29,8,0.2,48.28
810,CA-2024-100809,2024-02-09,2024-02-13,Second Class,CG-10011,Sanford Allen,Consumer,United States,Seattle,California,90001,East,PROD-10809,Office Supplies,Binders,Premium Binders v5,543.58,1,0.0,179.25
811,CA-2024-100810,2024-05-27,2024-05-29,Standard Class,CG-10134,Emily Burns,Corporate,United States,Chicago,California,90001,Central,PROD-10810,Furniture,Bookcases,Premium Bookcases v1,384.83,2,0.0,155.28
812,CA-2024-100811,2024-10-06,2024-10-08,Standard Class,CG-10123,Emily Burns,Corporate,United States,Chicago,Florida,90001,West,PROD-10811,Office Supplies,Storage,Premium Storage v2,333.24,6,0.2,64.59
813,CA-2024-100812,2023-08-21,2023-08-26,Standard Class,CG-10035,Carol Adams,Consumer,United States,Los Angeles,Florida,90001,Central,PROD-10812,Technology,Accessories,Premium Accessories v3,526.22,3,0.3,-14.45
814,CA-2024-100813,2024-06-07,2024-06-10,Standard Class,CG-10033,Carol Adams,Consumer,United States,Los Angeles,Texas,90001,South,PROD-10813,Technology,Copiers,Premium Copiers v4,463.82,1,0.0,133.79
815,CA-2024-100814,2023-12-12,2023-12-17,Standard Class,CG-10018,Carol Adams,Home Office,United States,Miami,Illinois,90001,East,PROD-10814,Furniture,Furnishings,Premium Furnishings v5,765.51,6,0.1,154.93
816,CA-2024-100815,2023-02-15,2023-02-19,Standard Class,CG-10013,Aaron Bergman,Corporate,United States,Los Angeles,California,90001,Central,PROD-10815,Office Supplies,Art,Premium Art v1,978.58,5,0.0,281.72
817,CA-2024-100816,2024-06-29,2024-07-04,Second Class,CG-10090,Julia Barnett,Corporate,United States,Miami,Texas,90001,West,PROD-10816,Office Supplies,Appliances,Premium Appliances v2,367.05,9,0.0,122.1
818,CA-2024-100817,2023-03-19,2023-03-20,Second Class,CG-10110,Claire Gute,Corporate,United States,Seattle,Illinois,90001,West,PROD-10817,Office Supplies,Supplies,Premium Supplies v3,268.26,6,0.2,75.73
819,CA-2024-100818,2023-03-14,2023-03-18,Standard Class,CG-10001,Emily Burns,Consumer,United States,Seattle,New York,90001,West,PROD-10818,Furniture,Furnishings,Premium Furnishings v4,805.27,5,0.1,177.08
820,CA-2024-100819,2023-09-06,2023-09-08,Standard Class,CG-10063,Emily Burns,Corporate,United States,New York City,Florida,90001,West,PROD-10819,Office Supplies,Supplies,Premium Supplies v5,809.33,1,0.0,274.73
821,CA-2024-100820,2023-02-16,2023-02-19,Standard Class,CG-10034,Julia Barnett,Consumer,United States,Los Angeles,California,90001,Central,PROD-10820,Technology,Accessories,Premium Accessories v1,1082.84,1,0.0,352.66
822,CA-2024-100821,2023-05-01,2023-05-05,Standard Class,CG-10103,Aaron Bergman,Consumer,United States,New York City,Texas,90001,West,PROD-10821,Office Supplies,Art,Premium Art v2,33.9,1,0.5,32.71
823,CA-2024-100822,2023-08-02,2023-08-06,Second Class,CG-10010,Carol Adams,Corporate,United States,San Francisco,New York,90001,South,PROD-10822,Furniture,Furnishings,Premium Furnishings v3,1025.85,7,0.3,-4.9
824,CA-2024-100823,2023-08-27,2023-08-28,Standard Class,CG-10128,Julia Barnett,Consumer,United States,Houston,Washington,90001,West,PROD-10823,Office Supplies,Binders,Premium Binders v4,632.39,6,0.3,32.77
825,CA-2024-100824,2023-02-25,2023-02-28,Second Class,CG-10007,Claire Gute,Home Office,United States,Seattle,New York,90001,South,PROD-10824,Office Supplies,Storage,Premium Storage v5,751.24,5,0.1,191.94
826,CA-2024-100825,2023-12-16,2023-12-18,First Class,CG-10056,Carol Adams,Consumer,United States,Chicago,Texas,90001,Central,PROD-10825,Technology,Copiers,Premium Copiers v1,123.28,4,0.2,4.33
827,CA-2024-100826,2023-04-17,2023-04-21,Standard Class,CG-10080,Claire Gute,Home Office,United States,Miami,Florida,90001,South,PROD-10826,Office Supplies,Appliances,Premium Appliances v2,527.65,8,0.0,162.57
828,CA-2024-100827,2023-02-17,2023-02-21,Same Day,CG-10012,Sanford Allen,Home Office,United States,Houston,Illinois,90001,Central,PROD-10827,Technology,Accessories,Premium Accessories v3,284.35,8,0.0,133.21
829,CA-2024-100828,2024-07-26,2024-07-27,Standard Class,CG-10145,Claire Gute,Consumer,United States,Chicago,Washington,90001,West,PROD-10828,Technology,Accessories,Premium Accessories v4,316.26,5,0.1,97.91
830,CA-2024-100829,2023-12-03,2023-12-08,Standard Class,CG-10048,Carol Adams,Corporate,United States,Houston,Washington,90001,East,PROD-10829,Furniture,Furnishings,Premium Furnishings v5,612.35,4,0.1,122.25
831,CA-2024-100830,2023-01-26,2023-01-28,Standard Class,CG-10026,Sanford Allen,Consumer,United States,New York City,Florida,90001,South,PROD-10830,Technology,Machines,Premium Machines v1,977.76,2,0.0,312.8
832,CA-2024-100831,2023-09-14,2023-09-17,Standard Class,CG-10112,Carol Adams,Home Office,United States,New York City,Washington,90001,South,PROD-10831,Technology,Machines,Premium Machines v2,896.38,7,0.3,8.3
833,CA-2024-100832,2023-01-08,2023-01-12,Standard Class,CG-10122,Emily Burns,Consumer,United States,Miami,California,90001,East,PROD-10832,Furniture,Chairs,Premium Chairs v3,715.33,5,0.0,228.9
834,CA-2024-100833,2024-09-16,2024-09-20,Standard Class,CG-10012,Carol Adams,Corporate,United States,Seattle,Texas,90001,Central,PROD-10833,Technology,Phones,Premium Phones v4,654.21,3,0.0,201.12
835,CA-2024-100834,2023-09-10,2023-09-12,Second Class,CG-10149,Sanford Allen,Consumer,United States,San Francisco,Washington,90001,Central,PROD-10834,Furniture,Furnishings,Premium Furnishings v5,521.36,9,0.0,155.96
836,CA-2024-100835,2024-11-22,2024-11-27,First Class,CG-10042,Claire Gute,Consumer,United States,Miami,New York,90001,West,PROD-10835,Office Supplies,Art,Premium Art v1,1167.66,9,0.1,260.77
837,CA-2024-100836,2023-10-30,2023-11-03,Second Class,CG-10061,Emily Burns,Consumer,United States,San Francisco,Illinois,90001,South,PROD-10836,Furniture,Furnishings,Premium Furnishings v2,678.83,8,0.0,238.15
838,CA-2024-100837,2024-09-30,2024-10-02,Standard Class,CG-10058,Aaron Bergman,Consumer,United States,Chicago,Texas,90001,Central,PROD-10837,Technology,Machines,Premium Machines v3,315.95,1,0.0,135.96
839,CA-2024-100838,2023-02-25,2023-02-26,Second Class,CG-10034,Aaron Bergman,Corporate,United States,Houston,Florida,90001,West,PROD-10838,Furniture,Bookcases,Premium Bookcases v4,287.66,3,0.1,48.41
840,CA-2024-100839,2024-06-09,2024-06-14,Second Class,CG-10007,Aaron Bergman,Corporate,United States,Miami,New York,90001,Central,PROD-10839,Technology,Accessories,Premium Accessories v5,739.45,2,0.1,185.49
841,CA-2024-100840,2024-04-18,2024-04-21,First Class,CG-10109,Aaron Bergman,Corporate,United States,San Francisco,California,90001,East,PROD-10840,Office Supplies,Storage,Premium Storage v1,634.55,4,0.1,124.75
842,CA-2024-100841,2023-01-28,2023-02-01,First Class,CG-10035,Julia Barnett,Consumer,United States,Los Angeles,Washington,90001,East,PROD-10841,Furniture,Chairs,Premium Chairs v2,24.12,2,0.0,17.15
843,CA-2024-100842,2023-03-19,2023-03-21,First Class,CG-10015,Aaron Bergman,Consumer,United States,Los Angeles,New York,90001,East,PROD-10842,Office Supplies,Paper,Premium Paper v3,998.63,8,0.1,242.83
844,CA-2024-100843,2023-08-04,2023-08-05,Standard Class,CG-10025,Sanford Allen,Consumer,United States,Seattle,Texas,90001,West,PROD-10843,Technology,Phones,Premium Phones v4,849.38,1,0.1,181.69
845,CA-2024-100844,2024-01-21,2024-01-24,Second Class,CG-10059,Aaron Bergman,Home Office,United States,San Francisco,New York,90001,South,PROD-10844,Technology,Copiers,Premium Copiers v5,799.27,4,0.0,233.58
846,CA-2024-100845,2023-12-31,2024-01-02,Standard Class,CG-10079,Carol Adams,Home Office,United States,Miami,California,90001,East,PROD-10845,Office Supplies,Art,Premium Art v1,96.51,5,0.3,-8.81
847,CA-2024-100846,2024-10-27,2024-10-29,Same Day,CG-10086,Aaron Bergman,Consumer,United States,Chicago,Illinois,90001,East,PROD-10846,Furniture,Furnishings,Premium Furnishings v2,444.04,4,0.1,101.92
848,CA-2024-100847,2024-06-09,2024-06-12,Standard Class,CG-10134,Claire Gute,Consumer,United States,Los Angeles,Washington,90001,Central,PROD-10847,Furniture,Chairs,Premium Chairs v3,1123.43,8,0.0,370.42
849,CA-2024-100848,2024-11-29,2024-11-30,Standard Class,CG-10088,Sanford Allen,Consumer,United States,Seattle,Texas,90001,East,PROD-10848,Technology,Copiers,Premium Copiers v4,1037.17,2,0.5,-157.63
850,CA-2024-100849,2023-11-08,2023-11-09,Standard Class,CG-10149,Sanford Allen,Corporate,United States,Miami,Washington,90001,South,PROD-10849,Office Supplies,Supplies,Premium Supplies v5,353.37,9,0.3,35.12
851,CA-2024-100850,2023-01-07,2023-01-12,Second Class,CG-10071,Emily Burns,Corporate,United States,Seattle,Washington,90001,West,PROD-10850,Office Supplies,Paper,Premium Paper v1,201.11,2,0.5,1.17
852,CA-2024-100851,2023-01-03,2023-01-07,Standard Class,CG-10121,Julia Barnett,Corporate,United States,Chicago,Florida,90001,East,PROD-10851,Furniture,Bookcases,Premium Bookcases v2,547.17,2,0.2,87.07
853,CA-2024-100852,2024-09-14,2024-09-17,Standard Class,CG-10093,Carol Adams,Consumer,United States,Los Angeles,Washington,90001,West,PROD-10852,Furniture,Chairs,Premium Chairs v3,436.66,2,0.0,173.68
854,CA-2024-100853,2023-12-29,2024-01-01,Same Day,CG-10096,Sanford Allen,Corporate,United States,Los Angeles,New York,90001,West,PROD-10853,Furniture,Tables,Premium Tables v4,823.44,8,0.0,232.37
855,CA-2024-100854,2024-05-22,2024-05-25,First Class,CG-10032,Claire Gute,Corporate,United States,Los Angeles,New York,90001,South,PROD-10854,Office Supplies,Appliances,Premium Appliances v5,1160.23,3,0.2,161.12
856,CA-2024-100855,2023-10-01,2023-10-02,Standard Class,CG-10053,Aaron Bergman,Consumer,United States,San Francisco,Illinois,90001,Central,PROD-10855,Furniture,Bookcases,Premium Bookcases v1,445.16,8,0.5,-81.28
857,CA-2024-100856,2024-05-20,2024-05-24,Standard Class,CG-10059,Sanford Allen,Corporate,United States,New York City,California,90001,Central,PROD-10856,Furniture,Chairs,Premium Chairs v2,88.74,7,0.2,53.39
858,CA-2024-100857,2023-01-15,2023-01-20,First Class,CG-10069,Claire Gute,Consumer,United States,San Francisco,Texas,90001,West,PROD-10857,Technology,Machines,Premium Machines v3,1078.67,4,0.3,-14.7
859,CA-2024-100858,2023-07-11,2023-07-13,First Class,CG-10132,Aaron Bergman,Consumer,United States,Los Angeles,New York,90001,East,PROD-10858,Furniture,Furnishings,Premium Furnishings v4,59.97,7,0.0,48.06
860,CA-2024-100859,2024-09-22,2024-09-24,Standard Class,CG-10086,Julia Barnett,Home Office,United States,Houston,Washington,90001,West,PROD-10859,Furniture,Furnishings,Premium Furnishings v5,1144.03,8,0.1,260.3
861,CA-2024-100860,2024-04-29,2024-05-02,Second Class,CG-10018,Sanford Allen,Consumer,United States,New York City,California,90001,Central,PROD-10860,Office Supplies,Art,Premium Art v1,802.53,6,0.5,-110.72
862,CA-2024-100861,2023-01-28,2023-02-01,Standard Class,CG-10081,Sanford Allen,Home Office,United States,Miami,Texas,90001,East,PROD-10861,Office Supplies,Binders,Premium Binders v2,1130.9,6,0.2,146.91
863,CA-2024-100862,2023-02-08,2023-02-09,First Class,CG-10114,Claire Gute,Corporate,United States,San Francisco,Texas,90001,Central,PROD-10862,Technology,Phones,Premium Phones v3,251.6,3,0.5,-43.54
864,CA-2024-100863,2023-09-30,2023-10-04,Second Class,CG-10024,Emily Burns,Consumer,United States,New York City,Texas,90001,South,PROD-10863,Furniture,Tables,Premium Tables v4,63.23,5,0.2,25.33
865,CA-2024-100864,2023-08-19,2023-08-23,Standard Class,CG-10066,Carol Adams,Corporate,United States,New York City,Texas,90001,Central,PROD-10864,Technology,Phones,Premium Phones v5,593.53,2,0.1,124.36
866,CA-2024-100865,2023-03-27,2023-03-28,Standard Class,CG-10141,Julia Barnett,Corporate,United States,San Francisco,Illinois,90001,East,PROD-10865,Office Supplies,Appliances,Premium Appliances v1,548.99,5,0.1,103.52
867,CA-2024-100866,2024-04-18,2024-04-21,First Class,CG-10062,Carol Adams,Consumer,United States,San Francisco,Texas,90001,East,PROD-10866,Technology,Phones,Premium Phones v2,407.82,5,0.5,-84.17
868,CA-2024-100867,2023-05-06,2023-05-10,Second Class,CG-10054,Sanford Allen,Consumer,United States,New York City,California,90001,West,PROD-10867,Office Supplies,Supplies,Premium Supplies v3,1149.82,7,0.1,225.5
869,CA-2024-100868,2024-06-20,2024-06-22,Standard Class,CG-10143,Carol Adams,Consumer,United States,Seattle,New York,90001,East,PROD-10868,Technology,Machines,Premium Machines v4,989.76,4,0.0,315.35
870,CA-2024-100869,2023-05-25,2023-05-26,Second Class,CG-10131,Aaron Bergman,Consumer,United States,Houston,California,90001,South,PROD-10869,Technology,Phones,Premium Phones v5,798.97,6,0.1,203.23
871,CA-2024-100870,2024-06-08,2024-06-13,Second Class,CG-10037,Julia Barnett,Consumer,United States,Chicago,Washington,90001,Central,PROD-10870,Furniture,Bookcases,Premium Bookcases v1,207.99,9,0.1,85.49
872,CA-2024-100871,2023-07-31,2023-08-03,Standard Class,CG-10037,Carol Adams,Consumer,United States,Los Angeles,Florida,90001,West,PROD-10871,Technology,Phones,Premium Phones v2,885.17,4,0.0,249.38
873,CA-2024-100872,2023-01-25,2023-01-26,Second Class,CG-10131,Aaron Bergman,Consumer,United States,San Francisco,Illinois,90001,West,PROD-10872,Furniture,Chairs,Premium Chairs v3,876.51,6,0.2,73.24
874,CA-2024-100873,2024-08-02,2024-08-07,Standard Class,CG-10035,Claire Gute,Home Office,United States,New York City,Illinois,90001,East,PROD-10873,Furniture,Furnishings,Premium Furnishings v4,518.71,9,0.0,152.77
875,CA-2024-100874,2024-01-29,2024-02-03,First Class,CG-10124,Carol Adams,Consumer,United States,Chicago,Washington,90001,South,PROD-10874,Furniture,Chairs,Premium Chairs v5,1110.87,1,0.1,220.03
876,CA-2024-100875,2023-03-08,2023-03-12,Standard Class,CG-10018,Julia Barnett,Corporate,United States,San Francisco,California,90001,West,PROD-10875,Furniture,Chairs,Premium Chairs v1,212.87,8,0.3,-13.36
877,CA-2024-100876,2023-08-21,2023-08-25,Standard Class,CG-10122,Aaron Bergman,Corporate,United States,Seattle,California,90001,South,PROD-10876,Technology,Copiers,Premium Copiers v2,331.8,1,0.1,73.55
878,CA-2024-100877,2023-04-19,2023-04-23,Standard Class,CG-10048,Carol Adams,Corporate,United States,Chicago,Washington,90001,South,PROD-10877,Office Supplies,Paper,Premium Paper v3,89.92,4,0.3,21.14
879,CA-2024-100878,2023-05-26,2023-05-27,Second Class,CG-10017,Claire Gute,Consumer,United States,New York City,Florida,90001,Central,PROD-10878,Office Supplies,Art,Premium Art v4,957.61,3,0.0,307.75
880,CA-2024-100879,2023-04-21,2023-04-22,Second Class,CG-10135,Carol Adams,Home Office,United States,Miami,Texas,90001,Central,PROD-10879,Office Supplies,Storage,Premium Storage v5,751.78,4,0.5,-132.32
881,CA-2024-100880,2023-08-16,2023-08-19,First Class,CG-10057,Aaron Bergman,Corporate,United States,Houston,Texas,90001,Central,PROD-10880,Technology,Machines,Premium Machines v1,388.2,7,0.0,120.17
882,CA-2024-100881,2023-04-21,2023-04-25,Second Class,CG-10008,Carol Adams,Home Office,United States,Chicago,New York,90001,South,PROD-10881,Furniture,Bookcases,Premium Bookcases v2,209.12,9,0.0,92.19
883,CA-2024-100882,2024-04-14,2024-04-19,Standard Class,CG-10128,Julia Barnett,Consumer,United States,San Francisco,California,90001,Central,PROD-10882,Office Supplies,Paper,Premium Paper v3,62.58,9,0.3,37.85
884,CA-2024-100883,2023-02-03,2023-02-05,Same Day,CG-10117,Sanford Allen,Consumer,United States,New York City,California,90001,West,PROD-10883,Technology,Copiers,Premium Copiers v4,212.59,1,0.2,25.5
885,CA-2024-100884,2024-09-14,2024-09-17,Standard Class,CG-10056,Aaron Bergman,Corporate,United States,San Francisco,Washington,90001,West,PROD-10884,Furniture,Tables,Premium Tables v5,552.14,1,0.0,151.63
886,CA-2024-100885,2024-01-04,2024-01-05,First Class,CG-10126,Aaron Bergman,Consumer,United States,New York City,Washington,90001,East,PROD-10885,Office Supplies,Art,Premium Art v1,307.9,9,0.5,-60.84
887,CA-2024-100886,2024-08-17,2024-08-20,Standard Class,CG-10059,Aaron Bergman,Consumer,United States,Los Angeles,Texas,90001,South,PROD-10886,Furniture,Bookcases,Premium Bookcases v2,321.89,4,0.1,53.99
888,CA-2024-100887,2024-07-07,2024-07-10,Second Class,CG-10058,Aaron Bergman,Consumer,United States,Miami,California,90001,Central,PROD-10887,Office Supplies,Binders,Premium Binders v3,1052.56,3,0.5,-197.8
889,CA-2024-100888,2024-02-29,2024-03-03,Second Class,CG-10140,Carol Adams,Corporate,United States,Los Angeles,California,90001,West,PROD-10888,Office Supplies,Art,Premium Art v4,625.44,9,0.1,116.0
890,CA-2024-100889,2024-09-04,2024-09-07,Second Class,CG-10108,Julia Barnett,Home Office,United States,Miami,Illinois,90001,South,PROD-10889,Office Supplies,Appliances,Premium Appliances v5,879.16,5,0.1,188.23
891,CA-2024-100890,2024-06-01,2024-06-03,Standard Class,CG-10074,Claire Gute,Consumer,United States,Houston,New York,90001,South,PROD-10890,Furniture,Bookcases,Premium Bookcases v1,57.32,6,0.1,6.93
892,CA-2024-100891,2024-11-22,2024-11-26,Standard Class,CG-10148,Julia Barnett,Home Office,United States,Los Angeles,New York,90001,Central,PROD-10891,Technology,Phones,Premium Phones v2,447.72,1,0.0,166.03
893,CA-2024-100892,2023-10-09,2023-10-14,Standard Class,CG-10101,Aaron Bergman,Corporate,United States,Houston,Texas,90001,South,PROD-10892,Furniture,Furnishings,Premium Furnishings v3,582.82,1,0.1,98.49
894,CA-2024-100893,2023-11-16,2023-11-19,First Class,CG-10048,Emily Burns,Consumer,United States,San Francisco,Florida,90001,Central,PROD-10893,Office Supplies,Storage,Premium Storage v4,235.9,7,0.1,66.01
895,CA-2024-100894,2024-03-18,2024-03-21,Standard Class,CG-10071,Carol Adams,Home Office,United States,Seattle,California,90001,Central,PROD-10894,Furniture,Chairs,Premium Chairs v5,157.43,8,0.0,39.09
896,CA-2024-100895,2023-11-11,2023-11-14,First Class,CG-10116,Emily Burns,Home Office,United States,Seattle,Illinois,90001,Central,PROD-10895,Technology,Accessories,Premium Accessories v1,1046.31,8,0.0,293.96
897,CA-2024-100896,2024-01-12,2024-01-16,Standard Class,CG-10122,Carol Adams,Corporate,United States,Miami,California,90001,South,PROD-10896,Furniture,Bookcases,Premium Bookcases v2,1128.23,7,0.0,379.31
898,CA-2024-100897,2023-10-16,2023-10-17,Standard Class,CG-10078,Aaron Bergman,Consumer,United States,Miami,Washington,90001,South,PROD-10897,Technology,Phones,Premium Phones v3,108.39,9,0.3,27.01
899,CA-2024-100898,2024-03-12,2024-03-13,Second Class,CG-10029,Carol Adams,Corporate,United States,Los Angeles,Texas,90001,Central,PROD-10898,Technology,Phones,Premium Phones v4,428.59,1,0.1,72.64
900,CA-2024-100899,2024-10-23,2024-10-25,Standard Class,CG-10093,Aaron Bergman,Consumer,United States,Seattle,Florida,90001,South,PROD-10899,Furniture,Chairs,Premium Chairs v5,1150.57,2,0.2,141.54
901,CA-2024-100900,2023-10-04,2023-10-05,Same Day,CG-10073,Julia Barnett,Consumer,United States,Chicago,New York,90001,Central,PROD-10900,Office Supplies,Appliances,Premium Appliances v1,113.55,3,0.5,0.11
902,CA-2024-100901,2024-08-04,2024-08-07,Second Class,CG-10100,Sanford Allen,Consumer,United States,Chicago,California,90001,East,PROD-10901,Technology,Accessories,Premium Accessories v2,777.72,5,0.2,90.91
903,CA-2024-100902,2024-05-17,2024-05-20,Standard Class,CG-10074,Carol Adams,Home Office,United States,San Francisco,Florida,90001,South,PROD-10902,Furniture,Tables,Premium Tables v3,1167.08,4,0.5,-224.07
904,CA-2024-100903,2024-09-15,2024-09-18,Standard Class,CG-10095,Aaron Bergman,Home Office,United States,Chicago,Texas,90001,South,PROD-10903,Technology,Accessories,Premium Accessories v4,1174.2,4,0.0,394.35
905,CA-2024-100904,2024-05-30,2024-06-01,Standard Class,CG-10017,Emily Burns,Consumer,United States,San Francisco,New York,90001,East,PROD-10904,Office Supplies,Appliances,Premium Appliances v5,573.4,8,0.0,169.18
906,CA-2024-100905,2023-12-16,2023-12-19,Standard Class,CG-10137,Aaron Bergman,Consumer,United States,Seattle,California,90001,East,PROD-10905,Furniture,Chairs,Premium Chairs v1,207.86,8,0.1,49.45
907,CA-2024-100906,2024-03-21,2024-03-22,Second Class,CG-10097,Emily Burns,Home Office,United States,Chicago,Illinois,90001,East,PROD-10906,Furniture,Tables,Premium Tables v2,254.47,7,0.1,53.93
908,CA-2024-100907,2023-12-16,2023-12-20,Standard Class,CG-10009,Carol Adams,Consumer,United States,Houston,Texas,90001,Central,PROD-10907,Furniture,Bookcases,Premium Bookcases v3,1069.18,1,0.3,33.98
909,CA-2024-100908,2024-08-29,2024-09-02,Standard Class,CG-10135,Claire Gute,Corporate,United States,New York City,California,90001,Central,PROD-10908,Office Supplies,Paper,Premium Paper v4,1095.34,4,0.1,263.22
910,CA-2024-100909,2024-10-25,2024-10-30,Standard Class,CG-10144,Emily Burns,Consumer,United States,Miami,New York,90001,West,PROD-10909,Technology,Copiers,Premium Copiers v5,735.34,1,0.0,260.09
911,CA-2024-100910,2023-05-17,2023-05-18,Standard Class,CG-10019,Aaron Bergman,Consumer,United States,Los Angeles,New York,90001,East,PROD-10910,Furniture,Tables,Premium Tables v1,922.92,5,0.2,128.13
912,CA-2024-100911,2023-08-31,2023-09-03,Standard Class,CG-10134,Carol Adams,Home Office,United States,San Francisco,Illinois,90001,West,PROD-10911,Technology,Accessories,Premium Accessories v2,891.82,3,0.1,227.44
913,CA-2024-100912,2024-06-26,2024-06-30,First Class,CG-10114,Aaron Bergman,Consumer,United States,Houston,Texas,90001,Central,PROD-10912,Technology,Phones,Premium Phones v3,799.26,3,0.0,268.58
914,CA-2024-100913,2023-02-09,2023-02-10,Second Class,CG-10139,Claire Gute,Consumer,United States,Chicago,Texas,90001,South,PROD-10913,Office Supplies,Appliances,Premium Appliances v4,995.32,4,0.1,231.64
915,CA-2024-100914,2023-08-17,2023-08-21,Second Class,CG-10125,Sanford Allen,Consumer,United States,New York City,Florida,90001,East,PROD-10914,Furniture,Bookcases,Premium Bookcases v5,827.21,2,0.5,-116.65
916,CA-2024-100915,2024-07-01,2024-07-04,Second Class,CG-10061,Claire Gute,Home Office,United States,Los Angeles,California,90001,South,PROD-10915,Technology,Accessories,Premium Accessories v1,647.79,7,0.3,-19.51
917,CA-2024-100916,2023-08-11,2023-08-15,Standard Class,CG-10042,Julia Barnett,Home Office,United States,Houston,Florida,90001,Central,PROD-10916,Furniture,Chairs,Premium Chairs v2,295.79,4,0.1,83.54
918,CA-2024-100917,2023-01-06,2023-01-11,First Class,CG-10013,Carol Adams,Consumer,United States,Los Angeles,New York,90001,East,PROD-10917,Furniture,Tables,Premium Tables v3,896.51,5,0.0,300.68
919,CA-2024-100918,2023-11-18,2023-11-23,Standard Class,CG-10140,Claire Gute,Consumer,United States,San Francisco,New York,90001,West,PROD-10918,Office Supplies,Supplies,Premium Supplies v4,576.02,2,0.0,217.05
920,CA-2024-100919,2024-04-12,2024-04-16,Standard Class,CG-10085,Sanford Allen,Corporate,United States,San Francisco,Illinois,90001,West,PROD-10919,Furniture,Tables,Premium Tables v5,364.33,6,0.1,114.74
921,CA-2024-100920,2023-03-16,2023-03-17,Standard Class,CG-10020,Aaron Bergman,Consumer,United States,Miami,Illinois,90001,Central,PROD-10920,Furniture,Chairs,Premium Chairs v1,965.31,9,0.2,135.47
922,CA-2024-100921,2023-01-04,2023-01-05,Standard Class,CG-10050,Carol Adams,Corporate,United States,Seattle,Texas,90001,South,PROD-10921,Technology,Machines,Premium Machines v2,840.61,8,0.0,298.39
923,CA-2024-100922,2024-10-07,2024-10-08,Second Class,CG-10092,Emily Burns,Consumer,United States,San Francisco,Florida,90001,Central,PROD-10922,Office Supplies,Storage,Premium Storage v3,1125.75,8,0.0,355.34
924,CA-2024-100923,2023-04-28,2023-05-02,Standard Class,CG-10088,Claire Gute,Consumer,United States,Chicago,New York,90001,South,PROD-10923,Furniture,Bookcases,Premium Bookcases v4,211.05,2,0.5,-61.73
925,CA-2024-100924,2024-08-28,2024-08-29,Second Class,CG-10069,Sanford Allen,Corporate,United States,Houston,California,90001,Central,PROD-10924,Technology,Copiers,Premium Copiers v5,784.29,4,0.3,-19.23
926,CA-2024-100925,2024-05-18,2024-05-21,Standard Class,CG-10037,Claire Gute,Consumer,United States,Houston,Washington,90001,West,PROD-10925,Office Supplies,Storage,Premium Storage v1,304.42,8,0.2,48.57
927,CA-2024-100926,2024-07-27,2024-08-01,Standard Class,CG-10140,Julia Barnett,Home Office,United States,New York City,California,90001,South,PROD-10926,Office Supplies,Art,Premium Art v2,1085.75,1,0.0,336.19
928,CA-2024-100927,2024-03-16,2024-03-19,Second Class,CG-10099,Carol Adams,Consumer,United States,New York City,Illinois,90001,Central,PROD-10927,Technology,Accessories,Premium Accessories v3,132.91,8,0.0,51.46
929,CA-2024-100928,2023-07-13,2023-07-14,Standard Class,CG-10125,Aaron Bergman,Consumer,United States,New York City,California,90001,East,PROD-10928,Technology,Accessories,Premium Accessories v4,792.55,3,0.0,245.79
930,CA-2024-100929,2024-01-27,2024-01-30,Standard Class,CG-10054,Sanford Allen,Home Office,United States,Los Angeles,New York,90001,West,PROD-10929,Technology,Copiers,Premium Copiers v5,952.44,8,0.2,139.48
931,CA-2024-100930,2023-01-26,2023-01-27,Standard Class,CG-10130,Claire Gute,Consumer,United States,Chicago,Florida,90001,West,PROD-10930,Technology,Copiers,Premium Copiers v1,435.58,6,0.0,135.82
932,CA-2024-100931,2024-03-10,2024-03-14,Second Class,CG-10041,Carol Adams,Corporate,United States,Los Angeles,Texas,90001,East,PROD-10931,Technology,Phones,Premium Phones v2,1145.65,7,0.3,39.94
933,CA-2024-100932,2023-06-22,2023-06-25,Second Class,CG-10045,Claire Gute,Consumer,United States,Chicago,Florida,90001,Central,PROD-10932,Furniture,Tables,Premium Tables v3,1023.12,2,0.5,-161.42
934,CA-2024-100933,2023-10-27,2023-10-31,Standard Class,CG-10103,Carol Adams,Corporate,United States,Houston,Washington,90001,South,PROD-10933,Furniture,Bookcases,Premium Bookcases v4,364.12,1,0.0,124.2
935,CA-2024-100934,2024-10-06,2024-10-10,Same Day,CG-10106,Julia Barnett,Corporate,United States,San Francisco,Texas,90001,West,PROD-10934,Office Supplies,Storage,Premium Storage v5,23.94,6,0.1,16.07
936,CA-2024-100935,2023-11-22,2023-11-24,First Class,CG-10137,Claire Gute,Consumer,United States,San Francisco,Washington,90001,Central,PROD-10935,Furniture,Chairs,Premium Chairs v1,366.54,3,0.2,69.93
937,CA-2024-100936,2024-02-14,2024-02-15,Second Class,CG-10128,Julia Barnett,Home Office,United States,Los Angeles,Washington,90001,East,PROD-10936,Furniture,Bookcases,Premium Bookcases v2,348.35,4,0.5,-40.11
938,CA-2024-100937,2023-04-28,2023-05-03,Second Class,CG-10086,Emily Burns,Corporate,United States,Los Angeles,New York,90001,South,PROD-10937,Furniture,Bookcases,Premium Bookcases v3,1069.61,9,0.3,3.0
939,CA-2024-100938,2023-08-13,2023-08-14,Standard Class,CG-10047,Emily Burns,Consumer,United States,Los Angeles,New York,90001,Central,PROD-10938,Technology,Copiers,Premium Copiers v4,1161.04,3,0.0,335.49
940,CA-2024-100939,2024-06-15,2024-06-20,Second Class,CG-10005,Sanford Allen,Corporate,United States,Seattle,Illinois,90001,Central,PROD-10939,Office Supplies,Appliances,Premium Appliances v5,98.47,2,0.0,28.08
941,CA-2024-100940,2023-04-23,2023-04-24,Standard Class,CG-10001,Julia Barnett,Corporate,United States,Miami,Illinois,90001,West,PROD-10940,Office Supplies,Storage,Premium Storage v1,573.48,2,0.2,46.52
942,CA-2024-100941,2023-05-20,2023-05-24,Standard Class,CG-10044,Carol Adams,Consumer,United States,Chicago,Washington,90001,West,PROD-10941,Office Supplies,Paper,Premium Paper v2,664.77,2,0.2,67.11
943,CA-2024-100942,2024-07-12,2024-07-15,Same Day,CG-10038,Sanford Allen,Consumer,United States,San Francisco,Florida,90001,South,PROD-10942,Office Supplies,Art,Premium Art v3,125.1,6,0.0,35.86
944,CA-2024-100943,2023-01-01,2023-01-04,Second Class,CG-10019,Claire Gute,Consumer,United States,Chicago,Illinois,90001,Central,PROD-10943,Furniture,Furnishings,Premium Furnishings v4,462.33,2,0.1,117.11
945,CA-2024-100944,2023-03-31,2023-04-02,Standard Class,CG-10115,Claire Gute,Consumer,United States,Los Angeles,New York,90001,East,PROD-10944,Furniture,Tables,Premium Tables v5,390.74,7,0.2,85.89
946,CA-2024-100945,2024-10-15,2024-10-20,Standard Class,CG-10087,Carol Adams,Corporate,United States,Seattle,Illinois,90001,East,PROD-10945,Technology,Phones,Premium Phones v1,650.23,7,0.0,223.07
947,CA-2024-100946,2023-11-16,2023-11-21,Second Class,CG-10123,Aaron Bergman,Consumer,United States,Los Angeles,Washington,90001,South,PROD-10946,Office Supplies,Binders,Premium Binders v2,798.51,7,0.3,44.87
948,CA-2024-100947,2024-07-03,2024-07-08,Standard Class,CG-10082,Aaron Bergman,Home Office,United States,Chicago,Texas,90001,Central,PROD-10947,Furniture,Tables,Premium Tables v3,848.63,2,0.0,289.48
949,CA-2024-100948,2023-05-19,2023-05-23,Standard Class,CG-10141,Claire Gute,Consumer,United States,Miami,Florida,90001,West,PROD-10948,Furniture,Bookcases,Premium Bookcases v4,177.05,7,0.2,48.66
950,CA-2024-100949,2024-05-25,2024-05-30,Standard Class,CG-10058,Carol Adams,Consumer,United States,San Francisco,Florida,90001,Central,PROD-10949,Technology,Accessories,Premium Accessories v5,978.34,8,0.2,106.82
951,CA-2024-100950,2023-09-16,2023-09-19,Standard Class,CG-10146,Aaron Bergman,Corporate,United States,Miami,California,90001,West,PROD-10950,Technology,Machines,Premium Machines v1,819.07,8,0.0,248.46
952,CA-2024-100951,2024-11-03,2024-11-07,Second Class,CG-10067,Julia Barnett,Corporate,United States,Houston,Illinois,90001,East,PROD-10951,Technology,Machines,Premium Machines v2,1068.55,2,0.2,146.09
953,CA-2024-100952,2024-11-20,2024-11-21,Standard Class,CG-10122,Claire Gute,Corporate,United States,Seattle,Florida,90001,South,PROD-10952,Furniture,Furnishings,Premium Furnishings v3,547.46,5,0.2,98.12
954,CA-2024-100953,2023-01-10,2023-01-15,Second Class,CG-10087,Emily Burns,Consumer,United States,Miami,New York,90001,South,PROD-10953,Furniture,Tables,Premium Tables v4,1074.26,6,0.5,-203.22
955,CA-2024-100954,2023-09-18,2023-09-23,Standard Class,CG-10131,Julia Barnett,Consumer,United States,Seattle,Texas,90001,South,PROD-10954,Technology,Accessories,Premium Accessories v5,1040.94,9,0.0,292.92
956,CA-2024-100955,2024-10-11,2024-10-12,Second Class,CG-10055,Carol Adams,Consumer,United States,Los Angeles,New York,90001,West,PROD-10955,Office Supplies,Binders,Premium Binders v1,534.52,6,0.2,88.93
957,CA-2024-100956,2023-06-21,2023-06-26,Same Day,CG-10089,Emily Burns,Home Office,United States,Houston,Illinois,90001,East,PROD-10956,Technology,Copiers,Premium Copiers v2,466.65,6,0.2,46.62
958,CA-2024-100957,2023-01-13,2023-01-14,Second Class,CG-10058,Julia Barnett,Consumer,United States,Chicago,Washington,90001,East,PROD-10957,Technology,Phones,Premium Phones v3,1120.38,6,0.1,204.77
959,CA-2024-100958,2023-06-17,2023-06-21,First Class,CG-10063,Aaron Bergman,Home Office,United States,Miami,California,90001,South,PROD-10958,Technology,Copiers,Premium Copiers v4,862.47,9,0.3,36.35
960,CA-2024-100959,2024-10-03,2024-10-06,First Class,CG-10091,Aaron Bergman,Corporate,United States,Miami,California,90001,South,PROD-10959,Technology,Accessories,Premium Accessories v5,1114.97,7,0.0,350.71
961,CA-2024-100960,2024-08-18,2024-08-19,Standard Class,CG-10052,Emily Burns,Consumer,United States,New York City,Texas,90001,West,PROD-10960,Furniture,Chairs,Premium Chairs v1,959.42,1,0.0,315.79
962,CA-2024-100961,2023-11-17,2023-11-19,Second Class,CG-10126,Sanford Allen,Corporate,United States,San Francisco,Florida,90001,West,PROD-10961,Office Supplies,Art,Premium Art v2,737.02,1,0.1,191.43
963,CA-2024-100962,2023-11-15,2023-11-16,First Class,CG-10024,Claire Gute,Home Office,United States,Chicago,Florida,90001,Central,PROD-10962,Technology,Copiers,Premium Copiers v3,152.29,4,0.0,63.57
964,CA-2024-100963,2024-09-04,2024-09-09,Standard Class,CG-10072,Emily Burns,Home Office,United States,Miami,Florida,90001,West,PROD-10963,Office Supplies,Paper,Premium Paper v4,360.4,2,0.5,-56.86
965,CA-2024-100964,2023-11-25,2023-11-29,Standard Class,CG-10009,Carol Adams,Consumer,United States,Miami,California,90001,Central,PROD-10964,Office Supplies,Appliances,Premium Appliances v5,1163.08,3,0.2,116.65
966,CA-2024-100965,2024-07-03,2024-07-07,First Class,CG-10110,Claire Gute,Consumer,United States,Chicago,Washington,90001,South,PROD-10965,Office Supplies,Art,Premium Art v1,393.52,7,0.1,80.07
967,CA-2024-100966,2024-02-23,2024-02-24,Second Class,CG-10094,Julia Barnett,Consumer,United States,Houston,Florida,90001,East,PROD-10966,Technology,Phones,Premium Phones v2,125.51,7,0.3,35.76
968,CA-2024-100967,2024-08-28,2024-08-31,Standard Class,CG-10117,Carol Adams,Consumer,United States,Seattle,New York,90001,West,PROD-10967,Furniture,Bookcases,Premium Bookcases v3,853.45,3,0.1,182.12
969,CA-2024-100968,2023-04-05,2023-04-07,Standard Class,CG-10083,Carol Adams,Corporate,United States,Chicago,Florida,90001,East,PROD-10968,Technology,Machines,Premium Machines v4,884.8,2,0.1,168.41
970,CA-2024-100969,2024-08-03,2024-08-07,Second Class,CG-10080,Aaron Bergman,Home Office,United States,Seattle,Washington,90001,West,PROD-10969,Office Supplies,Art,Premium Art v5,353.27,1,0.0,92.6
971,CA-2024-100970,2023-11-14,2023-11-19,Standard Class,CG-10149,Julia Barnett,Consumer,United States,Houston,Texas,90001,West,PROD-10970,Office Supplies,Appliances,Premium Appliances v1,367.74,9,0.0,123.43
972,CA-2024-100971,2023-08-24,2023-08-29,Second Class,CG-10100,Aaron Bergman,Corporate,United States,Houston,Texas,90001,Central,PROD-10971,Furniture,Chairs,Premium Chairs v2,570.64,3,0.0,183.74
973,CA-2024-100972,2023-11-30,2023-12-03,Second Class,CG-10040,Aaron Bergman,Corporate,United States,Los Angeles,California,90001,West,PROD-10972,Technology,Machines,Premium Machines v3,40.82,9,0.2,29.82
974,CA-2024-100973,2024-01-11,2024-01-15,Second Class,CG-10103,Sanford Allen,Consumer,United States,New York City,Washington,90001,South,PROD-10973,Office Supplies,Appliances,Premium Appliances v4,950.35,4,0.1,203.04
975,CA-2024-100974,2024-04-03,2024-04-04,Standard Class,CG-10062,Aaron Bergman,Consumer,United States,Houston,New York,90001,East,PROD-10974,Furniture,Tables,Premium Tables v5,390.75,6,0.0,107.27
976,CA-2024-100975,2023-05-17,2023-05-22,Second Class,CG-10069,Claire Gute,Corporate,United States,Houston,Washington,90001,West,PROD-10975,Office Supplies,Appliances,Premium Appliances v1,1026.71,7,0.1,220.89
977,CA-2024-100976,2024-08-10,2024-08-13,Second Class,CG-10142,Carol Adams,Home Office,United States,Seattle,New York,90001,East,PROD-10976,Furniture,Tables,Premium Tables v2,966.12,6,0.0,333.31
978,CA-2024-100977,2024-06-30,2024-07-04,Second Class,CG-10109,Aaron Bergman,Corporate,United States,Houston,New York,90001,East,PROD-10977,Furniture,Bookcases,Premium Bookcases v3,798.76,1,0.5,-168.59
979,CA-2024-100978,2024-05-27,2024-05-31,Standard Class,CG-10004,Emily Burns,Consumer,United States,Chicago,Washington,90001,East,PROD-10978,Technology,Phones,Premium Phones v4,399.98,6,0.0,148.28
980,CA-2024-100979,2023-10-23,2023-10-27,Standard Class,CG-10072,Claire Gute,Consumer,United States,Los Angeles,Illinois,90001,West,PROD-10979,Office Supplies,Binders,Premium Binders v5,626.84,6,0.3,21.57
981,CA-2024-100980,2023-11-16,2023-11-20,Same Day,CG-10017,Julia Barnett,Consumer,United States,Los Angeles,Washington,90001,Central,PROD-10980,Technology,Machines,Premium Machines v1,542.12,5,0.1,140.83
982,CA-2024-100981,2024-07-25,2024-07-29,Standard Class,CG-10114,Carol Adams,Corporate,United States,Chicago,New York,90001,East,PROD-10981,Office Supplies,Appliances,Premium Appliances v2,416.58,3,0.2,32.2
983,CA-2024-100982,2023-12-15,2023-12-20,Standard Class,CG-10085,Emily Burns,Corporate,United States,Miami,Florida,90001,East,PROD-10982,Technology,Machines,Premium Machines v3,1020.04,3,0.0,351.92
984,CA-2024-100983,2023-08-17,2023-08-20,Standard Class,CG-10057,Emily Burns,Consumer,United States,Houston,Texas,90001,West,PROD-10983,Office Supplies,Art,Premium Art v4,587.96,7,0.5,-94.12
985,CA-2024-100984,2023-09-27,2023-10-01,First Class,CG-10107,Julia Barnett,Home Office,United States,San Francisco,Texas,90001,West,PROD-10984,Technology,Machines,Premium Machines v5,1001.78,8,0.0,339.83
986,CA-2024-100985,2023-10-18,2023-10-20,Standard Class,CG-10048,Emily Burns,Corporate,United States,New York City,California,90001,South,PROD-10985,Furniture,Tables,Premium Tables v1,139.68,3,0.1,25.2
987,CA-2024-100986,2023-06-14,2023-06-16,Standard Class,CG-10117,Claire Gute,Corporate,United States,Houston,Texas,90001,South,PROD-10986,Office Supplies,Paper,Premium Paper v2,182.11,3,0.5,-4.66
988,CA-2024-100987,2023-01-05,2023-01-08,Standard Class,CG-10031,Julia Barnett,Home Office,United States,Los Angeles,Illinois,90001,Central,PROD-10987,Office Supplies,Paper,Premium Paper v3,1173.12,7,0.3,34.67
989,CA-2024-100988,2024-01-14,2024-01-15,Second Class,CG-10112,Emily Burns,Consumer,United States,New York City,New York,90001,Central,PROD-10988,Furniture,Bookcases,Premium Bookcases v4,711.51,7,0.1,150.12
990,CA-2024-100989,2023-03-19,2023-03-20,Standard Class,CG-10047,Julia Barnett,Home Office,United States,San Francisco,Washington,90001,Central,PROD-10989,Technology,Copiers,Premium Copiers v5,619.08,9,0.5,-116.94
991,CA-2024-100990,2024-02-14,2024-02-15,Standard Class,CG-10134,Julia Barnett,Consumer,United States,Miami,Washington,90001,Central,PROD-10990,Office Supplies,Supplies,Premium Supplies v1,634.94,6,0.2,89.54
992,CA-2024-100991,2024-07-27,2024-07-29,Standard Class,CG-10108,Aaron Bergman,Consumer,United States,Seattle,Illinois,90001,East,PROD-10991,Office Supplies,Supplies,Premium Supplies v2,270.09,7,0.0,67.57
993,CA-2024-100992,2023-05-12,2023-05-13,First Class,CG-10072,Aaron Bergman,Home Office,United States,Seattle,Texas,90001,West,PROD-10992,Technology,Phones,Premium Phones v3,866.66,1,0.1,204.83
994,CA-2024-100993,2024-08-23,2024-08-28,Standard Class,CG-10071,Aaron Bergman,Home Office,United States,San Francisco,New York,90001,South,PROD-10993,Furniture,Tables,Premium Tables v4,115.47,7,0.0,17.64
995,CA-2024-100994,2023-02-11,2023-02-15,Standard Class,CG-10108,Emily Burns,Corporate,United States,Houston,Texas,90001,East,PROD-10994,Technology,Phones,Premium Phones v5,694.39,2,0.0,201.66
996,CA-2024-100995,2023-03-30,2023-04-01,Standard Class,CG-10053,Carol Adams,Corporate,United States,Houston,California,90001,West,PROD-10995,Technology,Accessories,Premium Accessories v1,691.36,7,0.2,95.63
997,CA-2024-100996,2024-02-06,2024-02-09,Same Day,CG-10142,Claire Gute,Corporate,United States,New York City,Texas,90001,West,PROD-10996,Technology,Copiers,Premium Copiers v2,1098.31,3,0.1,206.54
998,CA-2024-100997,2023-10-23,2023-10-26,Second Class,CG-10016,Emily Burns,Home Office,United States,New York City,California,90001,East,PROD-10997,Office Supplies,Supplies,Premium Supplies v3,638.53,9,0.0,239.59
999,CA-2024-100998,2023-10-22,2023-10-26,Same Day,CG-10116,Aaron Bergman,Consumer,United States,Miami,Washington,90001,East,PROD-10998,Furniture,Bookcases,Premium Bookcases v4,177.42,5,0.3,40.79
1000,CA-2024-100999,2024-09-07,2024-09-09,First Class,CG-10073,Julia Barnett,Home Office,United States,Houston,New York,90001,South,PROD-10999,Furniture,Bookcases,Premium Bookcases v5,693.71,7,0.0,231.95
1001,CA-2024-101000,2024-06-09,2024-06-10,Standard Class,CG-10074,Emily Burns,Consumer,United States,Los Angeles,Florida,90001,Central,PROD-11000,Technology,Accessories,Premium Accessories v1,123.22,8,0.5,12.69
1002,CA-2024-101001,2024-11-21,2024-11-22,Second Class,CG-10081,Julia Barnett,Consumer,United States,Seattle,California,90001,Central,PROD-11001,Office Supplies,Art,Premium Art v2,256.5,2,0.5,-9.17
1003,CA-2024-101002,2024-09-28,2024-10-03,Standard Class,CG-10012,Julia Barnett,Consumer,United States,Miami,Texas,90001,South,PROD-11002,Technology,Copiers,Premium Copiers v3,51.86,1,0.5,-12.21
1004,CA-2024-101003,2024-02-26,2024-03-02,Standard Class,CG-10128,Julia Barnett,Corporate,United States,New York City,Texas,90001,South,PROD-11003,Office Supplies,Art,Premium Art v4,623.25,7,0.3,39.46
1005,CA-2024-101004,2023-01-23,2023-01-24,Standard Class,CG-10070,Sanford Allen,Home Office,United States,Los Angeles,Washington,90001,Central,PROD-11004,Office Supplies,Storage,Premium Storage v5,115.17,6,0.0,28.19
1006,CA-2024-101005,2024-07-28,2024-07-31,Standard Class,CG-10147,Carol Adams,Corporate,United States,Houston,Illinois,90001,East,PROD-11005,Office Supplies,Paper,Premium Paper v1,571.23,6,0.1,123.18
1007,CA-2024-101006,2023-05-23,2023-05-26,First Class,CG-10041,Claire Gute,Home Office,United States,Chicago,Florida,90001,Central,PROD-11006,Office Supplies,Supplies,Premium Supplies v2,1120.54,2,0.0,355.24
1008,CA-2024-101007,2024-10-26,2024-10-31,Standard Class,CG-10059,Claire Gute,Consumer,United States,New York City,Illinois,90001,West,PROD-11007,Furniture,Tables,Premium Tables v3,867.92,3,0.0,290.35
1009,CA-2024-101008,2023-05-25,2023-05-29,First Class,CG-10089,Aaron Bergman,Corporate,United States,Miami,Texas,90001,West,PROD-11008,Office Supplies,Paper,Premium Paper v4,106.73,4,0.2,-7.22
1010,CA-2024-101009,2023-08-13,2023-08-14,Standard Class,CG-10024,Sanford Allen,Home Office,United States,Chicago,Illinois,90001,South,PROD-11009,Office Supplies,Appliances,Premium Appliances v5,280.69,3,0.0,84.54
1011,CA-2024-101010,2024-05-17,2024-05-22,Standard Class,CG-10144,Emily Burns,Corporate,United States,Los Angeles,Florida,90001,Central,PROD-11010,Technology,Copiers,Premium Copiers v1,813.29,2,0.5,-140.06
1012,CA-2024-101011,2024-09-07,2024-09-12,First Class,CG-10080,Emily Burns,Corporate,United States,San Francisco,Florida,90001,Central,PROD-11011,Technology,Machines,Premium Machines v2,1075.22,3,0.5,-210.03
1013,CA-2024-101012,2023-04-14,2023-04-15,Second Class,CG-10134,Claire Gute,Corporate,United States,Seattle,New York,90001,West,PROD-11012,Furniture,Chairs,Premium Chairs v3,54.01,6,0.0,50.45
1014,CA-2024-101013,2023-02-08,2023-02-09,Second Class,CG-10132,Carol Adams,Home Office,United States,San Francisco,Illinois,90001,Central,PROD-11013,Technology,Copiers,Premium Copiers v4,977.75,9,0.1,221.17
1015,CA-2024-101014,2023-07-17,2023-07-20,Standard Class,CG-10092,Julia Barnett,Home Office,United States,San Francisco,New York,90001,South,PROD-11014,Office Supplies,Supplies,Premium Supplies v5,680.75,4,0.1,132.56
1016,CA-2024-101015,2024-10-07,2024-10-11,Standard Class,CG-10092,Aaron Bergman,Consumer,United States,San Francisco,Texas,90001,South,PROD-11015,Technology,Machines,Premium Machines v1,662.12,6,0.3,-9.78
1017,CA-2024-101016,2024-08-01,2024-08-05,Second Class,CG-10081,Carol Adams,Home Office,United States,Los Angeles,Texas,90001,West,PROD-11016,Furniture,Bookcases,Premium Bookcases v2,1150.01,1,0.2,139.03
1018,CA-2024-101017,2024-01-26,2024-01-27,Second Class,CG-10142,Claire Gute,Consumer,United States,Seattle,Texas,90001,Central,PROD-11017,Technology,Copiers,Premium Copiers v3,900.96,6,0.0,281.82
1019,CA-2024-101018,2023-06-28,2023-06-30,Standard Class,CG-10071,Sanford Allen,Consumer,United States,Los Angeles,Washington,90001,Central,PROD-11018,Technology,Accessories,Premium Accessories v4,1022.39,3,0.1,196.3
1020,CA-2024-101019,2024-07-07,2024-07-12,Same Day,CG-10065,Aaron Bergman,Home Office,United States,San Francisco,Illinois,90001,West,PROD-11019,Furniture,Bookcases,Premium Bookcases v5,434.48,9,0.1,89.74
1021,CA-2024-101020,2024-03-23,2024-03-28,Second Class,CG-10052,Claire Gute,Consumer,United States,New York City,California,90001,East,PROD-11020,Furniture,Tables,Premium Tables v1,671.92,4,0.5,-133.17
1022,CA-2024-101021,2024-05-14,2024-05-15,First Class,CG-10030,Emily Burns,Home Office,United States,San Francisco,Florida,90001,East,PROD-11021,Office Supplies,Binders,Premium Binders v2,744.26,7,0.0,210.85
1023,CA-2024-101022,2023-01-15,2023-01-17,Second Class,CG-10099,Aaron Bergman,Consumer,United States,New York City,California,90001,Central,PROD-11022,Technology,Phones,Premium Phones v3,396.08,4,0.0,137.11
1024,CA-2024-101023,2024-09-14,2024-09-17,Second Class,CG-10098,Claire Gute,Consumer,United States,Miami,Texas,90001,South,PROD-11023,Office Supplies,Paper,Premium Paper v4,690.74,6,0.3,33.46
1025,CA-2024-101024,2024-10-30,2024-10-31,Standard Class,CG-10042,Emily Burns,Consumer,United States,San Francisco,Illinois,90001,East,PROD-11024,Technology,Accessories,Premium Accessories v5,295.44,7,0.3,20.28
1026,CA-2024-101025,2023-10-16,2023-10-17,Standard Class,CG-10139,Emily Burns,Consumer,United States,Chicago,New York,90001,Central,PROD-11025,Technology,Copiers,Premium Copiers v1,184.9,2,0.3,37.84
1027,CA-2024-101026,2024-04-22,2024-04-27,First Class,CG-10027,Julia Barnett,Corporate,United States,Los Angeles,California,90001,East,PROD-11026,Office Supplies,Binders,Premium Binders v2,458.15,6,0.1,80.56
1028,CA-2024-101027,2023-08-19,2023-08-20,Standard Class,CG-10072,Sanford Allen,Consumer,United States,San Francisco,Texas,90001,West,PROD-11027,Technology,Copiers,Premium Copiers v3,891.06,8,0.2,99.6
1029,CA-2024-101028,2024-02-24,2024-02-25,Standard Class,CG-10018,Julia Barnett,Consumer,United States,Los Angeles,California,90001,East,PROD-11028,Technology,Copiers,Premium Copiers v4,1100.68,6,0.1,242.8
1030,CA-2024-101029,2023-06-06,2023-06-07,Standard Class,CG-10077,Claire Gute,Consumer,United States,San Francisco,California,90001,East,PROD-11029,Technology,Phones,Premium Phones v5,557.39,2,0.0,194.54
1031,CA-2024-101030,2024-07-03,2024-07-08,Standard Class,CG-10045,Carol Adams,Consumer,United States,Chicago,Florida,90001,West,PROD-11030,Furniture,Chairs,Premium Chairs v1,776.75,4,0.1,184.06
1032,CA-2024-101031,2024-03-16,2024-03-19,First Class,CG-10115,Julia Barnett,Corporate,United States,San Francisco,California,90001,South,PROD-11031,Office Supplies,Appliances,Premium Appliances v2,137.1,1,0.0,72.16
1033,CA-2024-101032,2023-04-07,2023-04-10,First Class,CG-10087,Carol Adams,Consumer,United States,Houston,Texas,90001,Central,PROD-11032,Furniture,Tables,Premium Tables v3,1086.79,7,0.0,351.64
1034,CA-2024-101033,2024-02-15,2024-02-16,Standard Class,CG-10140,Emily Burns,Corporate,United States,Miami,Florida,90001,South,PROD-11033,Office Supplies,Art,Premium Art v4,688.8,8,0.5,-151.16
1035,CA-2024-101034,2023-10-16,2023-10-21,Standard Class,CG-10092,Claire Gute,Home Office,United States,Los Angeles,Texas,90001,South,PROD-11034,Office Supplies,Paper,Premium Paper v5,939.7,2,0.0,310.58
1036,CA-2024-101035,2023-09-11,2023-09-14,Second Class,CG-10022,Sanford Allen,Corporate,United States,Miami,Washington,90001,East,PROD-11035,Technology,Accessories,Premium Accessories v1,956.41,5,0.5,-160.55
1037,CA-2024-101036,2023-07-15,2023-07-18,Second Class,CG-10092,Carol Adams,Home Office,United States,Los Angeles,Washington,90001,Central,PROD-11036,Office Supplies,Storage,Premium Storage v2,318.93,8,0.0,145.22
1038,CA-2024-101037,2024-08-20,2024-08-23,Same Day,CG-10077,Claire Gute,Consumer,United States,Los Angeles,Washington,90001,East,PROD-11037,Furniture,Chairs,Premium Chairs v3,642.07,8,0.0,221.16
1039,CA-2024-101038,2024-06-05,2024-06-10,Standard Class,CG-10025,Carol Adams,Consumer,United States,Houston,California,90001,West,PROD-11038,Furniture,Tables,Premium Tables v4,1153.17,5,0.2,143.4
1040,CA-2024-101039,2024-05-31,2024-06-05,Standard Class,CG-10108,Julia Barnett,Home Office,United States,San Francisco,Illinois,90001,South,PROD-11039,Furniture,Chairs,Premium Chairs v5,121.22,8,0.2,28.16
1041,CA-2024-101040,2024-09-26,2024-09-27,Standard Class,CG-10135,Claire Gute,Corporate,United States,New York City,Texas,90001,South,PROD-11040,Office Supplies,Art,Premium Art v1,824.41,6,0.1,205.64
1042,CA-2024-101041,2023-04-28,2023-05-02,Same Day,CG-10109,Julia Barnett,Corporate,United States,Miami,Washington,90001,West,PROD-11041,Furniture,Tables,Premium Tables v2,1155.28,5,0.3,49.78
1043,CA-2024-101042,2023-06-08,2023-06-11,Second Class,CG-10134,Aaron Bergman,Corporate,United States,Chicago,Illinois,90001,Central,PROD-11042,Office Supplies,Art,Premium Art v3,371.18,4,0.0,145.89
1044,CA-2024-101043,2023-08-16,2023-08-20,Second Class,CG-10024,Claire Gute,Consumer,United States,Miami,Washington,90001,South,PROD-11043,Furniture,Bookcases,Premium Bookcases v4,1035.82,5,0.5,-184.29
1045,CA-2024-101044,2023-08-04,2023-08-09,Standard Class,CG-10019,Carol Adams,Consumer,United States,San Francisco,Washington,90001,South,PROD-11044,Furniture,Tables,Premium Tables v5,1121.38,4,0.0,321.94
1046,CA-2024-101045,2024-11-26,2024-12-01,Second Class,CG-10083,Aaron Bergman,Corporate,United States,Houston,Illinois,90001,Central,PROD-11045,Office Supplies,Paper,Premium Paper v1,900.3,1,0.3,30.87
1047,CA-2024-101046,2023-01-15,2023-01-20,Second Class,CG-10115,Julia Barnett,Corporate,United States,Seattle,Washington,90001,East,PROD-11046,Furniture,Tables,Premium Tables v2,289.12,3,0.1,87.42
1048,CA-2024-101047,2023-06-06,2023-06-10,Standard Class,CG-10009,Julia Barnett,Consumer,United States,Seattle,California,90001,West,PROD-11047,Technology,Copiers,Premium Copiers v3,410.79,8,0.3,34.29
1049,CA-2024-101048,2024-10-09,2024-10-14,Standard Class,CG-10112,Carol Adams,Home Office,United States,Houston,California,90001,Central,PROD-11048,Office Supplies,Art,Premium Art v4,57.43,7,0.2,-5.54
1050,CA-2024-101049,2023-09-18,2023-09-19,Standard Class,CG-10102,Aaron Bergman,Consumer,United States,San Francisco,Florida,90001,West,PROD-11049,Office Supplies,Appliances,Premium Appliances v5,1000.27,7,0.0,325.84
1051,CA-2024-101050,2023-06-06,2023-06-11,Standard Class,CG-10048,Emily Burns,Consumer,United States,Houston,California,90001,West,PROD-11050,Office Supplies,Storage,Premium Storage v1,1021.79,3,0.5,-203.66
1052,CA-2024-101051,2023-02-16,2023-02-18,Standard Class,CG-10069,Sanford Allen,Home Office,United States,New York City,New York,90001,South,PROD-11051,Technology,Machines,Premium Machines v2,764.76,9,0.0,262.65
1053,CA-2024-101052,2023-11-20,2023-11-24,Standard Class,CG-10119,Carol Adams,Corporate,United States,Miami,Florida,90001,Central,PROD-11052,Office Supplies,Appliances,Premium Appliances v3,432.75,6,0.0,126.65
1054,CA-2024-101053,2024-11-15,2024-11-17,Standard Class,CG-10045,Julia Barnett,Corporate,United States,San Francisco,Washington,90001,West,PROD-11053,Furniture,Chairs,Premium Chairs v4,106.02,8,0.3,27.88
1055,CA-2024-101054,2023-05-10,2023-05-15,Standard Class,CG-10125,Claire Gute,Consumer,United States,Miami,New York,90001,East,PROD-11054,Furniture,Tables,Premium Tables v5,907.37,8,0.0,272.86
1056,CA-2024-101055,2024-02-15,2024-02-16,Standard Class,CG-10014,Aaron Bergman,Consumer,United States,Seattle,Texas,90001,West,PROD-11055,Furniture,Tables,Premium Tables v1,875.93,3,0.0,243.41
1057,CA-2024-101056,2023-04-05,2023-04-08,First Class,CG-10134,Emily Burns,Corporate,United States,San Francisco,Illinois,90001,South,PROD-11056,Office Supplies,Art,Premium Art v2,1096.43,4,0.1,243.62
1058,CA-2024-101057,2024-09-18,2024-09-23,Standard Class,CG-10135,Sanford Allen,Consumer,United States,Chicago,Texas,90001,East,PROD-11057,Furniture,Tables,Premium Tables v3,880.68,6,0.3,-12.07
1059,CA-2024-101058,2023-10-19,2023-10-20,Second Class,CG-10037,Claire Gute,Home Office,United States,Miami,New York,90001,East,PROD-11058,Office Supplies,Paper,Premium Paper v4,997.0,2,0.0,325.25
1060,CA-2024-101059,2023-10-10,2023-10-14,Standard Class,CG-10053,Aaron Bergman,Home Office,United States,Los Angeles,California,90001,Central,PROD-11059,Furniture,Furnishings,Premium Furnishings v5,898.96,7,0.1,224.58
1061,CA-2024-101060,2023-03-10,2023-03-12,Second Class,CG-10018,Emily Burns,Home Office,United States,Los Angeles,Washington,90001,East,PROD-11060,Technology,Copiers,Premium Copiers v1,762.36,2,0.2,124.08
1062,CA-2024-101061,2024-10-21,2024-10-23,Standard Class,CG-10038,Carol Adams,Consumer,United States,New York City,Florida,90001,Central,PROD-11061,Technology,Machines,Premium Machines v2,520.96,5,0.3,-3.49
1063,CA-2024-101062,2023-01-11,2023-01-13,First Class,CG-10129,Emily Burns,Corporate,United States,San Francisco,Washington,90001,Central,PROD-11062,Technology,Machines,Premium Machines v3,1084.01,4,0.5,-180.15
1064,CA-2024-101063,2023-09-11,2023-09-15,Standard Class,CG-10044,Carol Adams,Consumer,United States,New York City,California,90001,East,PROD-11063,Technology,Phones,Premium Phones v4,786.4,9,0.2,83.39
1065,CA-2024-101064,2024-07-03,2024-07-04,Second Class,CG-10047,Aaron Bergman,Consumer,United States,San Francisco,Washington,90001,Central,PROD-11064,Office Supplies,Art,Premium Art v5,487.05,2,0.2,91.74
1066,CA-2024-101065,2023-05-14,2023-05-18,Standard Class,CG-10035,Emily Burns,Consumer,United States,Seattle,Illinois,90001,Central,PROD-11065,Furniture,Tables,Premium Tables v1,113.91,7,0.1,57.91
1067,CA-2024-101066,2023-01-23,2023-01-25,Second Class,CG-10060,Sanford Allen,Consumer,United States,Chicago,Illinois,90001,East,PROD-11066,Technology,Phones,Premium Phones v2,359.49,7,0.0,93.02
1068,CA-2024-101067,2023-12-12,2023-12-17,Standard Class,CG-10090,Emily Burns,Home Office,United States,Chicago,Illinois,90001,South,PROD-11067,Office Supplies,Supplies,Premium Supplies v3,659.32,7,0.2,74.43
1069,CA-2024-101068,2023-10-29,2023-11-01,Standard Class,CG-10052,Aaron Bergman,Consumer,United States,Houston,Texas,90001,West,PROD-11068,Technology,Phones,Premium Phones v4,341.63,1,0.5,-64.71
1070,CA-2024-101069,2023-12-29,2024-01-02,Standard Class,CG-10008,Claire Gute,Consumer,United States,New York City,California,90001,Central,PROD-11069,Technology,Machines,Premium Machines v5,277.16,8,0.2,62.68
1071,CA-2024-101070,2024-01-31,2024-02-04,Second Class,CG-10107,Claire Gute,Home Office,United States,San Francisco,Illinois,90001,Central,PROD-11070,Office Supplies,Art,Premium Art v1,639.96,2,0.0,200.71
1072,CA-2024-101071,2023-08-06,2023-08-07,Same Day,CG-10131,Emily Burns,Consumer,United States,Miami,New York,90001,East,PROD-11071,Office Supplies,Paper,Premium Paper v2,216.24,5,0.1,71.17
1073,CA-2024-101072,2023-05-21,2023-05-22,First Class,CG-10142,Emily Burns,Corporate,United States,Los Angeles,Illinois,90001,West,PROD-11072,Furniture,Bookcases,Premium Bookcases v3,963.49,2,0.2,118.52
1074,CA-2024-101073,2024-09-07,2024-09-11,Standard Class,CG-10096,Carol Adams,Consumer,United States,Miami,Florida,90001,West,PROD-11073,Furniture,Chairs,Premium Chairs v4,588.98,5,0.2,107.19
1075,CA-2024-101074,2023-07-29,2023-07-31,Standard Class,CG-10026,Aaron Bergman,Consumer,United States,Los Angeles,Texas,90001,Central,PROD-11074,Technology,Copiers,Premium Copiers v5,695.03,7,0.2,115.15
1076,CA-2024-101075,2024-09-14,2024-09-17,First Class,CG-10111,Carol Adams,Home Office,United States,Seattle,New York,90001,East,PROD-11075,Technology,Accessories,Premium Accessories v1,189.65,6,0.1,47.87
1077,CA-2024-101076,2024-09-07,2024-09-08,Standard Class,CG-10123,Sanford Allen,Consumer,United States,Los Angeles,California,90001,South,PROD-11076,Furniture,Tables,Premium Tables v2,399.62,5,0.0,150.54
1078,CA-2024-101077,2024-11-13,2024-11-15,Second Class,CG-10051,Claire Gute,Corporate,United States,Miami,California,90001,West,PROD-11077,Furniture,Tables,Premium Tables v3,500.96,4,0.5,-62.13
1079,CA-2024-101078,2024-04-04,2024-04-09,First Class,CG-10123,Julia Barnett,Consumer,United States,Miami,Florida,90001,South,PROD-11078,Office Supplies,Supplies,Premium Supplies v4,972.73,8,0.2,140.2
1080,CA-2024-101079,2023-12-22,2023-12-23,First Class,CG-10005,Julia Barnett,Consumer,United States,Chicago,Illinois,90001,East,PROD-11079,Furniture,Chairs,Premium Chairs v5,927.64,8,0.0,263.06
1081,CA-2024-101080,2023-11-20,2023-11-22,Standard Class,CG-10077,Aaron Bergman,Consumer,United States,San Francisco,New York,90001,South,PROD-11080,Furniture,Tables,Premium Tables v1,279.23,1,0.0,84.91
1082,CA-2024-101081,2023-05-13,2023-05-15,Standard Class,CG-10001,Aaron Bergman,Consumer,United States,Chicago,Florida,90001,East,PROD-11081,Technology,Phones,Premium Phones v2,745.17,2,0.5,-146.62
1083,CA-2024-101082,2023-05-07,2023-05-10,Standard Class,CG-10011,Julia Barnett,Consumer,United States,New York City,New York,90001,Central,PROD-11082,Furniture,Furnishings,Premium Furnishings v3,303.5,3,0.3,10.41
1084,CA-2024-101083,2023-04-16,2023-04-19,Second Class,CG-10008,Aaron Bergman,Corporate,United States,Miami,Illinois,90001,South,PROD-11083,Technology,Copiers,Premium Copiers v4,1186.07,1,0.1,229.06
1085,CA-2024-101084,2024-08-26,2024-08-31,Standard Class,CG-10032,Claire Gute,Consumer,United States,San Francisco,Illinois,90001,Central,PROD-11084,Furniture,Chairs,Premium Chairs v5,1143.27,3,0.0,357.72
1086,CA-2024-101085,2024-01-13,2024-01-15,Standard Class,CG-10028,Sanford Allen,Consumer,United States,Seattle,Washington,90001,Central,PROD-11085,Office Supplies,Storage,Premium Storage v1,682.47,8,0.0,231.17
1087,CA-2024-101086,2023-02-20,2023-02-22,Standard Class,CG-10131,Sanford Allen,Consumer,United States,Los Angeles,Washington,90001,East,PROD-11086,Furniture,Furnishings,Premium Furnishings v2,843.2,4,0.0,267.78
1088,CA-2024-101087,2023-01-29,2023-02-01,Standard Class,CG-10128,Carol Adams,Home Office,United States,New York City,Illinois,90001,South,PROD-11087,Furniture,Tables,Premium Tables v3,964.7,7,0.2,123.08
1089,CA-2024-101088,2024-04-06,2024-04-07,Second Class,CG-10062,Claire Gute,Home Office,United States,Houston,Texas,90001,West,PROD-11088,Furniture,Furnishings,Premium Furnishings v4,869.38,7,0.1,158.53
1090,CA-2024-101089,2023-10-23,2023-10-24,Second Class,CG-10027,Aaron Bergman,Corporate,United States,Houston,Florida,90001,South,PROD-11089,Technology,Phones,Premium Phones v5,844.3,5,0.2,125.75
1091,CA-2024-101090,2023-10-24,2023-10-28,Standard Class,CG-10045,Aaron Bergman,Home Office,United States,San Francisco,Washington,90001,West,PROD-11090,Office Supplies,Binders,Premium Binders v1,1150.89,1,0.2,160.82
1092,CA-2024-101091,2024-02-11,2024-02-14,Standard Class,CG-10105,Carol Adams,Consumer,United States,Los Angeles,Illinois,90001,Central,PROD-11091,Furniture,Chairs,Premium Chairs v2,721.8,4,0.0,239.79
1093,CA-2024-101092,2024-09-04,2024-09-08,First Class,CG-10092,Carol Adams,Consumer,United States,Los Angeles,New York,90001,Central,PROD-11092,Technology,Phones,Premium Phones v3,769.02,7,0.0,272.4
1094,CA-2024-101093,2024-02-09,2024-02-12,Standard Class,CG-10025,Aaron Bergman,Corporate,United States,San Francisco,Florida,90001,East,PROD-11093,Office Supplies,Binders,Premium Binders v4,1021.38,5,0.0,295.62
1095,CA-2024-101094,2023-12-12,2023-12-17,Second Class,CG-10044,Aaron Bergman,Corporate,United States,Los Angeles,Washington,90001,West,PROD-11094,Technology,Accessories,Premium Accessories v5,808.82,2,0.0,278.47
1096,CA-2024-101095,2024-09-13,2024-09-15,First Class,CG-10142,Claire Gute,Consumer,United States,Chicago,Texas,90001,South,PROD-11095,Technology,Machines,Premium Machines v1,883.53,8,0.0,253.4
1097,CA-2024-101096,2024-02-24,2024-02-29,Standard Class,CG-10136,Carol Adams,Consumer,United States,Los Angeles,Florida,90001,East,PROD-11096,Office Supplies,Storage,Premium Storage v2,292.49,2,0.2,37.81
1098,CA-2024-101097,2023-07-01,2023-07-04,Standard Class,CG-10142,Claire Gute,Home Office,United States,Houston,Florida,90001,East,PROD-11097,Furniture,Tables,Premium Tables v3,454.95,8,0.3,2.67
1099,CA-2024-101098,2023-01-01,2023-01-03,First Class,CG-10080,Emily Burns,Home Office,United States,Los Angeles,California,90001,East,PROD-11098,Technology,Machines,Premium Machines v4,189.55,2,0.2,39.95
1100,CA-2024-101099,2024-07-20,2024-07-21,Standard Class,CG-10082,Aaron Bergman,Consumer,United States,Miami,New York,90001,South,PROD-11099,Technology,Machines,Premium Machines v5,614.33,5,0.3,1.11
1101,CA-2024-101100,2024-01-06,2024-01-07,Standard Class,CG-10135,Julia Barnett,Corporate,United States,San Francisco,Texas,90001,East,PROD-11100,Furniture,Bookcases,Premium Bookcases v1,555.04,4,0.2,80.12
1102,CA-2024-101101,2024-10-22,2024-10-26,Standard Class,CG-10088,Julia Barnett,Consumer,United States,Seattle,Texas,90001,South,PROD-11101,Furniture,Furnishings,Premium Furnishings v2,1196.64,1,0.2,125.38
1103,CA-2024-101102,2024-03-06,2024-03-09,Standard Class,CG-10127,Emily Burns,Consumer,United States,Houston,Texas,90001,East,PROD-11102,Office Supplies,Binders,Premium Binders v3,739.28,8,0.0,262.04
1104,CA-2024-101103,2023-11-05,2023-11-08,First Class,CG-10055,Aaron Bergman,Consumer,United States,Seattle,New York,90001,West,PROD-11103,Office Supplies,Art,Premium Art v4,946.94,3,0.5,-165.02
1105,CA-2024-101104,2023-05-17,2023-05-18,First Class,CG-10141,Carol Adams,Consumer,United States,Houston,Texas,90001,Central,PROD-11104,Office Supplies,Storage,Premium Storage v5,410.81,4,0.0,118.31
1106,CA-2024-101105,2023-07-21,2023-07-26,Second Class,CG-10056,Julia Barnett,Consumer,United States,New York City,California,90001,West,PROD-11105,Furniture,Furnishings,Premium Furnishings v1,1000.38,4,0.0,303.64
1107,CA-2024-101106,2024-03-11,2024-03-13,Standard Class,CG-10015,Carol Adams,Home Office,United States,Miami,Washington,90001,West,PROD-11106,Technology,Accessories,Premium Accessories v2,743.88,5,0.0,262.48
1108,CA-2024-101107,2023-11-09,2023-11-14,Standard Class,CG-10058,Julia Barnett,Consumer,United States,Houston,New York,90001,East,PROD-11107,Technology,Accessories,Premium Accessories v3,840.94,3,0.5,-161.13
1109,CA-2024-101108,2023-04-27,2023-05-02,Second Class,CG-10088,Carol Adams,Corporate,United States,Miami,Texas,90001,West,PROD-11108,Office Supplies,Appliances,Premium Appliances v4,363.9,9,0.5,-55.27
1110,CA-2024-101109,2024-10-27,2024-10-28,Standard Class,CG-10097,Julia Barnett,Consumer,United States,Houston,Illinois,90001,West,PROD-11109,Furniture,Furnishings,Premium Furnishings v5,665.14,4,0.2,91.94
1111,CA-2024-101110,2024-07-28,2024-07-29,Second Class,CG-10144,Carol Adams,Consumer,United States,Seattle,Washington,90001,West,PROD-11110,Technology,Machines,Premium Machines v1,766.33,4,0.2,80.98
1112,CA-2024-101111,2023-09-01,2023-09-02,Standard Class,CG-10008,Emily Burns,Home Office,United States,Seattle,Florida,90001,East,PROD-11111,Office Supplies,Storage,Premium Storage v2,713.08,6,0.1,143.19
1113,CA-2024-101112,2024-06-20,2024-06-24,Second Class,CG-10040,Claire Gute,Corporate,United States,San Francisco,New York,90001,South,PROD-11112,Technology,Copiers,Premium Copiers v3,1099.5,8,0.5,-206.63
1114,CA-2024-101113,2024-08-24,2024-08-29,Standard Class,CG-10014,Carol Adams,Home Office,United States,Houston,Illinois,90001,Central,PROD-11113,Technology,Accessories,Premium Accessories v4,1079.45,7,0.2,102.99
1115,CA-2024-101114,2023-03-16,2023-03-19,Standard Class,CG-10053,Claire Gute,Home Office,United States,Houston,Florida,90001,Central,PROD-11114,Furniture,Chairs,Premium Chairs v5,1165.62,4,0.5,-233.23
1116,CA-2024-101115,2024-01-21,2024-01-23,Standard Class,CG-10127,Claire Gute,Consumer,United States,Chicago,Illinois,90001,South,PROD-11115,Furniture,Bookcases,Premium Bookcases v1,805.9,4,0.0,226.12
1117,CA-2024-101116,2023-07-29,2023-08-02,Standard Class,CG-10080,Aaron Bergman,Consumer,United States,Miami,Texas,90001,South,PROD-11116,Technology,Phones,Premium Phones v2,1166.72,5,0.0,351.29
1118,CA-2024-101117,2024-04-19,2024-04-22,Standard Class,CG-10115,Emily Burns,Home Office,United States,Miami,New York,90001,West,PROD-11117,Office Supplies,Storage,Premium Storage v3,1001.49,5,0.3,2.45
1119,CA-2024-101118,2024-02-22,2024-02-27,Second Class,CG-10134,Claire Gute,Home Office,United States,Miami,Texas,90001,Central,PROD-11118,Furniture,Bookcases,Premium Bookcases v4,335.94,1,0.0,148.11
1120,CA-2024-101119,2023-12-13,2023-12-14,Second Class,CG-10055,Sanford Allen,Corporate,United States,Miami,Florida,90001,South,PROD-11119,Technology,Machines,Premium Machines v5,521.51,8,0.5,-83.02
1121,CA-2024-101120,2024-06-12,2024-06-17,Second Class,CG-10044,Claire Gute,Corporate,United States,New York City,California,90001,West,PROD-11120,Furniture,Chairs,Premium Chairs v1,297.5,5,0.1,94.62
1122,CA-2024-101121,2024-10-01,2024-10-03,Same Day,CG-10018,Carol Adams,Corporate,United States,New York City,Illinois,90001,Central,PROD-11121,Furniture,Tables,Premium Tables v2,19.97,3,0.5,-20.82
1123,CA-2024-101122,2023-06-28,2023-07-02,Standard Class,CG-10016,Claire Gute,Consumer,United States,Los Angeles,California,90001,East,PROD-11122,Furniture,Chairs,Premium Chairs v3,237.84,3,0.0,58.81
1124,CA-2024-101123,2023-07-01,2023-07-05,Standard Class,CG-10012,Carol Adams,Corporate,United States,Houston,Florida,90001,East,PROD-11123,Technology,Phones,Premium Phones v4,19.81,4,0.2,39.0
1125,CA-2024-101124,2024-10-25,2024-10-27,Standard Class,CG-10148,Carol Adams,Home Office,United States,Houston,Texas,90001,Central,PROD-11124,Office Supplies,Storage,Premium Storage v5,868.01,7,0.1,197.25
1126,CA-2024-101125,2023-01-25,2023-01-28,Second Class,CG-10045,Sanford Allen,Corporate,United States,Houston,Washington,90001,Central,PROD-11125,Office Supplies,Binders,Premium Binders v1,519.26,5,0.2,45.29
1127,CA-2024-101126,2023-06-29,2023-07-02,Standard Class,CG-10093,Claire Gute,Consumer,United States,Houston,Illinois,90001,East,PROD-11126,Office Supplies,Supplies,Premium Supplies v2,385.4,1,0.1,85.42
1128,CA-2024-101127,2024-05-15,2024-05-19,First Class,CG-10022,Claire Gute,Consumer,United States,Miami,Washington,90001,East,PROD-11127,Furniture,Furnishings,Premium Furnishings v3,917.64,5,0.5,-165.82
1129,CA-2024-101128,2023-06-10,2023-06-14,Standard Class,CG-10097,Julia Barnett,Consumer,United States,Miami,New York,90001,Central,PROD-11128,Technology,Copiers,Premium Copiers v4,1001.5,5,0.2,139.2
1130,CA-2024-101129,2023-06-26,2023-06-27,First Class,CG-10047,Julia Barnett,Consumer,United States,New York City,Illinois,90001,West,PROD-11129,Furniture,Chairs,Premium Chairs v5,1170.73,6,0.0,335.45
1131,CA-2024-101130,2023-10-12,2023-10-15,First Class,CG-10029,Aaron Bergman,Home Office,United States,Seattle,California,90001,South,PROD-11130,Office Supplies,Paper,Premium Paper v1,775.79,7,0.5,-133.39
1132,CA-2024-101131,2023-03-04,2023-03-06,Standard Class,CG-10045,Carol Adams,Consumer,United States,Chicago,Washington,90001,South,PROD-11131,Office Supplies,Supplies,Premium Supplies v2,561.91,5,0.0,198.77
1133,CA-2024-101132,2024-10-23,2024-10-26,Standard Class,CG-10077,Sanford Allen,Consumer,United States,Miami,Florida,90001,Central,PROD-11132,Technology,Phones,Premium Phones v3,376.74,2,0.0,161.47
1134,CA-2024-101133,2024-10-27,2024-10-28,Second Class,CG-10009,Julia Barnett,Consumer,United States,Miami,New York,90001,South,PROD-11133,Furniture,Furnishings,Premium Furnishings v4,278.45,2,0.0,120.04
1135,CA-2024-101134,2023-06-05,2023-06-09,Standard Class,CG-10024,Claire Gute,Corporate,United States,San Francisco,Illinois,90001,East,PROD-11134,Office Supplies,Supplies,Premium Supplies v5,267.32,4,0.3,-0.66
1136,CA-2024-101135,2024-04-13,2024-04-17,Standard Class,CG-10015,Aaron Bergman,Corporate,United States,Miami,Florida,90001,East,PROD-11135,Technology,Copiers,Premium Copiers v1,499.89,1,0.0,179.64
1137,CA-2024-101136,2023-02-18,2023-02-19,Second Class,CG-10013,Sanford Allen,Consumer,United States,Seattle,New York,90001,South,PROD-11136,Furniture,Bookcases,Premium Bookcases v2,1190.27,7,0.0,390.51
1138,CA-2024-101137,2023-03-25,2023-03-27,Standard Class,CG-10091,Emily Burns,Consumer,United States,Seattle,California,90001,Central,PROD-11137,Furniture,Chairs,Premium Chairs v3,16.01,1,0.5,27.88
1139,CA-2024-101138,2023-12-27,2023-12-31,Second Class,CG-10101,Claire Gute,Consumer,United States,New York City,Florida,90001,East,PROD-11138,Office Supplies,Art,Premium Art v4,248.69,3,0.3,37.41
1140,CA-2024-101139,2024-11-19,2024-11-24,Second Class,CG-10071,Claire Gute,Corporate,United States,Miami,Illinois,90001,West,PROD-11139,Office Supplies,Appliances,Premium Appliances v5,238.25,7,0.0,114.74
1141,CA-2024-101140,2023-05-28,2023-06-01,Standard Class,CG-10122,Emily Burns,Consumer,United States,San Francisco,New York,90001,West,PROD-11140,Furniture,Bookcases,Premium Bookcases v1,864.79,6,0.2,73.37
1142,CA-2024-101141,2024-09-21,2024-09-26,Standard Class,CG-10076,Carol Adams,Home Office,United States,Chicago,Texas,90001,East,PROD-11141,Furniture,Furnishings,Premium Furnishings v2,432.69,7,0.5,-99.2
1143,CA-2024-101142,2023-12-08,2023-12-09,Standard Class,CG-10116,Carol Adams,Consumer,United States,Houston,Illinois,90001,East,PROD-11142,Office Supplies,Supplies,Premium Supplies v3,556.85,5,0.0,202.8
1144,CA-2024-101143,2024-04-20,2024-04-21,Second Class,CG-10061,Julia Barnett,Consumer,United States,Miami,Illinois,90001,South,PROD-11143,Furniture,Furnishings,Premium Furnishings v4,191.12,8,0.3,-2.33
1145,CA-2024-101144,2023-03-04,2023-03-08,Standard Class,CG-10126,Julia Barnett,Corporate,United States,New York City,Illinois,90001,Central,PROD-11144,Office Supplies,Binders,Premium Binders v5,494.92,6,0.1,83.08
1146,CA-2024-101145,2023-12-26,2023-12-29,First Class,CG-10001,Claire Gute,Consumer,United States,New York City,Illinois,90001,South,PROD-11145,Furniture,Bookcases,Premium Bookcases v1,137.29,4,0.2,21.82
1147,CA-2024-101146,2024-07-14,2024-07-19,Standard Class,CG-10068,Claire Gute,Corporate,United States,Chicago,Texas,90001,Central,PROD-11146,Office Supplies,Paper,Premium Paper v2,646.66,1,0.1,166.72
1148,CA-2024-101147,2023-11-23,2023-11-25,Standard Class,CG-10088,Julia Barnett,Consumer,United States,San Francisco,Florida,90001,West,PROD-11147,Technology,Machines,Premium Machines v3,131.06,2,0.2,1.97
1149,CA-2024-101148,2023-05-21,2023-05-25,Standard Class,CG-10021,Emily Burns,Corporate,United States,Los Angeles,Florida,90001,West,PROD-11148,Office Supplies,Paper,Premium Paper v4,951.75,6,0.0,312.55
1150,CA-2024-101149,2023-08-03,2023-08-05,Standard Class,CG-10135,Julia Barnett,Corporate,United States,New York City,Florida,90001,Central,PROD-11149,Office Supplies,Art,Premium Art v5,686.42,4,0.2,48.9
1151,CA-2024-101150,2024-03-10,2024-03-14,Standard Class,CG-10003,Claire Gute,Home Office,United States,Seattle,California,90001,South,PROD-11150,Technology,Accessories,Premium Accessories v1,872.9,3,0.0,249.55
1152,CA-2024-101151,2023-11-14,2023-11-17,Standard Class,CG-10051,Sanford Allen,Consumer,United States,Seattle,Texas,90001,East,PROD-11151,Furniture,Chairs,Premium Chairs v2,510.94,7,0.1,106.75
1153,CA-2024-101152,2023-02-01,2023-02-04,Standard Class,CG-10079,Claire Gute,Consumer,United States,Houston,Texas,90001,Central,PROD-11152,Technology,Copiers,Premium Copiers v3,467.07,7,0.0,125.97
1154,CA-2024-101153,2024-10-31,2024-11-03,Standard Class,CG-10095,Sanford Allen,Consumer,United States,New York City,New York,90001,South,PROD-11153,Office Supplies,Storage,Premium Storage v4,131.38,2,0.3,39.21
1155,CA-2024-101154,2023-10-12,2023-10-15,Standard Class,CG-10123,Sanford Allen,Home Office,United States,San Francisco,Washington,90001,West,PROD-11154,Furniture,Chairs,Premium Chairs v5,635.77,8,0.0,231.22
1156,CA-2024-101155,2023-11-01,2023-11-02,Second Class,CG-10006,Claire Gute,Home Office,United States,Houston,Florida,90001,East,PROD-11155,Technology,Accessories,Premium Accessories v1,624.69,1,0.1,157.83
1157,CA-2024-101156,2024-03-04,2024-03-05,Standard Class,CG-10017,Aaron Bergman,Consumer,United States,New York City,Washington,90001,West,PROD-11156,Furniture,Tables,Premium Tables v2,569.7,7,0.1,110.91
1158,CA-2024-101157,2024-04-21,2024-04-26,Standard Class,CG-10117,Julia Barnett,Consumer,United States,Chicago,New York,90001,Central,PROD-11157,Furniture,Chairs,Premium Chairs v3,892.51,1,0.2,105.88
1159,CA-2024-101158,2023-10-13,2023-10-15,First Class,CG-10060,Carol Adams,Consumer,United States,Miami,Texas,90001,West,PROD-11158,Technology,Accessories,Premium Accessories v4,1001.52,3,0.1,193.2
1160,CA-2024-101159,2023-05-24,2023-05-28,Standard Class,CG-10125,Claire Gute,Consumer,United States,San Francisco,New York,90001,West,PROD-11159,Furniture,Furnishings,Premium Furnishings v5,904.69,3,0.2,90.16
1161,CA-2024-101160,2024-02-28,2024-03-03,Second Class,CG-10081,Sanford Allen,Consumer,United States,New York City,Illinois,90001,Central,PROD-11160,Technology,Copiers,Premium Copiers v1,185.48,2,0.0,71.76
1162,CA-2024-101161,2023-01-19,2023-01-20,Standard Class,CG-10085,Claire Gute,Consumer,United States,San Francisco,New York,90001,East,PROD-11161,Office Supplies,Paper,Premium Paper v2,752.14,5,0.0,257.09
1163,CA-2024-101162,2023-01-18,2023-01-22,Standard Class,CG-10051,Julia Barnett,Corporate,United States,Los Angeles,New York,90001,Central,PROD-11162,Furniture,Bookcases,Premium Bookcases v3,110.18,4,0.1,8.66
1164,CA-2024-101163,2024-08-12,2024-08-13,First Class,CG-10139,Emily Burns,Home Office,United States,San Francisco,Illinois,90001,South,PROD-11163,Office Supplies,Art,Premium Art v4,838.13,6,0.5,-166.86
1165,CA-2024-101164,2024-01-06,2024-01-11,Standard Class,CG-10071,Sanford Allen,Home Office,United States,San Francisco,Washington,90001,Central,PROD-11164,Office Supplies,Art,Premium Art v5,467.48,2,0.0,185.11
1166,CA-2024-101165,2023-06-24,2023-06-26,Second Class,CG-10039,Carol Adams,Consumer,United States,Seattle,Illinois,90001,Central,PROD-11165,Furniture,Chairs,Premium Chairs v1,172.01,4,0.0,61.64
1167,CA-2024-101166,2023-07-13,2023-07-18,Standard Class,CG-10069,Carol Adams,Corporate,United States,Chicago,California,90001,East,PROD-11166,Technology,Phones,Premium Phones v2,1036.53,7,0.0,356.68
1168,CA-2024-101167,2024-05-16,2024-05-19,Second Class,CG-10048,Carol Adams,Home Office,United States,Miami,New York,90001,South,PROD-11167,Furniture,Bookcases,Premium Bookcases v3,742.6,1,0.2,123.66
1169,CA-2024-101168,2023-04-23,2023-04-26,First Class,CG-10125,Emily Burns,Consumer,United States,Miami,New York,90001,West,PROD-11168,Office Supplies,Binders,Premium Binders v4,435.35,3,0.0,147.47
1170,CA-2024-101169,2023-04-24,2023-04-27,Standard Class,CG-10057,Aaron Bergman,Corporate,United States,Seattle,Washington,90001,West,PROD-11169,Office Supplies,Binders,Premium Binders v5,51.41,1,0.3,0.16
1171,CA-2024-101170,2023-08-10,2023-08-15,First Class,CG-10021,Sanford Allen,Consumer,United States,San Francisco,Texas,90001,West,PROD-11170,Technology,Machines,Premium Machines v1,651.71,2,0.0,230.87
1172,CA-2024-101171,2024-11-08,2024-11-12,Standard Class,CG-10082,Emily Burns,Consumer,United States,Miami,Illinois,90001,West,PROD-11171,Furniture,Bookcases,Premium Bookcases v2,1109.02,9,0.0,323.86
1173,CA-2024-101172,2024-10-05,2024-10-07,Second Class,CG-10099,Sanford Allen,Consumer,United States,Houston,Texas,90001,East,PROD-11172,Office Supplies,Paper,Premium Paper v3,721.71,5,0.0,214.16
1174,CA-2024-101173,2023-09-21,2023-09-24,Standard Class,CG-10148,Emily Burns,Consumer,United States,Chicago,California,90001,South,PROD-11173,Office Supplies,Appliances,Premium Appliances v4,1166.41,4,0.2,151.58
1175,CA-2024-101174,2023-02-24,2023-02-27,First Class,CG-10015,Emily Burns,Corporate,United States,Los Angeles,Illinois,90001,East,PROD-11174,Office Supplies,Art,Premium Art v5,176.69,4,0.2,28.02
1176,CA-2024-101175,2024-10-04,2024-10-07,Standard Class,CG-10069,Aaron Bergman,Consumer,United States,Seattle,California,90001,Central,PROD-11175,Technology,Phones,Premium Phones v1,688.44,8,0.0,200.64
1177,CA-2024-101176,2024-04-02,2024-04-04,Standard Class,CG-10076,Sanford Allen,Consumer,United States,New York City,California,90001,South,PROD-11176,Office Supplies,Art,Premium Art v2,960.78,3,0.5,-166.58
1178,CA-2024-101177,2023-06-11,2023-06-14,First Class,CG-10062,Emily Burns,Consumer,United States,New York City,California,90001,South,PROD-11177,Office Supplies,Binders,Premium Binders v3,637.77,4,0.0,222.62
1179,CA-2024-101178,2024-01-15,2024-01-17,Second Class,CG-10119,Aaron Bergman,Home Office,United States,New York City,Florida,90001,West,PROD-11178,Furniture,Tables,Premium Tables v4,122.91,2,0.2,1.05
1180,CA-2024-101179,2023-03-28,2023-03-31,Standard Class,CG-10037,Claire Gute,Consumer,United States,Chicago,Illinois,90001,West,PROD-11179,Furniture,Bookcases,Premium Bookcases v5,705.72,6,0.1,140.53
1181,CA-2024-101180,2023-02-24,2023-03-01,Standard Class,CG-10134,Julia Barnett,Corporate,United States,Los Angeles,Illinois,90001,West,PROD-11180,Office Supplies,Paper,Premium Paper v1,739.91,9,0.0,217.46
1182,CA-2024-101181,2024-04-20,2024-04-25,Standard Class,CG-10026,Emily Burns,Corporate,United States,Miami,Florida,90001,West,PROD-11181,Office Supplies,Art,Premium Art v2,878.52,4,0.3,6.59
1183,CA-2024-101182,2023-06-27,2023-06-29,Standard Class,CG-10008,Carol Adams,Consumer,United States,Los Angeles,Washington,90001,Central,PROD-11182,Furniture,Bookcases,Premium Bookcases v3,917.04,6,0.3,33.44
1184,CA-2024-101183,2024-01-26,2024-01-31,Standard Class,CG-10004,Aaron Bergman,Consumer,United States,Los Angeles,Florida,90001,West,PROD-11183,Technology,Phones,Premium Phones v4,928.37,4,0.0,308.47
1185,CA-2024-101184,2023-12-15,2023-12-17,Second Class,CG-10021,Aaron Bergman,Corporate,United States,Seattle,New York,90001,East,PROD-11184,Technology,Phones,Premium Phones v5,801.18,2,0.1,186.61
1186,CA-2024-101185,2023-01-08,2023-01-13,Standard Class,CG-10149,Emily Burns,Consumer,United States,Chicago,Texas,90001,South,PROD-11185,Technology,Phones,Premium Phones v1,270.74,6,0.0,61.66
1187,CA-2024-101186,2023-11-09,2023-11-14,Second Class,CG-10025,Aaron Bergman,Consumer,United States,New York City,Texas,90001,Central,PROD-11186,Technology,Phones,Premium Phones v2,494.02,7,0.2,39.35
1188,CA-2024-101187,2024-03-18,2024-03-20,First Class,CG-10143,Claire Gute,Corporate,United States,Seattle,California,90001,Central,PROD-11187,Technology,Accessories,Premium Accessories v3,934.71,4,0.0,276.04
1189,CA-2024-101188,2023-11-24,2023-11-28,Standard Class,CG-10043,Aaron Bergman,Consumer,United States,Miami,Illinois,90001,South,PROD-11188,Technology,Copiers,Premium Copiers v4,1144.81,7,0.3,-0.96
1190,CA-2024-101189,2023-02-23,2023-02-28,Standard Class,CG-10037,Julia Barnett,Consumer,United States,Los Angeles,Illinois,90001,South,PROD-11189,Technology,Phones,Premium Phones v5,108.55,8,0.0,22.81
1191,CA-2024-101190,2023-08-27,2023-08-30,Standard Class,CG-10042,Julia Barnett,Consumer,United States,San Francisco,California,90001,South,PROD-11190,Technology,Accessories,Premium Accessories v1,649.61,3,0.0,203.61
1192,CA-2024-101191,2023-08-17,2023-08-21,Standard Class,CG-10092,Carol Adams,Consumer,United States,New York City,New York,90001,Central,PROD-11191,Furniture,Chairs,Premium Chairs v2,385.34,2,0.0,100.86
1193,CA-2024-101192,2024-08-01,2024-08-03,Second Class,CG-10061,Claire Gute,Corporate,United States,Chicago,Texas,90001,East,PROD-11192,Technology,Phones,Premium Phones v3,282.09,5,0.0,117.13
1194,CA-2024-101193,2023-02-20,2023-02-24,Standard Class,CG-10142,Julia Barnett,Corporate,United States,Houston,Florida,90001,East,PROD-11193,Technology,Copiers,Premium Copiers v4,614.39,2,0.1,158.02
1195,CA-2024-101194,2024-08-31,2024-09-01,Second Class,CG-10068,Emily Burns,Corporate,United States,Los Angeles,Washington,90001,South,PROD-11194,Technology,Copiers,Premium Copiers v5,733.22,5,0.0,240.16
1196,CA-2024-101195,2024-08-26,2024-08-27,Standard Class,CG-10053,Sanford Allen,Corporate,United States,Los Angeles,New York,90001,Central,PROD-11195,Office Supplies,Storage,Premium Storage v1,26.58,6,0.2,-11.06
1197,CA-2024-101196,2023-09-21,2023-09-26,Standard Class,CG-10084,Sanford Allen,Consumer,United States,Los Angeles,Illinois,90001,West,PROD-11196,Furniture,Chairs,Premium Chairs v2,939.54,8,0.0,324.17
1198,CA-2024-101197,2024-02-22,2024-02-27,Standard Class,CG-10034,Sanford Allen,Consumer,United States,Los Angeles,California,90001,Central,PROD-11197,Furniture,Bookcases,Premium Bookcases v3,986.56,6,0.2,146.25
1199,CA-2024-101198,2023-04-06,2023-04-09,Standard Class,CG-10076,Emily Burns,Consumer,United States,New York City,Texas,90001,South,PROD-11198,Furniture,Tables,Premium Tables v4,1159.13,4,0.1,225.99
1200,CA-2024-101199,2023-03-29,2023-04-02,Standard Class,CG-10097,Aaron Bergman,Consumer,United States,Chicago,California,90001,Central,PROD-11199,Technology,Copiers,Premium Copiers v5,229.06,3,0.5,-16.49
1201,CA-2024-101200,2023-03-19,2023-03-20,Standard Class,CG-10148,Emily Burns,Home Office,United States,Seattle,Illinois,90001,Central,PROD-11200,Technology,Copiers,Premium Copiers v1,719.54,2,0.5,-104.97
1202,CA-2024-101201,2023-10-15,2023-10-20,First Class,CG-10030,Aaron Bergman,Home Office,United States,New York City,California,90001,Central,PROD-11201,Office Supplies,Paper,Premium Paper v2,520.55,1,0.3,17.79
1203,CA-2024-101202,2023-04-30,2023-05-04,Second Class,CG-10088,Sanford Allen,Consumer,United States,Chicago,Florida,90001,West,PROD-11202,Furniture,Tables,Premium Tables v3,411.77,2,0.2,43.81
1204,CA-2024-101203,2024-05-05,2024-05-10,Standard Class,CG-10007,Carol Adams,Consumer,United States,Seattle,Texas,90001,South,PROD-11203,Technology,Machines,Premium Machines v4,685.28,2,0.0,219.08
1205,CA-2024-101204,2024-03-27,2024-04-01,Standard Class,CG-10036,Carol Adams,Consumer,United States,Los Angeles,California,90001,South,PROD-11204,Furniture,Furnishings,Premium Furnishings v5,942.12,5,0.2,110.07
1206,CA-2024-101205,2024-05-14,2024-05-15,Standard Class,CG-10038,Aaron Bergman,Consumer,United States,Chicago,Texas,90001,South,PROD-11205,Office Supplies,Appliances,Premium Appliances v1,42.32,9,0.5,-0.42
1207,CA-2024-101206,2023-06-14,2023-06-15,Standard Class,CG-10052,Sanford Allen,Consumer,United States,Los Angeles,California,90001,East,PROD-11206,Office Supplies,Appliances,Premium Appliances v2,1163.74,1,0.0,394.21
1208,CA-2024-101207,2023-07-01,2023-07-06,Standard Class,CG-10143,Emily Burns,Corporate,United States,San Francisco,California,90001,East,PROD-11207,Office Supplies,Art,Premium Art v3,974.71,4,0.1,227.01
1209,CA-2024-101208,2024-04-13,2024-04-15,Standard Class,CG-10140,Carol Adams,Home Office,United States,Chicago,Texas,90001,South,PROD-11208,Furniture,Chairs,Premium Chairs v4,905.12,7,0.0,268.43
1210,CA-2024-101209,2023-01-07,2023-01-12,Standard Class,CG-10143,Aaron Bergman,Corporate,United States,Miami,Florida,90001,Central,PROD-11209,Technology,Copiers,Premium Copiers v5,916.06,3,0.1,204.2
1211,CA-2024-101210,2023-11-26,2023-12-01,Standard Class,CG-10093,Emily Burns,Consumer,United States,Houston,California,90001,Central,PROD-11210,Technology,Copiers,Premium Copiers v1,476.04,8,0.1,123.42
1212,CA-2024-101211,2024-11-03,2024-11-06,Standard Class,CG-10107,Sanford Allen,Consumer,United States,Los Angeles,Florida,90001,South,PROD-11211,Office Supplies,Storage,Premium Storage v2,905.67,3,0.1,170.94
1213,CA-2024-101212,2023-05-31,2023-06-03,Standard Class,CG-10126,Claire Gute,Corporate,United States,Los Angeles,New York,90001,West,PROD-11212,Technology,Phones,Premium Phones v3,473.32,8,0.1,99.75
1214,CA-2024-101213,2023-03-26,2023-03-29,Second Class,CG-10049,Sanford Allen,Home Office,United States,Los Angeles,Washington,90001,West,PROD-11213,Office Supplies,Supplies,Premium Supplies v4,1079.97,2,0.5,-172.61
1215,CA-2024-101214,2023-05-27,2023-05-29,Standard Class,CG-10021,Sanford Allen,Home Office,United States,Miami,New York,90001,Central,PROD-11214,Furniture,Tables,Premium Tables v5,225.01,5,0.1,64.7
1216,CA-2024-101215,2024-09-15,2024-09-17,Standard Class,CG-10015,Emily Burns,Home Office,United States,New York City,Washington,90001,Central,PROD-11215,Office Supplies,Art,Premium Art v1,361.43,4,0.3,-4.81
1217,CA-2024-101216,2024-01-16,2024-01-21,Standard Class,CG-10014,Emily Burns,Corporate,United States,Seattle,New York,90001,East,PROD-11216,Furniture,Furnishings,Premium Furnishings v2,668.33,9,0.0,189.09
1218,CA-2024-101217,2024-07-01,2024-07-04,First Class,CG-10042,Julia Barnett,Corporate,United States,Los Angeles,Washington,90001,West,PROD-11217,Office Supplies,Supplies,Premium Supplies v3,393.27,3,0.1,94.93
1219,CA-2024-101218,2023-10-12,2023-10-14,First Class,CG-10015,Julia Barnett,Consumer,United States,Los Angeles,California,90001,Central,PROD-11218,Technology,Copiers,Premium Copiers v4,517.72,5,0.1,121.88
1220,CA-2024-101219,2024-11-30,2024-12-01,Second Class,CG-10063,Emily Burns,Corporate,United States,New York City,Texas,90001,Central,PROD-11219,Technology,Copiers,Premium Copiers v5,598.52,9,0.0,182.97
1221,CA-2024-101220,2023-03-23,2023-03-28,Standard Class,CG-10027,Emily Burns,Consumer,United States,New York City,Texas,90001,South,PROD-11220,Office Supplies,Appliances,Premium Appliances v1,1029.78,6,0.0,333.06
1222,CA-2024-101221,2024-05-28,2024-06-01,Standard Class,CG-10093,Claire Gute,Consumer,United States,Houston,Illinois,90001,East,PROD-11221,Technology,Machines,Premium Machines v2,634.98,2,0.1,111.8
1223,CA-2024-101222,2024-06-06,2024-06-11,Second Class,CG-10105,Claire Gute,Corporate,United States,Chicago,Washington,90001,West,PROD-11222,Technology,Copiers,Premium Copiers v3,444.51,1,0.1,79.06
1224,CA-2024-101223,2024-01-21,2024-01-25,Standard Class,CG-10053,Sanford Allen,Consumer,United States,Los Angeles,Illinois,90001,West,PROD-11223,Technology,Copiers,Premium Copiers v4,308.57,1,0.2,49.1
1225,CA-2024-101224,2024-04-15,2024-04-18,Standard Class,CG-10052,Carol Adams,Consumer,United States,Chicago,Florida,90001,East,PROD-11224,Furniture,Tables,Premium Tables v5,499.28,7,0.0,134.11
1226,CA-2024-101225,2023-04-29,2023-05-03,First Class,CG-10063,Claire Gute,Consumer,United States,San Francisco,Florida,90001,Central,PROD-11225,Technology,Machines,Premium Machines v1,626.15,2,0.0,229.51
1227,CA-2024-101226,2024-01-31,2024-02-03,Standard Class,CG-10057,Sanford Allen,Consumer,United States,New York City,Illinois,90001,West,PROD-11226,Furniture,Chairs,Premium Chairs v2,899.15,7,0.2,79.87
1228,CA-2024-101227,2024-06-15,2024-06-16,Standard Class,CG-10120,Aaron Bergman,Consumer,United States,New York City,Washington,90001,West,PROD-11227,Office Supplies,Storage,Premium Storage v3,158.44,1,0.0,74.71
1229,CA-2024-101228,2023-09-18,2023-09-22,Standard Class,CG-10052,Julia Barnett,Consumer,United States,Houston,Texas,90001,West,PROD-11228,Technology,Phones,Premium Phones v4,277.61,4,0.0,90.67
1230,CA-2024-101229,2023-09-13,2023-09-18,Standard Class,CG-10107,Carol Adams,Consumer,United States,Seattle,Washington,90001,South,PROD-11229,Technology,Copiers,Premium Copiers v5,464.89,4,0.0,147.45
1231,CA-2024-101230,2023-08-14,2023-08-17,Standard Class,CG-10043,Sanford Allen,Consumer,United States,Miami,Florida,90001,East,PROD-11230,Technology,Accessories,Premium Accessories v1,442.07,5,0.0,166.16
1232,CA-2024-101231,2023-02-22,2023-02-27,Second Class,CG-10135,Emily Burns,Home Office,United States,Miami,California,90001,West,PROD-11231,Office Supplies,Appliances,Premium Appliances v2,479.22,1,0.0,158.73
1233,CA-2024-101232,2024-05-14,2024-05-16,Second Class,CG-10117,Aaron Bergman,Consumer,United States,Miami,Illinois,90001,East,PROD-11232,Furniture,Chairs,Premium Chairs v3,955.32,7,0.0,317.39
1234,CA-2024-101233,2024-05-20,2024-05-23,Standard Class,CG-10004,Julia Barnett,Consumer,United States,New York City,Illinois,90001,Central,PROD-11233,Furniture,Furnishings,Premium Furnishings v4,399.12,2,0.0,135.1
1235,CA-2024-101234,2023-12-30,2024-01-03,First Class,CG-10133,Aaron Bergman,Corporate,United States,Los Angeles,Florida,90001,East,PROD-11234,Technology,Phones,Premium Phones v5,609.75,2,0.2,82.48
1236,CA-2024-101235,2023-10-07,2023-10-10,Standard Class,CG-10080,Sanford Allen,Home Office,United States,Houston,Washington,90001,South,PROD-11235,Office Supplies,Appliances,Premium Appliances v1,754.33,8,0.0,259.55
1237,CA-2024-101236,2024-08-15,2024-08-20,Standard Class,CG-10041,Claire Gute,Corporate,United States,Seattle,Illinois,90001,South,PROD-11236,Office Supplies,Binders,Premium Binders v2,290.13,9,0.1,80.54
1238,CA-2024-101237,2023-06-07,2023-06-08,Second Class,CG-10132,Julia Barnett,Consumer,United States,San Francisco,Texas,90001,East,PROD-11237,Office Supplies,Art,Premium Art v3,866.65,6,0.5,-150.24
1239,CA-2024-101238,2024-09-23,2024-09-26,Second Class,CG-10002,Aaron Bergman,Corporate,United States,Miami,Illinois,90001,South,PROD-11238,Office Supplies,Paper,Premium Paper v4,663.33,1,0.2,101.58
1240,CA-2024-101239,2023-02-28,2023-03-04,Second Class,CG-10149,Claire Gute,Corporate,United States,Houston,Washington,90001,West,PROD-11239,Office Supplies,Appliances,Premium Appliances v5,544.44,1,0.0,209.77
1241,CA-2024-101240,2023-05-08,2023-05-10,First Class,CG-10043,Carol Adams,Corporate,United States,New York City,Florida,90001,South,PROD-11240,Furniture,Tables,Premium Tables v1,974.59,7,0.5,-188.55
1242,CA-2024-101241,2023-04-25,2023-04-26,Second Class,CG-10082,Sanford Allen,Corporate,United States,Miami,Texas,90001,Central,PROD-11241,Furniture,Tables,Premium Tables v2,303.54,8,0.0,111.46
1243,CA-2024-101242,2023-07-28,2023-07-30,First Class,CG-10108,Sanford Allen,Home Office,United States,Seattle,Texas,90001,East,PROD-11242,Furniture,Tables,Premium Tables v3,1061.56,3,0.0,304.51
1244,CA-2024-101243,2024-06-09,2024-06-12,Standard Class,CG-10137,Julia Barnett,Home Office,United States,San Francisco,Illinois,90001,East,PROD-11243,Technology,Phones,Premium Phones v4,679.84,9,0.5,-130.85
1245,CA-2024-101244,2024-06-04,2024-06-09,Second Class,CG-10026,Aaron Bergman,Corporate,United States,Chicago,Washington,90001,Central,PROD-11244,Office Supplies,Art,Premium Art v5,736.87,4,0.3,8.84
1246,CA-2024-101245,2024-07-05,2024-07-10,Same Day,CG-10082,Carol Adams,Consumer,United States,San Francisco,Illinois,90001,Central,PROD-11245,Technology,Machines,Premium Machines v1,1051.94,4,0.1,248.85
1247,CA-2024-101246,2023-08-25,2023-08-29,Second Class,CG-10083,Emily Burns,Corporate,United States,Seattle,California,90001,Central,PROD-11246,Office Supplies,Art,Premium Art v2,983.84,3,0.2,114.32
1248,CA-2024-101247,2023-10-08,2023-10-13,Standard Class,CG-10131,Julia Barnett,Home Office,United States,San Francisco,Florida,90001,Central,PROD-11247,Furniture,Chairs,Premium Chairs v3,727.85,8,0.2,103.96
1249,CA-2024-101248,2023-12-25,2023-12-26,Standard Class,CG-10073,Emily Burns,Consumer,United States,Los Angeles,California,90001,West,PROD-11248,Technology,Accessories,Premium Accessories v4,907.53,9,0.0,253.59
1250,CA-2024-101249,2023-07-20,2023-07-25,Standard Class,CG-10100,Julia Barnett,Home Office,United States,Miami,Texas,90001,South,PROD-11249,Furniture,Tables,Premium Tables v5,528.48,1,0.0,171.06
1251,CA-2024-101250,2023-10-05,2023-10-09,Standard Class,CG-10049,Aaron Bergman,Consumer,United States,Miami,Illinois,90001,South,PROD-11250,Office Supplies,Art,Premium Art v1,663.64,2,0.1,175.82
1252,CA-2024-101251,2023-08-23,2023-08-26,Same Day,CG-10145,Carol Adams,Consumer,United States,Chicago,California,90001,West,PROD-11251,Office Supplies,Art,Premium Art v2,88.55,1,0.5,-22.01
1253,CA-2024-101252,2024-05-08,2024-05-11,Standard Class,CG-10063,Aaron Bergman,Home Office,United States,San Francisco,New York,90001,Central,PROD-11252,Office Supplies,Art,Premium Art v3,121.48,4,0.0,18.65
1254,CA-2024-101253,2023-01-04,2023-01-09,Standard Class,CG-10055,Sanford Allen,Consumer,United States,Chicago,California,90001,East,PROD-11253,Furniture,Bookcases,Premium Bookcases v4,997.87,7,0.2,110.13
1255,CA-2024-101254,2024-10-27,2024-10-29,First Class,CG-10034,Emily Burns,Consumer,United States,San Francisco,Illinois,90001,East,PROD-11254,Office Supplies,Binders,Premium Binders v5,85.71,7,0.0,55.02
1256,CA-2024-101255,2024-03-17,2024-03-20,Standard Class,CG-10105,Claire Gute,Consumer,United States,Miami,Illinois,90001,East,PROD-11255,Furniture,Furnishings,Premium Furnishings v1,215.74,6,0.1,54.96
1257,CA-2024-101256,2023-01-29,2023-02-03,Standard Class,CG-10105,Sanford Allen,Consumer,United States,Los Angeles,Florida,90001,Central,PROD-11256,Technology,Copiers,Premium Copiers v2,958.06,5,0.2,108.0
1258,CA-2024-101257,2023-04-19,2023-04-23,Standard Class,CG-10069,Sanford Allen,Consumer,United States,San Francisco,California,90001,West,PROD-11257,Office Supplies,Appliances,Premium Appliances v3,16.36,4,0.2,28.52
1259,CA-2024-101258,2024-09-01,2024-09-06,Second Class,CG-10015,Emily Burns,Consumer,United States,Chicago,Illinois,90001,West,PROD-11258,Office Supplies,Paper,Premium Paper v4,349.65,8,0.0,102.7
1260,CA-2024-101259,2023-03-16,2023-03-19,Standard Class,CG-10003,Julia Barnett,Consumer,United States,New York City,Illinois,90001,West,PROD-11259,Office Supplies,Supplies,Premium Supplies v5,707.09,7,0.1,174.05
1261,CA-2024-101260,2023-05-26,2023-05-30,Same Day,CG-10003,Sanford Allen,Home Office,United States,Miami,Florida,90001,South,PROD-11260,Technology,Machines,Premium Machines v1,720.61,1,0.1,134.84
1262,CA-2024-101261,2023-05-08,2023-05-13,Standard Class,CG-10102,Carol Adams,Home Office,United States,Seattle,Florida,90001,South,PROD-11261,Office Supplies,Storage,Premium Storage v2,935.93,6,0.0,288.48
1263,CA-2024-101262,2023-02-11,2023-02-12,Standard Class,CG-10004,Sanford Allen,Consumer,United States,Seattle,Florida,90001,South,PROD-11262,Furniture,Furnishings,Premium Furnishings v3,614.52,2,0.0,210.28
1264,CA-2024-101263,2023-12-22,2023-12-26,Standard Class,CG-10088,Carol Adams,Corporate,United States,Los Angeles,Florida,90001,South,PROD-11263,Furniture,Tables,Premium Tables v4,618.64,4,0.2,99.85
1265,CA-2024-101264,2023-02-10,2023-02-11,Second Class,CG-10045,Aaron Bergman,Consumer,United States,New York City,New York,90001,East,PROD-11264,Office Supplies,Appliances,Premium Appliances v5,874.49,5,0.1,210.31
1266,CA-2024-101265,2023-02-03,2023-02-05,Standard Class,CG-10045,Julia Barnett,Consumer,United States,Chicago,Texas,90001,East,PROD-11265,Office Supplies,Storage,Premium Storage v1,605.87,8,0.0,212.28
1267,CA-2024-101266,2023-01-17,2023-01-21,Standard Class,CG-10075,Carol Adams,Consumer,United States,San Francisco,Illinois,90001,West,PROD-11266,Technology,Copiers,Premium Copiers v2,736.06,6,0.1,152.35
1268,CA-2024-101267,2024-11-07,2024-11-08,Standard Class,CG-10009,Sanford Allen,Home Office,United States,Miami,Washington,90001,South,PROD-11267,Technology,Copiers,Premium Copiers v3,1078.86,2,0.5,-227.21
1269,CA-2024-101268,2023-06-02,2023-06-05,First Class,CG-10145,Julia Barnett,Home Office,United States,Seattle,Florida,90001,West,PROD-11268,Technology,Machines,Premium Machines v4,490.72,5,0.0,142.39
1270,CA-2024-101269,2024-01-13,2024-01-16,Standard Class,CG-10118,Julia Barnett,Consumer,United States,Seattle,Texas,90001,Central,PROD-11269,Office Supplies,Appliances,Premium Appliances v5,471.37,5,0.2,87.68
1271,CA-2024-101270,2024-08-10,2024-08-12,Second Class,CG-10065,Carol Adams,Consumer,United States,Seattle,Florida,90001,South,PROD-11270,Technology,Accessories,Premium Accessories v1,19.21,6,0.0,45.78
1272,CA-2024-101271,2024-08-21,2024-08-25,First Class,CG-10131,Carol Adams,Consumer,United States,Seattle,Texas,90001,South,PROD-11271,Technology,Copiers,Premium Copiers v2,741.91,1,0.0,269.18
1273,CA-2024-101272,2024-09-20,2024-09-24,Standard Class,CG-10026,Claire Gute,Corporate,United States,Houston,Washington,90001,West,PROD-11272,Furniture,Tables,Premium Tables v3,50.28,8,0.0,0.4
1274,CA-2024-101273,2023-12-08,2023-12-12,Standard Class,CG-10026,Claire Gute,Corporate,United States,Los Angeles,California,90001,West,PROD-11273,Technology,Machines,Premium Machines v4,612.42,3,0.1,140.06
1275,CA-2024-101274,2023-01-27,2023-01-29,Standard Class,CG-10023,Julia Barnett,Consumer,United States,Chicago,New York,90001,Central,PROD-11274,Furniture,Furnishings,Premium Furnishings v5,968.02,5,0.3,25.41
1276,CA-2024-101275,2023-10-14,2023-10-18,Standard Class,CG-10030,Emily Burns,Corporate,United States,Miami,Illinois,90001,West,PROD-11275,Furniture,Chairs,Premium Chairs v1,666.66,7,0.0,229.74
1277,CA-2024-101276,2024-10-07,2024-10-10,Standard Class,CG-10010,Emily Burns,Consumer,United States,Miami,California,90001,South,PROD-11276,Technology,Accessories,Premium Accessories v2,334.52,3,0.2,58.52
1278,CA-2024-101277,2023-06-17,2023-06-18,Standard Class,CG-10072,Claire Gute,Home Office,United States,Miami,Washington,90001,East,PROD-11277,Furniture,Chairs,Premium Chairs v3,946.61,6,0.1,223.22
1279,CA-2024-101278,2024-09-01,2024-09-04,Standard Class,CG-10064,Sanford Allen,Corporate,United States,Chicago,New York,90001,Central,PROD-11278,Office Supplies,Art,Premium Art v4,334.61,5,0.0,105.55
1280,CA-2024-101279,2023-09-25,2023-09-28,Standard Class,CG-10143,Aaron Bergman,Consumer,United States,Los Angeles,New York,90001,Central,PROD-11279,Office Supplies,Supplies,Premium Supplies v5,883.64,7,0.1,169.29
1281,CA-2024-101280,2024-03-30,2024-03-31,Standard Class,CG-10123,Julia Barnett,Corporate,United States,New York City,New York,90001,South,PROD-11280,Technology,Copiers,Premium Copiers v1,738.16,3,0.2,68.14
1282,CA-2024-101281,2024-11-15,2024-11-18,Standard Class,CG-10105,Aaron Bergman,Home Office,United States,San Francisco,Washington,90001,East,PROD-11281,Office Supplies,Storage,Premium Storage v2,216.45,2,0.3,-19.16
1283,CA-2024-101282,2024-02-05,2024-02-07,Second Class,CG-10074,Claire Gute,Consumer,United States,San Francisco,Florida,90001,West,PROD-11282,Furniture,Chairs,Premium Chairs v3,1087.58,4,0.3,4.52
1284,CA-2024-101283,2024-04-20,2024-04-21,First Class,CG-10148,Carol Adams,Consumer,United States,Los Angeles,Florida,90001,West,PROD-11283,Office Supplies,Paper,Premium Paper v4,252.76,3,0.0,62.25
1285,CA-2024-101284,2024-09-25,2024-09-28,First Class,CG-10105,Julia Barnett,Home Office,United States,Seattle,Florida,90001,East,PROD-11284,Technology,Accessories,Premium Accessories v5,1187.66,4,0.2,121.27
1286,CA-2024-101285,2024-07-11,2024-07-16,Standard Class,CG-10047,Claire Gute,Consumer,United States,San Francisco,California,90001,East,PROD-11285,Technology,Copiers,Premium Copiers v1,23.66,7,0.0,31.07
1287,CA-2024-101286,2024-07-29,2024-08-01,Standard Class,CG-10087,Sanford Allen,Consumer,United States,Seattle,Illinois,90001,South,PROD-11286,Furniture,Furnishings,Premium Furnishings v2,327.23,5,0.2,75.34
1288,CA-2024-101287,2023-05-10,2023-05-12,Standard Class,CG-10053,Julia Barnett,Consumer,United States,Los Angeles,New York,90001,West,PROD-11287,Technology,Phones,Premium Phones v3,251.83,4,0.5,-11.59
1289,CA-2024-101288,2023-12-29,2024-01-02,Standard Class,CG-10129,Julia Barnett,Home Office,United States,Los Angeles,New York,90001,South,PROD-11288,Office Supplies,Appliances,Premium Appliances v4,31.58,6,0.0,7.16
1290,CA-2024-101289,2024-11-23,2024-11-26,Standard Class,CG-10002,Emily Burns,Corporate,United States,Chicago,California,90001,West,PROD-11289,Technology,Machines,Premium Machines v5,882.86,7,0.1,165.96
1291,CA-2024-101290,2023-10-19,2023-10-23,Second Class,CG-10058,Carol Adams,Home Office,United States,Chicago,Florida,90001,West,PROD-11290,Furniture,Chairs,Premium Chairs v1,836.71,5,0.2,77.19
1292,CA-2024-101291,2024-01-06,2024-01-11,Standard Class,CG-10147,Julia Barnett,Corporate,United States,Houston,New York,90001,East,PROD-11291,Technology,Copiers,Premium Copiers v2,953.94,7,0.2,143.36
1293,CA-2024-101292,2023-01-29,2023-02-01,Standard Class,CG-10072,Carol Adams,Consumer,United States,Miami,New York,90001,South,PROD-11292,Office Supplies,Art,Premium Art v3,319.19,3,0.0,114.22
1294,CA-2024-101293,2023-05-29,2023-05-30,Same Day,CG-10140,Claire Gute,Corporate,United States,Houston,Washington,90001,East,PROD-11293,Furniture,Tables,Premium Tables v4,541.54,7,0.5,-115.53
1295,CA-2024-101294,2023-10-23,2023-10-27,Standard Class,CG-10027,Sanford Allen,Corporate,United States,Miami,Texas,90001,South,PROD-11294,Office Supplies,Appliances,Premium Appliances v5,796.05,3,0.2,118.46
1296,CA-2024-101295,2023-01-11,2023-01-16,Standard Class,CG-10029,Sanford Allen,Consumer,United States,Seattle,California,90001,West,PROD-11295,Furniture,Furnishings,Premium Furnishings v1,536.13,6,0.0,168.5
1297,CA-2024-101296,2024-05-26,2024-05-27,Standard Class,CG-10015,Julia Barnett,Consumer,United States,Houston,California,90001,Central,PROD-11296,Technology,Accessories,Premium Accessories v2,841.33,8,0.0,295.34
1298,CA-2024-101297,2024-11-06,2024-11-07,Standard Class,CG-10129,Julia Barnett,Consumer,United States,Houston,Florida,90001,Central,PROD-11297,Furniture,Tables,Premium Tables v3,766.26,6,0.2,74.87
1299,CA-2024-101298,2023-04-23,2023-04-24,Second Class,CG-10060,Claire Gute,Corporate,United States,New York City,California,90001,South,PROD-11298,Furniture,Bookcases,Premium Bookcases v4,150.86,3,0.0,52.78
1300,CA-2024-101299,2023-07-06,2023-07-07,Standard Class,CG-10107,Emily Burns,Home Office,United States,Los Angeles,Florida,90001,South,PROD-11299,Technology,Phones,Premium Phones v5,940.54,5,0.0,297.51
1301,CA-2024-101300,2023-08-15,2023-08-18,Standard Class,CG-10003,Emily Burns,Corporate,United States,Chicago,Washington,90001,East,PROD-11300,Office Supplies,Art,Premium Art v1,869.0,9,0.1,216.28
1302,CA-2024-101301,2023-11-06,2023-11-09,Second Class,CG-10115,Emily Burns,Home Office,United States,Houston,Washington,90001,West,PROD-11301,Technology,Machines,Premium Machines v2,792.16,8,0.2,120.03
1303,CA-2024-101302,2023-04-08,2023-04-11,First Class,CG-10146,Carol Adams,Consumer,United States,Chicago,Illinois,90001,Central,PROD-11302,Furniture,Chairs,Premium Chairs v3,198.79,6,0.2,40.08
1304,CA-2024-101303,2023-02-24,2023-03-01,Same Day,CG-10052,Emily Burns,Home Office,United States,Miami,Florida,90001,East,PROD-11303,Technology,Accessories,Premium Accessories v4,332.58,9,0.0,95.3
1305,CA-2024-101304,2024-09-14,2024-09-19,First Class,CG-10060,Sanford Allen,Home Office,United States,Houston,Washington,90001,South,PROD-11304,Furniture,Chairs,Premium Chairs v5,480.91,2,0.2,56.33
1306,CA-2024-101305,2024-10-25,2024-10-30,Standard Class,CG-10034,Carol Adams,Consumer,United States,Miami,Florida,90001,West,PROD-11305,Technology,Machines,Premium Machines v1,346.72,9,0.5,-21.05
1307,CA-2024-101306,2024-02-10,2024-02-12,Standard Class,CG-10096,Claire Gute,Home Office,United States,Houston,California,90001,East,PROD-11306,Technology,Copiers,Premium Copiers v2,284.96,6,0.0,108.03
1308,CA-2024-101307,2023-03-10,2023-03-15,Standard Class,CG-10089,Sanford Allen,Consumer,United States,San Francisco,Illinois,90001,East,PROD-11307,Office Supplies,Binders,Premium Binders v3,969.35,9,0.2,131.61
1309,CA-2024-101308,2023-11-08,2023-11-11,Standard Class,CG-10060,Sanford Allen,Home Office,United States,Seattle,Texas,90001,South,PROD-11308,Furniture,Chairs,Premium Chairs v4,771.31,4,0.5,-142.77
1310,CA-2024-101309,2023-10-16,2023-10-19,Second Class,CG-10019,Aaron Bergman,Home Office,United States,New York City,New York,90001,West,PROD-11309,Office Supplies,Appliances,Premium Appliances v5,685.08,5,0.2,85.75
1311,CA-2024-101310,2024-07-01,2024-07-03,First Class,CG-10111,Claire Gute,Corporate,United States,Miami,New York,90001,Central,PROD-11310,Furniture,Tables,Premium Tables v1,282.75,2,0.2,38.3
1312,CA-2024-101311,2023-05-28,2023-05-30,Standard Class,CG-10022,Claire Gute,Corporate,United States,Los Angeles,Illinois,90001,East,PROD-11311,Technology,Phones,Premium Phones v2,1102.92,3,0.0,360.08
1313,CA-2024-101312,2024-04-11,2024-04-16,Standard Class,CG-10128,Aaron Bergman,Consumer,United States,Los Angeles,Florida,90001,South,PROD-11312,Furniture,Chairs,Premium Chairs v3,241.55,1,0.1,87.91
1314,CA-2024-101313,2023-09-01,2023-09-05,Standard Class,CG-10035,Carol Adams,Corporate,United States,Seattle,Florida,90001,East,PROD-11313,Office Supplies,Storage,Premium Storage v4,957.02,4,0.1,206.92
1315,CA-2024-101314,2024-05-05,2024-05-07,First Class,CG-10107,Emily Burns,Consumer,United States,Seattle,Florida,90001,South,PROD-11314,Office Supplies,Appliances,Premium Appliances v5,1160.51,2,0.2,129.71
1316,CA-2024-101315,2024-05-21,2024-05-22,Standard Class,CG-10128,Emily Burns,Corporate,United States,San Francisco,Texas,90001,South,PROD-11315,Office Supplies,Art,Premium Art v1,876.6,2,0.5,-171.5
1317,CA-2024-101316,2023-12-31,2024-01-03,First Class,CG-10083,Emily Burns,Corporate,United States,Los Angeles,New York,90001,South,PROD-11316,Furniture,Bookcases,Premium Bookcases v2,1191.54,1,0.0,349.86
1318,CA-2024-101317,2024-04-26,2024-04-27,First Class,CG-10138,Emily Burns,Home Office,United States,Miami,Illinois,90001,West,PROD-11317,Office Supplies,Storage,Premium Storage v3,786.5,2,0.0,281.7
1319,CA-2024-101318,2023-07-20,2023-07-23,First Class,CG-10143,Emily Burns,Consumer,United States,Los Angeles,Florida,90001,Central,PROD-11318,Office Supplies,Art,Premium Art v4,272.69,4,0.0,83.93
1320,CA-2024-101319,2023-06-03,2023-06-06,Second Class,CG-10139,Aaron Bergman,Home Office,United States,New York City,Washington,90001,West,PROD-11319,Office Supplies,Supplies,Premium Supplies v5,256.53,6,0.2,61.7
1321,CA-2024-101320,2024-03-25,2024-03-27,Second Class,CG-10111,Claire Gute,Home Office,United States,Houston,California,90001,Central,PROD-11320,Technology,Copiers,Premium Copiers v1,399.61,7,0.0,149.96
1322,CA-2024-101321,2024-05-15,2024-05-17,Standard Class,CG-10090,Carol Adams,Corporate,United States,New York City,Texas,90001,South,PROD-11321,Technology,Accessories,Premium Accessories v2,23.45,7,0.2,37.71
1323,CA-2024-101322,2023-03-14,2023-03-15,Standard Class,CG-10024,Sanford Allen,Consumer,United States,San Francisco,Florida,90001,Central,PROD-11322,Furniture,Furnishings,Premium Furnishings v3,822.81,7,0.0,292.42
1324,CA-2024-101323,2023-10-23,2023-10-26,Standard Class,CG-10077,Emily Burns,Consumer,United States,San Francisco,New York,90001,West,PROD-11323,Furniture,Bookcases,Premium Bookcases v4,333.37,4,0.1,90.31
1325,CA-2024-101324,2023-01-17,2023-01-18,Standard Class,CG-10101,Aaron Bergman,Consumer,United States,Los Angeles,California,90001,East,PROD-11324,Office Supplies,Binders,Premium Binders v5,980.99,5,0.0,337.15
1326,CA-2024-101325,2024-10-02,2024-10-06,Same Day,CG-10132,Carol Adams,Corporate,United States,Houston,Illinois,90001,West,PROD-11325,Technology,Copiers,Premium Copiers v1,440.62,3,0.3,-8.26
1327,CA-2024-101326,2023-08-05,2023-08-06,Standard Class,CG-10013,Carol Adams,Corporate,United States,Los Angeles,Florida,90001,West,PROD-11326,Office Supplies,Binders,Premium Binders v2,583.75,1,0.1,140.62
1328,CA-2024-101327,2023-03-02,2023-03-07,First Class,CG-10098,Carol Adams,Home Office,United States,New York City,New York,90001,West,PROD-11327,Office Supplies,Art,Premium Art v3,1159.34,8,0.5,-197.81
1329,CA-2024-101328,2024-09-07,2024-09-08,Standard Class,CG-10120,Aaron Bergman,Consumer,United States,New York City,California,90001,West,PROD-11328,Technology,Copiers,Premium Copiers v4,301.97,7,0.1,59.41
1330,CA-2024-101329,2023-02-11,2023-02-16,Standard Class,CG-10037,Sanford Allen,Consumer,United States,Miami,Washington,90001,West,PROD-11329,Technology,Machines,Premium Machines v5,869.69,9,0.0,292.76
1331,CA-2024-101330,2023-01-25,2023-01-30,First Class,CG-10048,Emily Burns,Corporate,United States,Miami,Texas,90001,Central,PROD-11330,Technology,Phones,Premium Phones v1,909.81,4,0.0,307.44
1332,CA-2024-101331,2023-02-08,2023-02-13,Standard Class,CG-10001,Carol Adams,Home Office,United States,New York City,Illinois,90001,Central,PROD-11331,Furniture,Chairs,Premium Chairs v2,276.88,5,0.5,-17.19
1333,CA-2024-101332,2023-05-11,2023-05-15,Standard Class,CG-10060,Aaron Bergman,Home Office,United States,Houston,New York,90001,East,PROD-11332,Furniture,Furnishings,Premium Furnishings v3,608.68,5,0.2,62.77
1334,CA-2024-101333,2024-05-12,2024-05-13,Standard Class,CG-10140,Claire Gute,Home Office,United States,San Francisco,Washington,90001,West,PROD-11333,Office Supplies,Paper,Premium Paper v4,429.99,7,0.0,156.71
1335,CA-2024-101334,2023-08-17,2023-08-18,Second Class,CG-10149,Aaron Bergman,Consumer,United States,Miami,Texas,90001,West,PROD-11334,Furniture,Tables,Premium Tables v5,929.71,9,0.2,94.27
1336,CA-2024-101335,2023-04-18,2023-04-22,Standard Class,CG-10139,Aaron Bergman,Corporate,United States,Miami,Texas,90001,East,PROD-11335,Technology,Copiers,Premium Copiers v1,752.64,8,0.1,182.26
1337,CA-2024-101336,2023-06-21,2023-06-24,Standard Class,CG-10044,Aaron Bergman,Home Office,United States,Chicago,Washington,90001,East,PROD-11336,Technology,Accessories,Premium Accessories v2,579.04,7,0.0,186.12
1338,CA-2024-101337,2024-03-10,2024-03-12,Standard Class,CG-10115,Carol Adams,Consumer,United States,Chicago,New York,90001,South,PROD-11337,Furniture,Bookcases,Premium Bookcases v3,938.55,1,0.0,303.39
1339,CA-2024-101338,2024-04-22,2024-04-23,Second Class,CG-10108,Aaron Bergman,Consumer,United States,Miami,Texas,90001,East,PROD-11338,Office Supplies,Supplies,Premium Supplies v4,293.66,6,0.3,9.11
1340,CA-2024-101339,2023-04-12,2023-04-14,Second Class,CG-10044,Claire Gute,Consumer,United States,Los Angeles,Illinois,90001,East,PROD-11339,Office Supplies,Paper,Premium Paper v5,908.04,9,0.0,263.75
1341,CA-2024-101340,2024-06-07,2024-06-11,Standard Class,CG-10078,Carol Adams,Consumer,United States,Houston,California,90001,East,PROD-11340,Furniture,Chairs,Premium Chairs v1,1040.47,7,0.0,304.6
1342,CA-2024-101341,2023-10-02,2023-10-05,Standard Class,CG-10025,Claire Gute,Corporate,United States,Seattle,Illinois,90001,South,PROD-11341,Office Supplies,Storage,Premium Storage v2,1056.17,1,0.0,302.28
1343,CA-2024-101342,2024-09-04,2024-09-07,First Class,CG-10132,Julia Barnett,Consumer,United States,Miami,Florida,90001,Central,PROD-11342,Office Supplies,Art,Premium Art v3,943.65,9,0.0,306.36
1344,CA-2024-101343,2023-02-13,2023-02-16,Standard Class,CG-10116,Aaron Bergman,Consumer,United States,Chicago,Texas,90001,South,PROD-11343,Office Supplies,Art,Premium Art v4,498.5,3,0.1,139.1
1345,CA-2024-101344,2023-01-17,2023-01-21,Standard Class,CG-10119,Emily Burns,Consumer,United States,Houston,California,90001,Central,PROD-11344,Technology,Phones,Premium Phones v5,1178.44,9,0.0,334.99
1346,CA-2024-101345,2023-11-26,2023-12-01,Standard Class,CG-10144,Emily Burns,Corporate,United States,Houston,Washington,90001,East,PROD-11345,Technology,Phones,Premium Phones v1,464.82,4,0.0,124.08
1347,CA-2024-101346,2024-07-22,2024-07-27,First Class,CG-10010,Carol Adams,Consumer,United States,Chicago,California,90001,South,PROD-11346,Furniture,Tables,Premium Tables v2,771.77,9,0.5,-142.33
1348,CA-2024-101347,2024-05-11,2024-05-13,Standard Class,CG-10109,Emily Burns,Corporate,United States,Houston,California,90001,South,PROD-11347,Technology,Machines,Premium Machines v3,205.87,8,0.0,93.4
1349,CA-2024-101348,2023-01-12,2023-01-17,Standard Class,CG-10035,Carol Adams,Consumer,United States,Houston,California,90001,Central,PROD-11348,Office Supplies,Supplies,Premium Supplies v4,1176.83,7,0.0,344.09
1350,CA-2024-101349,2023-11-14,2023-11-19,Second Class,CG-10134,Aaron Bergman,Consumer,United States,Chicago,Texas,90001,South,PROD-11349,Technology,Phones,Premium Phones v5,849.22,4,0.1,168.86
1351,CA-2024-101350,2024-08-14,2024-08-17,Second Class,CG-10019,Sanford Allen,Consumer,United States,New York City,Florida,90001,South,PROD-11350,Furniture,Bookcases,Premium Bookcases v1,907.75,9,0.1,177.79
1352,CA-2024-101351,2023-08-04,2023-08-07,Standard Class,CG-10008,Sanford Allen,Consumer,United States,Miami,Florida,90001,West,PROD-11351,Technology,Phones,Premium Phones v2,92.95,4,0.3,7.93
1353,CA-2024-101352,2023-12-05,2023-12-07,Standard Class,CG-10010,Claire Gute,Consumer,United States,Los Angeles,New York,90001,Central,PROD-11352,Office Supplies,Storage,Premium Storage v3,919.65,1,0.0,271.64
1354,CA-2024-101353,2024-10-22,2024-10-23,Second Class,CG-10029,Aaron Bergman,Consumer,United States,Seattle,Florida,90001,South,PROD-11353,Office Supplies,Storage,Premium Storage v4,933.05,6,0.3,4.68
1355,CA-2024-101354,2023-03-22,2023-03-24,Same Day,CG-10015,Emily Burns,Home Office,United States,Los Angeles,Texas,90001,South,PROD-11354,Furniture,Bookcases,Premium Bookcases v5,811.05,4,0.2,112.1
1356,CA-2024-101355,2024-04-29,2024-05-01,Second Class,CG-10087,Aaron Bergman,Corporate,United States,New York City,New York,90001,East,PROD-11355,Technology,Machines,Premium Machines v1,360.91,3,0.2,58.86
1357,CA-2024-101356,2024-01-09,2024-01-13,Standard Class,CG-10023,Julia Barnett,Consumer,United States,San Francisco,Washington,90001,West,PROD-11356,Technology,Copiers,Premium Copiers v2,595.28,5,0.0,164.27
1358,CA-2024-101357,2023-07-19,2023-07-23,Standard Class,CG-10046,Sanford Allen,Consumer,United States,New York City,Washington,90001,West,PROD-11357,Technology,Phones,Premium Phones v3,145.86,3,0.0,68.4
1359,CA-2024-101358,2024-06-20,2024-06-22,First Class,CG-10028,Emily Burns,Home Office,United States,Houston,Washington,90001,East,PROD-11358,Office Supplies,Storage,Premium Storage v4,573.83,9,0.1,128.16
1360,CA-2024-101359,2024-04-10,2024-04-12,First Class,CG-10026,Sanford Allen,Corporate,United States,Los Angeles,Washington,90001,East,PROD-11359,Furniture,Bookcases,Premium Bookcases v5,303.93,6,0.3,45.42
1361,CA-2024-101360,2023-03-30,2023-04-01,Standard Class,CG-10010,Aaron Bergman,Consumer,United States,New York City,Washington,90001,East,PROD-11360,Technology,Accessories,Premium Accessories v1,428.68,3,0.1,85.99
1362,CA-2024-101361,2023-09-25,2023-09-30,Standard Class,CG-10004,Emily Burns,Corporate,United States,Los Angeles,Illinois,90001,East,PROD-11361,Office Supplies,Supplies,Premium Supplies v2,207.68,5,0.0,93.14
1363,CA-2024-101362,2024-10-16,2024-10-20,Second Class,CG-10055,Claire Gute,Corporate,United States,New York City,Texas,90001,West,PROD-11362,Office Supplies,Art,Premium Art v3,287.61,8,0.0,117.44
1364,CA-2024-101363,2024-07-24,2024-07-26,Standard Class,CG-10066,Aaron Bergman,Corporate,United States,Seattle,New York,90001,South,PROD-11363,Office Supplies,Art,Premium Art v4,105.73,8,0.2,6.08
1365,CA-2024-101364,2024-05-03,2024-05-06,Standard Class,CG-10067,Claire Gute,Consumer,United States,New York City,Washington,90001,South,PROD-11364,Technology,Phones,Premium Phones v5,1105.08,6,0.2,153.73
1366,CA-2024-101365,2024-06-21,2024-06-24,Standard Class,CG-10135,Emily Burns,Consumer,United States,Los Angeles,Illinois,90001,East,PROD-11365,Technology,Machines,Premium Machines v1,643.54,5,0.0,207.44
1367,CA-2024-101366,2023-02-16,2023-02-21,Standard Class,CG-10055,Sanford Allen,Consumer,United States,Houston,Florida,90001,Central,PROD-11366,Technology,Machines,Premium Machines v2,485.14,5,0.0,173.06
1368,CA-2024-101367,2023-10-15,2023-10-20,Standard Class,CG-10031,Julia Barnett,Home Office,United States,Los Angeles,Illinois,90001,East,PROD-11367,Technology,Phones,Premium Phones v3,649.01,1,0.1,120.01
1369,CA-2024-101368,2023-01-16,2023-01-17,Second Class,CG-10074,Carol Adams,Corporate,United States,Chicago,Illinois,90001,South,PROD-11368,Technology,Phones,Premium Phones v4,759.53,2,0.1,149.95
1370,CA-2024-101369,2024-02-05,2024-02-06,Standard Class,CG-10019,Sanford Allen,Consumer,United States,Los Angeles,Texas,90001,Central,PROD-11369,Technology,Phones,Premium Phones v5,1107.43,4,0.2,131.77
1371,CA-2024-101370,2023-03-27,2023-03-28,Standard Class,CG-10081,Claire Gute,Home Office,United States,Seattle,Washington,90001,East,PROD-11370,Technology,Machines,Premium Machines v1,226.75,6,0.3,2.33
1372,CA-2024-101371,2023-09-07,2023-09-12,Standard Class,CG-10147,Aaron Bergman,Home Office,United States,Miami,Illinois,90001,Central,PROD-11371,Technology,Machines,Premium Machines v2,365.23,7,0.2,51.5
1373,CA-2024-101372,2024-01-26,2024-01-31,Standard Class,CG-10087,Emily Burns,Home Office,United States,Seattle,Illinois,90001,East,PROD-11372,Technology,Machines,Premium Machines v3,1171.31,1,0.0,357.57
1374,CA-2024-101373,2023-12-01,2023-12-06,Standard Class,CG-10020,Sanford Allen,Home Office,United States,Seattle,Washington,90001,West,PROD-11373,Office Supplies,Paper,Premium Paper v4,454.86,8,0.2,70.32
1375,CA-2024-101374,2024-09-20,2024-09-23,Standard Class,CG-10013,Julia Barnett,Home Office,United States,New York City,Texas,90001,South,PROD-11374,Technology,Accessories,Premium Accessories v5,41.74,1,0.5,5.75
1376,CA-2024-101375,2024-06-02,2024-06-07,Second Class,CG-10077,Emily Burns,Consumer,United States,Seattle,Illinois,90001,East,PROD-11375,Furniture,Chairs,Premium Chairs v1,189.96,9,0.5,-57.67
1377,CA-2024-101376,2023-05-17,2023-05-20,Standard Class,CG-10043,Claire Gute,Home Office,United States,Los Angeles,New York,90001,Central,PROD-11376,Office Supplies,Appliances,Premium Appliances v2,46.21,4,0.3,25.48
1378,CA-2024-101377,2024-11-18,2024-11-19,Standard Class,CG-10139,Emily Burns,Home Office,United States,Miami,California,90001,South,PROD-11377,Technology,Phones,Premium Phones v3,1188.06,7,0.0,365.97
1379,CA-2024-101378,2024-05-12,2024-05-13,Standard Class,CG-10143,Emily Burns,Consumer,United States,San Francisco,Florida,90001,East,PROD-11378,Furniture,Furnishings,Premium Furnishings v4,345.46,6,0.2,38.46
1380,CA-2024-101379,2024-04-21,2024-04-22,Standard Class,CG-10145,Aaron Bergman,Consumer,United States,Houston,California,90001,East,PROD-11379,Technology,Phones,Premium Phones v5,1109.4,9,0.3,-13.41
1381,CA-2024-101380,2024-08-16,2024-08-18,First Class,CG-10050,Carol Adams,Home Office,United States,San Francisco,California,90001,East,PROD-11380,Furniture,Chairs,Premium Chairs v1,1195.13,2,0.2,114.94
1382,CA-2024-101381,2023-08-11,2023-08-13,Standard Class,CG-10028,Claire Gute,Consumer,United States,Seattle,Texas,90001,East,PROD-11381,Furniture,Bookcases,Premium Bookcases v2,725.81,7,0.0,213.41
1383,CA-2024-101382,2024-01-07,2024-01-11,First Class,CG-10004,Aaron Bergman,Home Office,United States,Los Angeles,Illinois,90001,West,PROD-11382,Furniture,Bookcases,Premium Bookcases v3,54.34,5,0.5,34.61
1384,CA-2024-101383,2024-02-06,2024-02-10,Standard Class,CG-10022,Carol Adams,Consumer,United States,New York City,California,90001,South,PROD-11383,Furniture,Furnishings,Premium Furnishings v4,111.69,7,0.1,32.61
1385,CA-2024-101384,2024-03-18,2024-03-22,First Class,CG-10119,Aaron Bergman,Consumer,United States,New York City,California,90001,West,PROD-11384,Office Supplies,Storage,Premium Storage v5,585.68,1,0.0,158.65
1386,CA-2024-101385,2024-05-04,2024-05-06,Standard Class,CG-10101,Carol Adams,Consumer,United States,Houston,Florida,90001,South,PROD-11385,Office Supplies,Storage,Premium Storage v1,496.31,9,0.0,138.61
1387,CA-2024-101386,2024-09-06,2024-09-08,Second Class,CG-10039,Carol Adams,Consumer,United States,Houston,Washington,90001,East,PROD-11386,Furniture,Tables,Premium Tables v2,733.32,1,0.2,58.86
1388,CA-2024-101387,2023-09-30,2023-10-04,Standard Class,CG-10034,Carol Adams,Corporate,United States,Los Angeles,Illinois,90001,South,PROD-11387,Technology,Accessories,Premium Accessories v3,535.03,5,0.1,128.23
1389,CA-2024-101388,2024-06-09,2024-06-13,Standard Class,CG-10097,Aaron Bergman,Corporate,United States,Houston,Illinois,90001,Central,PROD-11388,Furniture,Bookcases,Premium Bookcases v4,1121.88,8,0.0,329.63
1390,CA-2024-101389,2023-06-08,2023-06-13,First Class,CG-10044,Emily Burns,Consumer,United States,Houston,Florida,90001,South,PROD-11389,Office Supplies,Appliances,Premium Appliances v5,648.67,1,0.2,79.77
1391,CA-2024-101390,2023-06-01,2023-06-05,Second Class,CG-10040,Carol Adams,Consumer,United States,New York City,Washington,90001,Central,PROD-11390,Technology,Machines,Premium Machines v1,837.07,7,0.2,89.61
1392,CA-2024-101391,2024-09-11,2024-09-16,Standard Class,CG-10097,Emily Burns,Consumer,United States,Los Angeles,Illinois,90001,Central,PROD-11391,Office Supplies,Storage,Premium Storage v2,1077.34,2,0.2,144.01
1393,CA-2024-101392,2023-07-07,2023-07-10,Standard Class,CG-10140,Claire Gute,Consumer,United States,Miami,New York,90001,West,PROD-11392,Office Supplies,Binders,Premium Binders v3,189.04,7,0.0,59.15
1394,CA-2024-101393,2023-04-08,2023-04-10,Standard Class,CG-10130,Julia Barnett,Corporate,United States,Houston,Florida,90001,South,PROD-11393,Technology,Phones,Premium Phones v4,287.24,7,0.2,40.8
1395,CA-2024-101394,2023-05-11,2023-05-15,First Class,CG-10074,Emily Burns,Consumer,United States,Los Angeles,Texas,90001,East,PROD-11394,Furniture,Chairs,Premium Chairs v5,142.17,9,0.0,73.14
1396,CA-2024-101395,2023-06-20,2023-06-22,Standard Class,CG-10086,Julia Barnett,Consumer,United States,Seattle,Washington,90001,South,PROD-11395,Furniture,Bookcases,Premium Bookcases v1,180.47,6,0.0,64.48
1397,CA-2024-101396,2023-07-02,2023-07-04,Standard Class,CG-10090,Carol Adams,Consumer,United States,New York City,Florida,90001,West,PROD-11396,Furniture,Furnishings,Premium Furnishings v2,622.41,4,0.0,222.25
1398,CA-2024-101397,2023-12-30,2024-01-01,Second Class,CG-10067,Julia Barnett,Consumer,United States,Miami,California,90001,Central,PROD-11397,Furniture,Tables,Premium Tables v3,395.6,7,0.3,26.32
1399,CA-2024-101398,2023-02-08,2023-02-11,First Class,CG-10076,Julia Barnett,Consumer,United States,New York City,Illinois,90001,Central,PROD-11398,Technology,Phones,Premium Phones v4,516.46,7,0.0,163.68
1400,CA-2024-101399,2024-06-10,2024-06-11,Second Class,CG-10092,Carol Adams,Consumer,United States,New York City,New York,90001,West,PROD-11399,Technology,Phones,Premium Phones v5,1179.25,4,0.0,369.05
1401,CA-2024-101400,2024-05-11,2024-05-15,Second Class,CG-10010,Emily Burns,Home Office,United States,Chicago,New York,90001,West,PROD-11400,Technology,Machines,Premium Machines v1,200.69,2,0.0,107.91
1402,CA-2024-101401,2024-05-30,2024-05-31,Second Class,CG-10086,Carol Adams,Home Office,United States,Los Angeles,Texas,90001,South,PROD-11401,Office Supplies,Storage,Premium Storage v2,655.86,9,0.1,157.48
1403,CA-2024-101402,2023-12-15,2023-12-16,Standard Class,CG-10102,Claire Gute,Home Office,United States,Seattle,Florida,90001,Central,PROD-11402,Technology,Copiers,Premium Copiers v3,132.16,8,0.5,16.92
1404,CA-2024-101403,2024-02-01,2024-02-02,Standard Class,CG-10108,Sanford Allen,Consumer,United States,Houston,New York,90001,West,PROD-11403,Furniture,Bookcases,Premium Bookcases v4,392.42,5,0.5,-85.97
1405,CA-2024-101404,2023-06-10,2023-06-12,First Class,CG-10091,Aaron Bergman,Consumer,United States,Seattle,Florida,90001,South,PROD-11404,Office Supplies,Paper,Premium Paper v5,640.12,5,0.0,205.86
1406,CA-2024-101405,2023-01-16,2023-01-21,Standard Class,CG-10079,Carol Adams,Corporate,United States,Los Angeles,Illinois,90001,South,PROD-11405,Furniture,Tables,Premium Tables v1,1136.76,1,0.0,384.63
1407,CA-2024-101406,2024-05-07,2024-05-09,First Class,CG-10086,Carol Adams,Corporate,United States,New York City,Illinois,90001,East,PROD-11406,Furniture,Chairs,Premium Chairs v2,478.61,9,0.0,146.17
1408,CA-2024-101407,2024-03-01,2024-03-03,Standard Class,CG-10107,Julia Barnett,Home Office,United States,Chicago,New York,90001,Central,PROD-11407,Technology,Accessories,Premium Accessories v3,91.91,8,0.2,56.93
1409,CA-2024-101408,2023-04-18,2023-04-19,Standard Class,CG-10101,Claire Gute,Consumer,United States,Los Angeles,Illinois,90001,South,PROD-11408,Technology,Phones,Premium Phones v4,474.97,5,0.0,129.29
1410,CA-2024-101409,2024-03-25,2024-03-27,First Class,CG-10108,Julia Barnett,Consumer,United States,Miami,Florida,90001,West,PROD-11409,Furniture,Tables,Premium Tables v5,187.7,6,0.0,99.5
1411,CA-2024-101410,2023-11-07,2023-11-08,Second Class,CG-10060,Emily Burns,Corporate,United States,Miami,Illinois,90001,Central,PROD-11410,Furniture,Bookcases,Premium Bookcases v1,287.54,8,0.1,68.67
1412,CA-2024-101411,2023-06-19,2023-06-24,Standard Class,CG-10048,Carol Adams,Home Office,United States,Los Angeles,California,90001,West,PROD-11411,Office Supplies,Paper,Premium Paper v2,747.44,6,0.0,209.39
1413,CA-2024-101412,2024-06-29,2024-07-03,Second Class,CG-10117,Carol Adams,Home Office,United States,Houston,Florida,90001,West,PROD-11412,Technology,Accessories,Premium Accessories v3,94.9,4,0.0,70.04
1414,CA-2024-101413,2024-02-18,2024-02-19,Second Class,CG-10106,Julia Barnett,Corporate,United States,Seattle,Washington,90001,South,PROD-11413,Office Supplies,Paper,Premium Paper v4,565.7,3,0.0,167.35
1415,CA-2024-101414,2023-09-08,2023-09-13,Standard Class,CG-10147,Carol Adams,Home Office,United States,Seattle,Illinois,90001,South,PROD-11414,Office Supplies,Storage,Premium Storage v5,737.21,7,0.0,202.72
1416,CA-2024-101415,2023-05-21,2023-05-25,Standard Class,CG-10033,Emily Burns,Corporate,United States,Houston,Illinois,90001,East,PROD-11415,Office Supplies,Supplies,Premium Supplies v1,514.9,2,0.1,92.49
1417,CA-2024-101416,2023-10-01,2023-10-04,First Class,CG-10044,Sanford Allen,Home Office,United States,Chicago,Florida,90001,West,PROD-11416,Furniture,Tables,Premium Tables v2,37.66,7,0.5,18.61
1418,CA-2024-101417,2024-02-20,2024-02-21,First Class,CG-10112,Aaron Bergman,Home Office,United States,New York City,Texas,90001,South,PROD-11417,Office Supplies,Supplies,Premium Supplies v3,1182.84,1,0.0,403.3
1419,CA-2024-101418,2024-08-30,2024-08-31,Standard Class,CG-10089,Aaron Bergman,Home Office,United States,San Francisco,Washington,90001,East,PROD-11418,Office Supplies,Paper,Premium Paper v4,450.03,5,0.0,122.81
1420,CA-2024-101419,2023-02-08,2023-02-11,First Class,CG-10036,Aaron Bergman,Consumer,United States,San Francisco,Washington,90001,Central,PROD-11419,Furniture,Tables,Premium Tables v5,937.61,9,0.5,-175.19
1421,CA-2024-101420,2023-01-29,2023-02-01,First Class,CG-10081,Sanford Allen,Consumer,United States,New York City,Washington,90001,East,PROD-11420,Technology,Machines,Premium Machines v1,400.89,1,0.3,-7.36
1422,CA-2024-101421,2024-04-21,2024-04-22,Standard Class,CG-10088,Carol Adams,Corporate,United States,Miami,New York,90001,East,PROD-11421,Technology,Accessories,Premium Accessories v2,577.89,8,0.0,205.52
1423,CA-2024-101422,2023-11-14,2023-11-17,Second Class,CG-10149,Julia Barnett,Consumer,United States,Chicago,California,90001,West,PROD-11422,Office Supplies,Art,Premium Art v3,475.33,9,0.2,35.8
1424,CA-2024-101423,2023-09-02,2023-09-04,Standard Class,CG-10130,Claire Gute,Home Office,United States,Houston,California,90001,Central,PROD-11423,Furniture,Chairs,Premium Chairs v4,420.91,9,0.0,123.06
1425,CA-2024-101424,2024-11-27,2024-12-01,Standard Class,CG-10031,Carol Adams,Consumer,United States,San Francisco,Texas,90001,West,PROD-11424,Technology,Copiers,Premium Copiers v5,40.89,8,0.2,-2.16
1426,CA-2024-101425,2023-09-29,2023-10-03,Second Class,CG-10108,Sanford Allen,Consumer,United States,Los Angeles,Washington,90001,West,PROD-11425,Office Supplies,Storage,Premium Storage v1,441.62,4,0.5,-69.65
1427,CA-2024-101426,2024-03-15,2024-03-19,First Class,CG-10030,Emily Burns,Corporate,United States,Seattle,Washington,90001,East,PROD-11426,Office Supplies,Art,Premium Art v2,1069.05,7,0.1,254.93
1428,CA-2024-101427,2023-08-27,2023-08-29,Second Class,CG-10012,Sanford Allen,Consumer,United States,Los Angeles,Illinois,90001,East,PROD-11427,Furniture,Bookcases,Premium Bookcases v3,833.12,1,0.1,182.4
1429,CA-2024-101428,2024-01-12,2024-01-15,Standard Class,CG-10051,Aaron Bergman,Consumer,United States,Seattle,Florida,90001,South,PROD-11428,Office Supplies,Art,Premium Art v4,187.33,7,0.0,40.28
1430,CA-2024-101429,2023-09-23,2023-09-28,Standard Class,CG-10121,Carol Adams,Consumer,United States,Los Angeles,New York,90001,East,PROD-11429,Technology,Copiers,Premium Copiers v5,715.52,6,0.2,90.99
1431,CA-2024-101430,2023-12-25,2023-12-28,Standard Class,CG-10139,Aaron Bergman,Corporate,United States,Houston,New York,90001,South,PROD-11430,Furniture,Furnishings,Premium Furnishings v1,1072.29,5,0.1,250.28
1432,CA-2024-101431,2023-12-06,2023-12-07,Standard Class,CG-10013,Claire Gute,Consumer,United States,Houston,Texas,90001,West,PROD-11431,Technology,Copiers,Premium Copiers v2,844.54,1,0.2,73.7
1433,CA-2024-101432,2024-01-24,2024-01-28,Standard Class,CG-10091,Emily Burns,Home Office,United States,Chicago,California,90001,East,PROD-11432,Technology,Copiers,Premium Copiers v3,191.19,8,0.0,42.45
1434,CA-2024-101433,2024-07-30,2024-08-02,Standard Class,CG-10074,Aaron Bergman,Consumer,United States,Los Angeles,Washington,90001,Central,PROD-11433,Technology,Phones,Premium Phones v4,1043.38,1,0.1,201.82
1435,CA-2024-101434,2024-11-19,2024-11-24,Standard Class,CG-10020,Claire Gute,Home Office,United States,Los Angeles,Florida,90001,Central,PROD-11434,Office Supplies,Storage,Premium Storage v5,372.33,1,0.1,106.69
1436,CA-2024-101435,2023-01-03,2023-01-04,Second Class,CG-10072,Sanford Allen,Consumer,United States,Chicago,Texas,90001,West,PROD-11435,Office Supplies,Appliances,Premium Appliances v1,553.08,3,0.0,187.34
1437,CA-2024-101436,2024-03-04,2024-03-06,Standard Class,CG-10073,Aaron Bergman,Consumer,United States,Chicago,New York,90001,West,PROD-11436,Technology,Machines,Premium Machines v2,638.48,8,0.0,209.39
1438,CA-2024-101437,2023-05-22,2023-05-24,Standard Class,CG-10071,Aaron Bergman,Consumer,United States,Houston,New York,90001,East,PROD-11437,Technology,Phones,Premium Phones v3,1022.85,8,0.0,304.32
1439,CA-2024-101438,2024-01-11,2024-01-16,Standard Class,CG-10078,Julia Barnett,Consumer,United States,Houston,New York,90001,South,PROD-11438,Furniture,Bookcases,Premium Bookcases v4,1118.95,7,0.2,115.15
1440,CA-2024-101439,2024-10-31,2024-11-01,Standard Class,CG-10028,Emily Burns,Corporate,United States,Miami,Washington,90001,East,PROD-11439,Furniture,Tables,Premium Tables v5,1116.64,5,0.2,159.28
1441,CA-2024-101440,2023-11-20,2023-11-24,Standard Class,CG-10130,Emily Burns,Consumer,United States,Los Angeles,Washington,90001,South,PROD-11440,Office Supplies,Storage,Premium Storage v1,24.43,8,0.3,-3.16
1442,CA-2024-101441,2023-05-26,2023-05-29,Standard Class,CG-10121,Sanford Allen,Consumer,United States,Houston,Washington,90001,East,PROD-11441,Office Supplies,Binders,Premium Binders v2,1107.44,2,0.0,375.35
1443,CA-2024-101442,2023-10-20,2023-10-21,First Class,CG-10043,Julia Barnett,Corporate,United States,San Francisco,Illinois,90001,Central,PROD-11442,Furniture,Chairs,Premium Chairs v3,79.45,8,0.5,4.75
1444,CA-2024-101443,2024-10-26,2024-10-28,Standard Class,CG-10008,Claire Gute,Consumer,United States,Houston,California,90001,Central,PROD-11443,Technology,Machines,Premium Machines v4,329.94,2,0.2,21.62
1445,CA-2024-101444,2024-03-07,2024-03-12,Second Class,CG-10013,Claire Gute,Consumer,United States,Los Angeles,New York,90001,South,PROD-11444,Office Supplies,Appliances,Premium Appliances v5,625.26,5,0.0,200.29
1446,CA-2024-101445,2024-08-07,2024-08-12,Same Day,CG-10111,Sanford Allen,Corporate,United States,Chicago,New York,90001,East,PROD-11445,Technology,Machines,Premium Machines v1,583.71,4,0.0,221.51
1447,CA-2024-101446,2024-02-03,2024-02-06,Second Class,CG-10035,Emily Burns,Home Office,United States,Los Angeles,Illinois,90001,West,PROD-11446,Furniture,Chairs,Premium Chairs v2,731.58,1,0.0,228.77
1448,CA-2024-101447,2023-12-10,2023-12-15,Standard Class,CG-10023,Claire Gute,Consumer,United States,San Francisco,New York,90001,South,PROD-11447,Office Supplies,Storage,Premium Storage v3,583.14,5,0.5,-76.19
1449,CA-2024-101448,2023-05-20,2023-05-25,First Class,CG-10046,Sanford Allen,Consumer,United States,New York City,New York,90001,Central,PROD-11448,Office Supplies,Storage,Premium Storage v4,1122.24,7,0.0,334.62
1450,CA-2024-101449,2023-07-06,2023-07-07,Standard Class,CG-10015,Claire Gute,Home Office,United States,Los Angeles,Washington,90001,South,PROD-11449,Furniture,Furnishings,Premium Furnishings v5,300.05,1,0.0,109.98
1451,CA-2024-101450,2023-03-02,2023-03-06,Standard Class,CG-10130,Carol Adams,Consumer,United States,New York City,Washington,90001,East,PROD-11450,Office Supplies,Supplies,Premium Supplies v1,339.72,2,0.0,140.99
1452,CA-2024-101451,2024-01-15,2024-01-18,First Class,CG-10061,Aaron Bergman,Home Office,United States,Los Angeles,California,90001,West,PROD-11451,Furniture,Furnishings,Premium Furnishings v2,1106.07,9,0.3,44.45
1453,CA-2024-101452,2024-03-15,2024-03-16,Second Class,CG-10115,Emily Burns,Consumer,United States,San Francisco,New York,90001,West,PROD-11452,Office Supplies,Art,Premium Art v3,105.94,5,0.0,45.79
1454,CA-2024-101453,2023-11-15,2023-11-19,Standard Class,CG-10064,Carol Adams,Home Office,United States,New York City,Texas,90001,South,PROD-11453,Furniture,Tables,Premium Tables v4,737.33,7,0.0,245.98
1455,CA-2024-101454,2023-10-29,2023-10-30,Standard Class,CG-10052,Sanford Allen,Consumer,United States,New York City,New York,90001,East,PROD-11454,Office Supplies,Supplies,Premium Supplies v5,822.86,2,0.1,144.78
1456,CA-2024-101455,2023-12-10,2023-12-11,Standard Class,CG-10069,Sanford Allen,Home Office,United States,San Francisco,New York,90001,East,PROD-11455,Technology,Phones,Premium Phones v1,614.07,7,0.1,120.54
1457,CA-2024-101456,2023-01-11,2023-01-16,Standard Class,CG-10067,Carol Adams,Consumer,United States,Los Angeles,California,90001,West,PROD-11456,Technology,Machines,Premium Machines v2,837.66,7,0.1,167.04
1458,CA-2024-101457,2023-03-03,2023-03-07,Standard Class,CG-10083,Aaron Bergman,Corporate,United States,Miami,Texas,90001,Central,PROD-11457,Technology,Copiers,Premium Copiers v3,219.71,7,0.1,30.49
1459,CA-2024-101458,2023-08-14,2023-08-17,Same Day,CG-10002,Aaron Bergman,Consumer,United States,Houston,New York,90001,East,PROD-11458,Office Supplies,Paper,Premium Paper v4,1025.37,5,0.3,-0.42
1460,CA-2024-101459,2023-06-02,2023-06-05,First Class,CG-10078,Julia Barnett,Consumer,United States,Seattle,Florida,90001,West,PROD-11459,Office Supplies,Appliances,Premium Appliances v5,180.93,9,0.3,2.48
1461,CA-2024-101460,2024-07-17,2024-07-21,First Class,CG-10028,Claire Gute,Corporate,United States,Houston,Florida,90001,West,PROD-11460,Technology,Machines,Premium Machines v1,489.96,2,0.2,96.81
1462,CA-2024-101461,2024-07-24,2024-07-29,Standard Class,CG-10054,Julia Barnett,Corporate,United States,New York City,Texas,90001,East,PROD-11461,Technology,Phones,Premium Phones v2,104.18,4,0.0,58.06
1463,CA-2024-101462,2024-08-06,2024-08-08,Second Class,CG-10067,Aaron Bergman,Home Office,United States,Los Angeles,Florida,90001,East,PROD-11462,Furniture,Chairs,Premium Chairs v3,661.08,2,0.2,75.93
1464,CA-2024-101463,2024-10-21,2024-10-22,First Class,CG-10102,Carol Adams,Consumer,United States,Los Angeles,Washington,90001,South,PROD-11463,Furniture,Tables,Premium Tables v4,808.65,8,0.0,291.76
1465,CA-2024-101464,2024-07-28,2024-08-02,First Class,CG-10120,Claire Gute,Home Office,United States,Los Angeles,Washington,90001,Central,PROD-11464,Furniture,Bookcases,Premium Bookcases v5,1130.35,1,0.0,329.83
1466,CA-2024-101465,2023-11-06,2023-11-10,Standard Class,CG-10048,Carol Adams,Consumer,United States,Los Angeles,Texas,90001,South,PROD-11465,Technology,Machines,Premium Machines v1,891.11,9,0.5,-164.9
1467,CA-2024-101466,2023-08-31,2023-09-01,Standard Class,CG-10047,Julia Barnett,Home Office,United States,Miami,New York,90001,South,PROD-11466,Technology,Accessories,Premium Accessories v2,656.21,5,0.3,25.29
1468,CA-2024-101467,2024-05-07,2024-05-10,Standard Class,CG-10021,Sanford Allen,Home Office,United States,Seattle,Texas,90001,West,PROD-11467,Technology,Accessories,Premium Accessories v3,1120.15,3,0.1,207.92
1469,CA-2024-101468,2024-01-01,2024-01-03,Standard Class,CG-10092,Carol Adams,Consumer,United States,Chicago,Florida,90001,West,PROD-11468,Furniture,Bookcases,Premium Bookcases v4,581.95,4,0.3,30.19
1470,CA-2024-101469,2023-11-26,2023-11-29,Second Class,CG-10121,Julia Barnett,Home Office,United States,New York City,Texas,90001,Central,PROD-11469,Office Supplies,Art,Premium Art v5,680.03,1,0.5,-149.02
1471,CA-2024-101470,2023-04-17,2023-04-21,First Class,CG-10116,Julia Barnett,Home Office,United States,Seattle,Florida,90001,South,PROD-11470,Technology,Machines,Premium Machines v1,721.38,3,0.2,61.96
1472,CA-2024-101471,2023-08-14,2023-08-15,Standard Class,CG-10149,Julia Barnett,Consumer,United States,Houston,Washington,90001,South,PROD-11471,Office Supplies,Binders,Premium Binders v2,500.83,8,0.2,41.26
1473,CA-2024-101472,2023-08-06,2023-08-10,Standard Class,CG-10001,Sanford Allen,Corporate,United States,Chicago,Texas,90001,West,PROD-11472,Office Supplies,Supplies,Premium Supplies v3,1008.6,2,0.2,145.88
1474,CA-2024-101473,2024-05-20,2024-05-21,Standard Class,CG-10077,Sanford Allen,Consumer,United States,Chicago,Illinois,90001,West,PROD-11473,Office Supplies,Appliances,Premium Appliances v4,234.43,2,0.0,98.16
1475,CA-2024-101474,2023-09-16,2023-09-21,Standard Class,CG-10085,Sanford Allen,Home Office,United States,Los Angeles,Florida,90001,East,PROD-11474,Furniture,Furnishings,Premium Furnishings v5,672.49,9,0.0,227.63
1476,CA-2024-101475,2024-05-31,2024-06-02,Standard Class,CG-10046,Claire Gute,Consumer,United States,Seattle,Illinois,90001,South,PROD-11475,Office Supplies,Art,Premium Art v1,870.85,5,0.2,105.97
1477,CA-2024-101476,2023-02-23,2023-02-28,Second Class,CG-10137,Sanford Allen,Consumer,United States,Houston,Washington,90001,Central,PROD-11476,Technology,Accessories,Premium Accessories v2,1086.21,5,0.0,326.36
1478,CA-2024-101477,2023-02-16,2023-02-21,Standard Class,CG-10145,Sanford Allen,Consumer,United States,Los Angeles,New York,90001,South,PROD-11477,Furniture,Chairs,Premium Chairs v3,1062.44,1,0.0,342.19
1479,CA-2024-101478,2024-11-19,2024-11-23,Second Class,CG-10047,Sanford Allen,Corporate,United States,Los Angeles,Florida,90001,West,PROD-11478,Technology,Phones,Premium Phones v4,617.86,6,0.0,194.07
1480,CA-2024-101479,2024-06-04,2024-06-06,Standard Class,CG-10059,Carol Adams,Home Office,United States,San Francisco,New York,90001,East,PROD-11479,Technology,Accessories,Premium Accessories v5,777.15,8,0.0,223.32
1481,CA-2024-101480,2023-04-09,2023-04-10,Standard Class,CG-10054,Sanford Allen,Home Office,United States,San Francisco,Washington,90001,South,PROD-11480,Furniture,Bookcases,Premium Bookcases v1,482.17,6,0.5,-68.16
1482,CA-2024-101481,2023-01-20,2023-01-21,Standard Class,CG-10086,Claire Gute,Consumer,United States,San Francisco,New York,90001,Central,PROD-11481,Technology,Machines,Premium Machines v2,569.79,7,0.2,46.05
1483,CA-2024-101482,2024-07-26,2024-07-29,First Class,CG-10012,Julia Barnett,Consumer,United States,Miami,Florida,90001,West,PROD-11482,Technology,Accessories,Premium Accessories v3,1088.92,4,0.1,211.13
1484,CA-2024-101483,2024-05-04,2024-05-05,Standard Class,CG-10006,Carol Adams,Corporate,United States,New York City,California,90001,East,PROD-11483,Furniture,Chairs,Premium Chairs v4,1117.88,2,0.5,-186.34
1485,CA-2024-101484,2024-02-23,2024-02-27,First Class,CG-10053,Aaron Bergman,Corporate,United States,Chicago,Florida,90001,South,PROD-11484,Technology,Machines,Premium Machines v5,1076.07,1,0.5,-189.01
1486,CA-2024-101485,2024-11-20,2024-11-25,Standard Class,CG-10144,Sanford Allen,Consumer,United States,Houston,Florida,90001,Central,PROD-11485,Office Supplies,Paper,Premium Paper v1,178.97,6,0.1,59.96
1487,CA-2024-101486,2023-03-03,2023-03-08,First Class,CG-10090,Julia Barnett,Consumer,United States,Chicago,Illinois,90001,West,PROD-11486,Technology,Copiers,Premium Copiers v2,1022.35,9,0.5,-195.2
1488,CA-2024-101487,2023-05-25,2023-05-30,First Class,CG-10005,Julia Barnett,Corporate,United States,Seattle,California,90001,Central,PROD-11487,Office Supplies,Paper,Premium Paper v3,1138.81,5,0.1,235.5
1489,CA-2024-101488,2023-08-04,2023-08-06,Standard Class,CG-10073,Carol Adams,Consumer,United States,New York City,California,90001,South,PROD-11488,Technology,Phones,Premium Phones v4,443.08,2,0.0,161.24
1490,CA-2024-101489,2023-01-03,2023-01-04,Second Class,CG-10014,Aaron Bergman,Corporate,United States,Los Angeles,California,90001,West,PROD-11489,Furniture,Bookcases,Premium Bookcases v5,629.6,1,0.0,220.68
1491,CA-2024-101490,2023-06-09,2023-06-13,Standard Class,CG-10106,Emily Burns,Corporate,United States,New York City,Florida,90001,South,PROD-11490,Furniture,Chairs,Premium Chairs v1,938.23,3,0.2,109.54
1492,CA-2024-101491,2023-04-30,2023-05-02,First Class,CG-10052,Claire Gute,Home Office,United States,Los Angeles,Washington,90001,East,PROD-11491,Technology,Copiers,Premium Copiers v2,681.06,4,0.1,184.06
1493,CA-2024-101492,2023-03-30,2023-04-02,Standard Class,CG-10116,Emily Burns,Corporate,United States,San Francisco,California,90001,South,PROD-11492,Furniture,Bookcases,Premium Bookcases v3,1192.28,7,0.2,166.13
1494,CA-2024-101493,2023-11-25,2023-11-29,Standard Class,CG-10026,Julia Barnett,Consumer,United States,New York City,Texas,90001,East,PROD-11493,Technology,Machines,Premium Machines v4,555.02,9,0.2,64.37
1495,CA-2024-101494,2024-08-02,2024-08-06,Second Class,CG-10053,Emily Burns,Home Office,United States,Los Angeles,New York,90001,South,PROD-11494,Furniture,Tables,Premium Tables v5,861.02,8,0.0,295.75
1496,CA-2024-101495,2023-12-23,2023-12-27,First Class,CG-10109,Julia Barnett,Corporate,United States,Chicago,Washington,90001,Central,PROD-11495,Office Supplies,Art,Premium Art v1,954.22,9,0.0,304.29
1497,CA-2024-101496,2024-09-01,2024-09-06,Standard Class,CG-10029,Emily Burns,Consumer,United States,San Francisco,Texas,90001,Central,PROD-11496,Technology,Accessories,Premium Accessories v2,600.51,7,0.1,135.92
1498,CA-2024-101497,2023-09-24,2023-09-28,Second Class,CG-10019,Julia Barnett,Corporate,United States,San Francisco,Florida,90001,West,PROD-11497,Office Supplies,Binders,Premium Binders v3,1030.53,8,0.0,293.01
1499,CA-2024-101498,2024-09-08,2024-09-09,Standard Class,CG-10047,Julia Barnett,Consumer,United States,San Francisco,Florida,90001,Central,PROD-11498,Office Supplies,Binders,Premium Binders v4,662.19,8,0.2,86.4
1500,CA-2024-101499,2023-11-19,2023-11-23,Standard Class,CG-10136,Carol Adams,Home Office,United States,Chicago,Texas,90001,Central,PROD-11499,Technology,Phones,Premium Phones v5,502.81,1,0.1,143.6
1501,CA-2024-101500,2024-09-26,2024-10-01,Second Class,CG-10023,Aaron Bergman,Consumer,United States,Chicago,Illinois,90001,East,PROD-11500,Office Supplies,Binders,Premium Binders v1,142.77,9,0.1,63.16
1502,CA-2024-101501,2024-06-24,2024-06-28,Standard Class,CG-10117,Julia Barnett,Corporate,United States,Chicago,Illinois,90001,Central,PROD-11501,Technology,Copiers,Premium Copiers v2,481.2,2,0.0,179.4
1503,CA-2024-101502,2024-10-10,2024-10-13,Standard Class,CG-10106,Claire Gute,Consumer,United States,San Francisco,Texas,90001,East,PROD-11502,Office Supplies,Art,Premium Art v3,884.71,7,0.2,79.67
1504,CA-2024-101503,2023-07-14,2023-07-17,First Class,CG-10053,Claire Gute,Consumer,United States,New York City,Illinois,90001,East,PROD-11503,Technology,Copiers,Premium Copiers v4,1106.72,5,0.3,5.09
1505,CA-2024-101504,2023-11-28,2023-12-03,Standard Class,CG-10096,Sanford Allen,Home Office,United States,Los Angeles,New York,90001,East,PROD-11504,Technology,Machines,Premium Machines v5,313.24,4,0.5,-66.32
1506,CA-2024-101505,2023-06-19,2023-06-20,Second Class,CG-10005,Julia Barnett,Home Office,United States,Chicago,New York,90001,South,PROD-11505,Furniture,Chairs,Premium Chairs v1,435.95,1,0.3,2.11
1507,CA-2024-101506,2024-06-04,2024-06-05,Standard Class,CG-10016,Julia Barnett,Consumer,United States,New York City,Florida,90001,East,PROD-11506,Technology,Accessories,Premium Accessories v2,197.44,1,0.1,60.06
1508,CA-2024-101507,2024-04-07,2024-04-09,Standard Class,CG-10017,Julia Barnett,Consumer,United States,Los Angeles,Illinois,90001,South,PROD-11507,Technology,Copiers,Premium Copiers v3,833.51,3,0.0,255.59
1509,CA-2024-101508,2023-02-09,2023-02-14,Standard Class,CG-10102,Emily Burns,Consumer,United States,San Francisco,California,90001,East,PROD-11508,Office Supplies,Supplies,Premium Supplies v4,1152.82,1,0.2,134.53
1510,CA-2024-101509,2024-06-20,2024-06-24,Second Class,CG-10020,Julia Barnett,Corporate,United States,New York City,Texas,90001,South,PROD-11509,Technology,Machines,Premium Machines v5,774.53,8,0.5,-144.21
1511,CA-2024-101510,2023-09-18,2023-09-23,Second Class,CG-10112,Julia Barnett,Corporate,United States,San Francisco,New York,90001,West,PROD-11510,Furniture,Chairs,Premium Chairs v1,746.24,3,0.0,223.94
1512,CA-2024-101511,2024-01-30,2024-02-01,Standard Class,CG-10120,Claire Gute,Corporate,United States,Miami,Illinois,90001,West,PROD-11511,Office Supplies,Paper,Premium Paper v2,670.89,2,0.0,187.95
1513,CA-2024-101512,2023-08-14,2023-08-19,Standard Class,CG-10111,Aaron Bergman,Corporate,United States,Chicago,Illinois,90001,South,PROD-11512,Office Supplies,Appliances,Premium Appliances v3,119.82,6,0.0,78.37
1514,CA-2024-101513,2023-05-04,2023-05-09,First Class,CG-10001,Aaron Bergman,Home Office,United States,Seattle,New York,90001,West,PROD-11513,Furniture,Furnishings,Premium Furnishings v4,879.46,4,0.2,68.74
1515,CA-2024-101514,2023-02-07,2023-02-09,Standard Class,CG-10058,Sanford Allen,Consumer,United States,New York City,New York,90001,Central,PROD-11514,Office Supplies,Appliances,Premium Appliances v5,728.43,4,0.1,125.8
1516,CA-2024-101515,2023-11-24,2023-11-25,First Class,CG-10093,Claire Gute,Consumer,United States,Chicago,California,90001,East,PROD-11515,Office Supplies,Paper,Premium Paper v1,798.85,2,0.0,277.53
1517,CA-2024-101516,2023-09-08,2023-09-12,Standard Class,CG-10006,Julia Barnett,Corporate,United States,Houston,Illinois,90001,South,PROD-11516,Office Supplies,Art,Premium Art v2,1080.09,2,0.3,49.78
1518,CA-2024-101517,2023-06-25,2023-06-27,Second Class,CG-10108,Aaron Bergman,Home Office,United States,Los Angeles,Illinois,90001,West,PROD-11517,Office Supplies,Appliances,Premium Appliances v3,943.99,6,0.1,219.7
1519,CA-2024-101518,2024-08-24,2024-08-27,Standard Class,CG-10103,Carol Adams,Corporate,United States,Miami,Washington,90001,West,PROD-11518,Furniture,Tables,Premium Tables v4,940.38,5,0.0,263.18
1520,CA-2024-101519,2024-03-29,2024-03-30,First Class,CG-10050,Carol Adams,Corporate,United States,Chicago,Florida,90001,Central,PROD-11519,Furniture,Tables,Premium Tables v5,1113.71,9,0.0,329.98
1521,CA-2024-101520,2023-02-06,2023-02-09,Second Class,CG-10118,Carol Adams,Corporate,United States,Houston,California,90001,East,PROD-11520,Office Supplies,Supplies,Premium Supplies v1,1188.07,4,0.0,404.45
1522,CA-2024-101521,2023-11-12,2023-11-13,Standard Class,CG-10110,Julia Barnett,Home Office,United States,New York City,New York,90001,Central,PROD-11521,Office Supplies,Binders,Premium Binders v2,703.82,5,0.1,177.37
1523,CA-2024-101522,2024-11-18,2024-11-22,Standard Class,CG-10088,Julia Barnett,Consumer,United States,New York City,New York,90001,South,PROD-11522,Furniture,Furnishings,Premium Furnishings v3,144.02,1,0.0,62.88
1524,CA-2024-101523,2024-08-15,2024-08-19,Second Class,CG-10020,Sanford Allen,Consumer,United States,Houston,Texas,90001,West,PROD-11523,Furniture,Chairs,Premium Chairs v4,559.07,2,0.1,108.39
1525,CA-2024-101524,2023-04-24,2023-04-29,Second Class,CG-10014,Sanford Allen,Home Office,United States,Miami,Florida,90001,West,PROD-11524,Furniture,Furnishings,Premium Furnishings v5,948.31,3,0.2,75.84
1526,CA-2024-101525,2023-02-09,2023-02-12,Standard Class,CG-10133,Sanford Allen,Home Office,United States,Houston,New York,90001,West,PROD-11525,Office Supplies,Appliances,Premium Appliances v1,47.85,5,0.2,-13.75
1527,CA-2024-101526,2023-10-28,2023-10-29,Standard Class,CG-10040,Emily Burns,Consumer,United States,Los Angeles,Illinois,90001,Central,PROD-11526,Office Supplies,Paper,Premium Paper v2,82.41,5,0.0,47.56
1528,CA-2024-101527,2023-08-12,2023-08-16,First Class,CG-10034,Carol Adams,Consumer,United States,New York City,New York,90001,Central,PROD-11527,Technology,Copiers,Premium Copiers v3,94.58,4,0.1,0.44
1529,CA-2024-101528,2023-11-14,2023-11-16,Standard Class,CG-10124,Julia Barnett,Consumer,United States,Houston,Illinois,90001,East,PROD-11528,Furniture,Tables,Premium Tables v4,881.28,3,0.3,49.55
1530,CA-2024-101529,2023-12-15,2023-12-19,Second Class,CG-10045,Carol Adams,Consumer,United States,Seattle,Illinois,90001,South,PROD-11529,Office Supplies,Appliances,Premium Appliances v5,608.88,9,0.0,175.5
1531,CA-2024-101530,2023-04-25,2023-04-27,Standard Class,CG-10080,Sanford Allen,Home Office,United States,Seattle,California,90001,East,PROD-11530,Furniture,Furnishings,Premium Furnishings v1,452.14,1,0.0,165.39
1532,CA-2024-101531,2024-11-28,2024-11-29,First Class,CG-10071,Julia Barnett,Consumer,United States,Houston,New York,90001,East,PROD-11531,Office Supplies,Storage,Premium Storage v2,140.16,6,0.1,18.89
1533,CA-2024-101532,2023-11-19,2023-11-23,First Class,CG-10078,Claire Gute,Home Office,United States,Los Angeles,California,90001,West,PROD-11532,Furniture,Furnishings,Premium Furnishings v3,882.7,7,0.2,106.08
1534,CA-2024-101533,2024-07-21,2024-07-25,Same Day,CG-10078,Aaron Bergman,Consumer,United States,New York City,Florida,90001,Central,PROD-11533,Office Supplies,Binders,Premium Binders v4,395.41,4,0.0,104.27
1535,CA-2024-101534,2023-02-09,2023-02-10,Standard Class,CG-10033,Aaron Bergman,Corporate,United States,Seattle,Illinois,90001,South,PROD-11534,Technology,Phones,Premium Phones v5,329.41,3,0.2,66.62
1536,CA-2024-101535,2023-02-09,2023-02-13,First Class,CG-10033,Sanford Allen,Consumer,United States,Houston,Florida,90001,East,PROD-11535,Technology,Phones,Premium Phones v1,788.0,8,0.2,99.74
1537,CA-2024-101536,2023-10-16,2023-10-18,Standard Class,CG-10044,Carol Adams,Corporate,United States,San Francisco,New York,90001,South,PROD-11536,Furniture,Tables,Premium Tables v2,677.43,9,0.5,-149.45
1538,CA-2024-101537,2023-09-19,2023-09-23,Standard Class,CG-10020,Claire Gute,Corporate,United States,Houston,Florida,90001,West,PROD-11537,Office Supplies,Supplies,Premium Supplies v3,444.46,1,0.0,172.74
1539,CA-2024-101538,2023-08-04,2023-08-07,Standard Class,CG-10111,Julia Barnett,Corporate,United States,Chicago,Florida,90001,East,PROD-11538,Office Supplies,Paper,Premium Paper v4,775.16,9,0.2,95.81
1540,CA-2024-101539,2023-05-27,2023-06-01,Standard Class,CG-10007,Carol Adams,Consumer,United States,Houston,New York,90001,Central,PROD-11539,Furniture,Chairs,Premium Chairs v5,336.4,7,0.0,145.43
1541,CA-2024-101540,2023-12-02,2023-12-04,First Class,CG-10024,Sanford Allen,Consumer,United States,Los Angeles,California,90001,East,PROD-11540,Office Supplies,Paper,Premium Paper v1,956.87,1,0.1,235.54
1542,CA-2024-101541,2023-06-17,2023-06-20,Standard Class,CG-10070,Carol Adams,Consumer,United States,Seattle,California,90001,West,PROD-11541,Furniture,Furnishings,Premium Furnishings v2,286.74,7,0.1,101.78
1543,CA-2024-101542,2023-04-02,2023-04-03,Second Class,CG-10112,Sanford Allen,Consumer,United States,Chicago,Illinois,90001,East,PROD-11542,Office Supplies,Supplies,Premium Supplies v3,203.22,5,0.0,46.41
1544,CA-2024-101543,2023-12-19,2023-12-21,Second Class,CG-10104,Emily Burns,Corporate,United States,Seattle,Illinois,90001,West,PROD-11543,Furniture,Bookcases,Premium Bookcases v4,942.19,7,0.3,-11.53
1545,CA-2024-101544,2024-07-24,2024-07-29,Second Class,CG-10054,Aaron Bergman,Corporate,United States,Seattle,New York,90001,East,PROD-11544,Office Supplies,Supplies,Premium Supplies v5,853.85,9,0.0,305.29
1546,CA-2024-101545,2024-07-24,2024-07-29,Standard Class,CG-10038,Aaron Bergman,Corporate,United States,Los Angeles,New York,90001,South,PROD-11545,Furniture,Chairs,Premium Chairs v1,231.43,8,0.1,60.42
1547,CA-2024-101546,2024-11-11,2024-11-12,Standard Class,CG-10074,Carol Adams,Corporate,United States,Houston,Washington,90001,Central,PROD-11546,Office Supplies,Appliances,Premium Appliances v2,152.75,6,0.0,42.5
1548,CA-2024-101547,2023-12-29,2023-12-30,First Class,CG-10080,Claire Gute,Consumer,United States,Los Angeles,Washington,90001,West,PROD-11547,Technology,Copiers,Premium Copiers v3,1008.5,2,0.2,134.73
1549,CA-2024-101548,2024-07-10,2024-07-12,Standard Class,CG-10032,Julia Barnett,Consumer,United States,Houston,Texas,90001,South,PROD-11548,Office Supplies,Paper,Premium Paper v4,935.27,8,0.0,279.08
1550,CA-2024-101549,2023-12-11,2023-12-15,Standard Class,CG-10045,Sanford Allen,Consumer,United States,Chicago,Illinois,90001,West,PROD-11549,Furniture,Bookcases,Premium Bookcases v5,402.8,4,0.3,30.91
1551,CA-2024-101550,2024-11-23,2024-11-24,Standard Class,CG-10061,Julia Barnett,Home Office,United States,Los Angeles,Florida,90001,East,PROD-11550,Technology,Phones,Premium Phones v1,794.96,8,0.3,38.61
1552,CA-2024-101551,2023-06-19,2023-06-23,Standard Class,CG-10053,Aaron Bergman,Corporate,United States,Los Angeles,Texas,90001,West,PROD-11551,Office Supplies,Storage,Premium Storage v2,162.13,7,0.3,34.9
1553,CA-2024-101552,2023-12-22,2023-12-25,First Class,CG-10128,Claire Gute,Consumer,United States,San Francisco,Texas,90001,West,PROD-11552,Technology,Phones,Premium Phones v3,615.85,4,0.0,183.94
1554,CA-2024-101553,2023-07-10,2023-07-15,Standard Class,CG-10076,Claire Gute,Consumer,United States,Miami,California,90001,Central,PROD-11553,Office Supplies,Paper,Premium Paper v4,37.2,8,0.2,11.83
1555,CA-2024-101554,2024-10-28,2024-11-01,Standard Class,CG-10027,Julia Barnett,Home Office,United States,New York City,Florida,90001,South,PROD-11554,Technology,Machines,Premium Machines v5,479.05,2,0.0,152.64
1556,CA-2024-101555,2024-02-26,2024-03-02,Standard Class,CG-10062,Aaron Bergman,Corporate,United States,Los Angeles,California,90001,East,PROD-11555,Furniture,Tables,Premium Tables v1,103.69,9,0.3,14.39
1557,CA-2024-101556,2024-11-30,2024-12-04,Standard Class,CG-10018,Julia Barnett,Corporate,United States,Miami,Washington,90001,Central,PROD-11556,Office Supplies,Art,Premium Art v2,578.05,6,0.2,49.52
1558,CA-2024-101557,2023-01-07,2023-01-10,Standard Class,CG-10127,Carol Adams,Consumer,United States,New York City,Texas,90001,West,PROD-11557,Office Supplies,Supplies,Premium Supplies v3,514.69,7,0.1,114.61
1559,CA-2024-101558,2023-05-13,2023-05-14,Standard Class,CG-10109,Claire Gute,Consumer,United States,San Francisco,Washington,90001,Central,PROD-11558,Furniture,Bookcases,Premium Bookcases v4,541.6,1,0.2,69.91
1560,CA-2024-101559,2024-07-10,2024-07-13,Standard Class,CG-10103,Claire Gute,Home Office,United States,Houston,Florida,90001,West,PROD-11559,Technology,Phones,Premium Phones v5,68.72,3,0.0,37.84
1561,CA-2024-101560,2023-01-31,2023-02-01,Second Class,CG-10077,Carol Adams,Corporate,United States,Houston,Florida,90001,East,PROD-11560,Furniture,Furnishings,Premium Furnishings v1,443.52,5,0.1,126.1
1562,CA-2024-101561,2024-06-18,2024-06-19,Standard Class,CG-10117,Aaron Bergman,Consumer,United States,Houston,Illinois,90001,West,PROD-11561,Furniture,Furnishings,Premium Furnishings v2,911.43,7,0.0,289.64
1563,CA-2024-101562,2024-03-01,2024-03-06,Standard Class,CG-10104,Claire Gute,Home Office,United States,Miami,New York,90001,Central,PROD-11562,Technology,Phones,Premium Phones v3,452.16,1,0.5,-94.28
1564,CA-2024-101563,2024-01-29,2024-02-01,Standard Class,CG-10049,Emily Burns,Corporate,United States,Miami,California,90001,Central,PROD-11563,Furniture,Tables,Premium Tables v4,862.48,9,0.3,26.42
1565,CA-2024-101564,2024-11-02,2024-11-06,Standard Class,CG-10116,Emily Burns,Consumer,United States,New York City,Illinois,90001,West,PROD-11564,Office Supplies,Storage,Premium Storage v5,452.83,5,0.2,81.09
1566,CA-2024-101565,2023-12-29,2024-01-01,First Class,CG-10141,Emily Burns,Consumer,United States,Houston,Illinois,90001,South,PROD-11565,Office Supplies,Storage,Premium Storage v1,516.54,3,0.5,-100.95
1567,CA-2024-101566,2024-03-12,2024-03-17,Standard Class,CG-10100,Sanford Allen,Consumer,United States,Seattle,California,90001,Central,PROD-11566,Office Supplies,Appliances,Premium Appliances v2,683.21,7,0.0,230.13
1568,CA-2024-101567,2024-10-31,2024-11-01,Standard Class,CG-10125,Sanford Allen,Consumer,United States,Los Angeles,California,90001,South,PROD-11567,Furniture,Chairs,Premium Chairs v3,1141.56,8,0.5,-238.03
1569,CA-2024-101568,2024-07-04,2024-07-09,Standard Class,CG-10025,Aaron Bergman,Corporate,United States,Miami,Florida,90001,South,PROD-11568,Office Supplies,Storage,Premium Storage v4,144.0,3,0.0,47.13
1570,CA-2024-101569,2023-03-23,2023-03-25,Same Day,CG-10128,Carol Adams,Consumer,United States,Miami,Florida,90001,South,PROD-11569,Office Supplies,Storage,Premium Storage v5,54.0,7,0.2,49.05
1571,CA-2024-101570,2023-12-22,2023-12-24,Standard Class,CG-10100,Julia Barnett,Home Office,United States,Miami,Texas,90001,South,PROD-11570,Office Supplies,Binders,Premium Binders v1,735.43,7,0.2,117.33
1572,CA-2024-101571,2023-09-15,2023-09-19,First Class,CG-10146,Aaron Bergman,Home Office,United States,New York City,Washington,90001,Central,PROD-11571,Office Supplies,Supplies,Premium Supplies v2,1139.68,4,0.0,362.18
1573,CA-2024-101572,2024-08-11,2024-08-16,Standard Class,CG-10005,Julia Barnett,Consumer,United States,Houston,Florida,90001,Central,PROD-11572,Office Supplies,Storage,Premium Storage v3,1187.82,9,0.0,385.51
1574,CA-2024-101573,2024-06-07,2024-06-11,First Class,CG-10019,Aaron Bergman,Consumer,United States,Seattle,Illinois,90001,South,PROD-11573,Office Supplies,Art,Premium Art v4,588.73,1,0.0,216.4
1575,CA-2024-101574,2023-10-22,2023-10-26,First Class,CG-10018,Sanford Allen,Home Office,United States,Los Angeles,Texas,90001,Central,PROD-11574,Furniture,Chairs,Premium Chairs v5,569.68,1,0.5,-66.84
1576,CA-2024-101575,2023-08-12,2023-08-14,Standard Class,CG-10121,Emily Burns,Corporate,United States,Los Angeles,Texas,90001,South,PROD-11575,Office Supplies,Supplies,Premium Supplies v1,779.28,5,0.0,248.08
1577,CA-2024-101576,2024-06-08,2024-06-12,Standard Class,CG-10032,Carol Adams,Corporate,United States,Houston,Illinois,90001,South,PROD-11576,Office Supplies,Paper,Premium Paper v2,673.43,3,0.1,154.0
1578,CA-2024-101577,2023-02-15,2023-02-17,Standard Class,CG-10149,Sanford Allen,Consumer,United States,Seattle,Florida,90001,South,PROD-11577,Technology,Phones,Premium Phones v3,766.39,9,0.2,85.73
1579,CA-2024-101578,2024-10-28,2024-10-29,Standard Class,CG-10010,Carol Adams,Consumer,United States,New York City,Illinois,90001,West,PROD-11578,Furniture,Tables,Premium Tables v4,1050.69,5,0.0,300.25
1580,CA-2024-101579,2023-04-23,2023-04-28,Standard Class,CG-10037,Julia Barnett,Corporate,United States,Miami,New York,90001,East,PROD-11579,Furniture,Tables,Premium Tables v5,899.37,7,0.1,189.47
1581,CA-2024-101580,2023-08-21,2023-08-25,Standard Class,CG-10086,Aaron Bergman,Home Office,United States,Miami,Florida,90001,Central,PROD-11580,Furniture,Furnishings,Premium Furnishings v1,603.8,1,0.2,95.72
1582,CA-2024-101581,2023-01-17,2023-01-19,Standard Class,CG-10013,Claire Gute,Consumer,United States,San Francisco,Washington,90001,Central,PROD-11581,Furniture,Bookcases,Premium Bookcases v2,562.31,2,0.0,205.03
1583,CA-2024-101582,2023-12-26,2023-12-29,Standard Class,CG-10145,Claire Gute,Home Office,United States,Houston,Illinois,90001,South,PROD-11582,Office Supplies,Paper,Premium Paper v3,772.93,4,0.2,119.76
1584,CA-2024-101583,2023-08-11,2023-08-15,Standard Class,CG-10009,Carol Adams,Consumer,United States,Los Angeles,Florida,90001,West,PROD-11583,Office Supplies,Appliances,Premium Appliances v4,555.01,9,0.0,150.11
1585,CA-2024-101584,2024-11-30,2024-12-01,Standard Class,CG-10088,Emily Burns,Home Office,United States,Miami,California,90001,West,PROD-11584,Technology,Phones,Premium Phones v5,557.47,5,0.0,184.14
1586,CA-2024-101585,2024-03-23,2024-03-24,Standard Class,CG-10046,Emily Burns,Corporate,United States,San Francisco,New York,90001,Central,PROD-11585,Technology,Accessories,Premium Accessories v1,34.32,5,0.1,-5.62
1587,CA-2024-101586,2023-12-31,2024-01-03,Same Day,CG-10136,Carol Adams,Consumer,United States,Los Angeles,Washington,90001,South,PROD-11586,Furniture,Tables,Premium Tables v2,221.27,9,0.1,38.31
1588,CA-2024-101587,2024-11-05,2024-11-07,Standard Class,CG-10119,Sanford Allen,Corporate,United States,Los Angeles,Florida,90001,Central,PROD-11587,Technology,Machines,Premium Machines v3,593.89,8,0.5,-75.76
1589,CA-2024-101588,2023-11-22,2023-11-26,Second Class,CG-10019,Claire Gute,Consumer,United States,Houston,California,90001,South,PROD-11588,Technology,Copiers,Premium Copiers v4,989.84,2,0.3,14.78
1590,CA-2024-101589,2024-04-11,2024-04-13,Standard Class,CG-10094,Sanford Allen,Consumer,United States,Chicago,Florida,90001,South,PROD-11589,Furniture,Chairs,Premium Chairs v5,345.29,7,0.1,102.16
1591,CA-2024-101590,2024-02-18,2024-02-19,Standard Class,CG-10026,Julia Barnett,Consumer,United States,San Francisco,California,90001,East,PROD-11590,Furniture,Bookcases,Premium Bookcases v1,634.33,1,0.0,174.81
1592,CA-2024-101591,2024-03-30,2024-04-01,Standard Class,CG-10046,Claire Gute,Consumer,United States,Chicago,Washington,90001,South,PROD-11591,Technology,Machines,Premium Machines v2,423.78,9,0.0,136.31
1593,CA-2024-101592,2024-08-08,2024-08-09,Standard Class,CG-10118,Julia Barnett,Consumer,United States,Chicago,New York,90001,East,PROD-11592,Office Supplies,Art,Premium Art v3,139.19,3,0.0,68.95
1594,CA-2024-101593,2023-08-21,2023-08-23,First Class,CG-10046,Aaron Bergman,Corporate,United States,San Francisco,California,90001,Central,PROD-11593,Technology,Phones,Premium Phones v4,1150.58,2,0.1,219.45
1595,CA-2024-101594,2023-08-12,2023-08-15,Second Class,CG-10014,Sanford Allen,Corporate,United States,Seattle,Texas,90001,Central,PROD-11594,Technology,Copiers,Premium Copiers v5,1027.79,4,0.3,2.81
1596,CA-2024-101595,2024-02-16,2024-02-21,Standard Class,CG-10085,Carol Adams,Consumer,United States,Houston,Washington,90001,West,PROD-11595,Office Supplies,Appliances,Premium Appliances v1,108.01,4,0.0,16.92
1597,CA-2024-101596,2024-07-25,2024-07-28,Same Day,CG-10063,Claire Gute,Home Office,United States,San Francisco,Washington,90001,East,PROD-11596,Office Supplies,Storage,Premium Storage v2,867.95,3,0.0,285.98
1598,CA-2024-101597,2023-12-01,2023-12-04,Standard Class,CG-10072,Sanford Allen,Corporate,United States,Los Angeles,Illinois,90001,Central,PROD-11597,Furniture,Furnishings,Premium Furnishings v3,426.88,2,0.1,133.34
1599,CA-2024-101598,2023-08-10,2023-08-15,Same Day,CG-10003,Carol Adams,Home Office,United States,San Francisco,New York,90001,East,PROD-11598,Furniture,Bookcases,Premium Bookcases v4,1193.9,5,0.0,396.06
1600,CA-2024-101599,2023-02-06,2023-02-11,Same Day,CG-10028,Aaron Bergman,Corporate,United States,Miami,Texas,90001,Central,PROD-11599,Technology,Copiers,Premium Copiers v5,373.34,4,0.2,85.56
1601,CA-2024-101600,2023-10-05,2023-10-09,Standard Class,CG-10125,Claire Gute,Consumer,United States,San Francisco,Texas,90001,East,PROD-11600,Office Supplies,Art,Premium Art v1,297.91,5,0.1,98.77
1602,CA-2024-101601,2023-07-15,2023-07-19,Standard Class,CG-10087,Julia Barnett,Consumer,United States,Seattle,Illinois,90001,East,PROD-11601,Furniture,Chairs,Premium Chairs v2,687.95,8,0.1,177.45
1603,CA-2024-101602,2024-04-28,2024-05-01,Standard Class,CG-10146,Aaron Bergman,Corporate,United States,Chicago,California,90001,South,PROD-11602,Technology,Copiers,Premium Copiers v3,1004.62,2,0.0,321.79
1604,CA-2024-101603,2023-08-30,2023-09-02,Second Class,CG-10077,Emily Burns,Consumer,United States,New York City,California,90001,Central,PROD-11603,Office Supplies,Binders,Premium Binders v4,243.13,9,0.5,-32.35
1605,CA-2024-101604,2023-11-20,2023-11-21,Standard Class,CG-10076,Carol Adams,Consumer,United States,Seattle,Texas,90001,West,PROD-11604,Technology,Phones,Premium Phones v5,855.64,1,0.0,265.13
1606,CA-2024-101605,2023-07-11,2023-07-12,Same Day,CG-10114,Claire Gute,Consumer,United States,Seattle,New York,90001,South,PROD-11605,Furniture,Tables,Premium Tables v1,87.77,8,0.3,37.27
1607,CA-2024-101606,2023-01-17,2023-01-21,Second Class,CG-10133,Claire Gute,Consumer,United States,Houston,California,90001,West,PROD-11606,Furniture,Furnishings,Premium Furnishings v2,1103.94,5,0.0,323.93
1608,CA-2024-101607,2024-06-07,2024-06-11,Standard Class,CG-10075,Aaron Bergman,Consumer,United States,Miami,Washington,90001,East,PROD-11607,Office Supplies,Storage,Premium Storage v3,111.07,2,0.3,-16.06
1609,CA-2024-101608,2024-02-05,2024-02-06,Standard Class,CG-10059,Claire Gute,Consumer,United States,Seattle,Florida,90001,South,PROD-11608,Technology,Phones,Premium Phones v4,1098.36,8,0.2,156.19
1610,CA-2024-101609,2023-01-22,2023-01-23,Second Class,CG-10059,Carol Adams,Consumer,United States,San Francisco,Illinois,90001,East,PROD-11609,Office Supplies,Appliances,Premium Appliances v5,596.61,5,0.0,159.25
1611,CA-2024-101610,2024-04-18,2024-04-20,Standard Class,CG-10047,Aaron Bergman,Corporate,United States,Miami,New York,90001,Central,PROD-11610,Furniture,Tables,Premium Tables v1,545.99,3,0.3,48.38
1612,CA-2024-101611,2023-04-30,2023-05-02,Second Class,CG-10095,Julia Barnett,Corporate,United States,Houston,California,90001,Central,PROD-11611,Furniture,Bookcases,Premium Bookcases v2,1168.37,7,0.2,147.86
1613,CA-2024-101612,2023-07-29,2023-07-30,Standard Class,CG-10141,Aaron Bergman,Consumer,United States,San Francisco,Florida,90001,West,PROD-11612,Technology,Machines,Premium Machines v3,1188.61,4,0.0,359.58
1614,CA-2024-101613,2023-11-02,2023-11-04,Standard Class,CG-10078,Aaron Bergman,Consumer,United States,New York City,Texas,90001,Central,PROD-11613,Technology,Copiers,Premium Copiers v4,785.46,6,0.0,264.49
1615,CA-2024-101614,2023-09-27,2023-10-02,Standard Class,CG-10113,Julia Barnett,Consumer,United States,Los Angeles,Illinois,90001,West,PROD-11614,Technology,Accessories,Premium Accessories v5,165.64,8,0.2,53.82
1616,CA-2024-101615,2024-11-17,2024-11-21,Second Class,CG-10109,Emily Burns,Consumer,United States,Los Angeles,California,90001,East,PROD-11615,Office Supplies,Supplies,Premium Supplies v1,614.81,1,0.2,58.66
1617,CA-2024-101616,2023-10-12,2023-10-16,Standard Class,CG-10106,Carol Adams,Consumer,United States,Chicago,Texas,90001,South,PROD-11616,Technology,Accessories,Premium Accessories v2,642.06,2,0.2,98.17
1618,CA-2024-101617,2024-11-06,2024-11-07,Second Class,CG-10089,Emily Burns,Consumer,United States,Chicago,California,90001,Central,PROD-11617,Technology,Accessories,Premium Accessories v3,624.62,8,0.2,98.77
1619,CA-2024-101618,2023-08-15,2023-08-18,Standard Class,CG-10033,Emily Burns,Corporate,United States,New York City,Illinois,90001,East,PROD-11618,Furniture,Bookcases,Premium Bookcases v4,689.85,7,0.2,66.44
1620,CA-2024-101619,2024-01-16,2024-01-17,Second Class,CG-10097,Emily Burns,Corporate,United States,Los Angeles,Washington,90001,South,PROD-11619,Furniture,Bookcases,Premium Bookcases v5,37.19,9,0.2,-13.35
1621,CA-2024-101620,2024-04-04,2024-04-06,Standard Class,CG-10079,Sanford Allen,Consumer,United States,Chicago,Washington,90001,East,PROD-11620,Technology,Accessories,Premium Accessories v1,857.8,2,0.1,165.85
1622,CA-2024-101621,2023-01-07,2023-01-10,Standard Class,CG-10016,Emily Burns,Consumer,United States,Miami,Florida,90001,West,PROD-11621,Technology,Copiers,Premium Copiers v2,859.19,8,0.0,251.8
1623,CA-2024-101622,2023-01-29,2023-01-31,Second Class,CG-10044,Sanford Allen,Corporate,United States,Seattle,Texas,90001,East,PROD-11622,Furniture,Bookcases,Premium Bookcases v3,151.83,6,0.5,-45.8
1624,CA-2024-101623,2023-02-02,2023-02-07,Standard Class,CG-10120,Julia Barnett,Home Office,United States,Houston,Washington,90001,West,PROD-11623,Technology,Copiers,Premium Copiers v4,690.73,1,0.0,238.04
1625,CA-2024-101624,2024-10-07,2024-10-09,Standard Class,CG-10134,Carol Adams,Corporate,United States,San Francisco,Illinois,90001,West,PROD-11624,Office Supplies,Paper,Premium Paper v5,688.51,4,0.0,213.15
1626,CA-2024-101625,2023-03-20,2023-03-25,Standard Class,CG-10108,Emily Burns,Corporate,United States,Chicago,Texas,90001,Central,PROD-11625,Office Supplies,Storage,Premium Storage v1,823.7,2,0.2,124.28
1627,CA-2024-101626,2024-04-03,2024-04-08,Second Class,CG-10143,Claire Gute,Consumer,United States,New York City,California,90001,West,PROD-11626,Office Supplies,Supplies,Premium Supplies v2,116.2,7,0.1,20.89
1628,CA-2024-101627,2024-07-23,2024-07-25,First Class,CG-10004,Julia Barnett,Consumer,United States,San Francisco,New York,90001,West,PROD-11627,Technology,Machines,Premium Machines v3,757.41,9,0.0,238.95
1629,CA-2024-101628,2024-06-21,2024-06-23,Standard Class,CG-10056,Sanford Allen,Home Office,United States,Los Angeles,California,90001,East,PROD-11628,Furniture,Furnishings,Premium Furnishings v4,347.69,6,0.0,129.04
1630,CA-2024-101629,2024-04-26,2024-05-01,Standard Class,CG-10064,Carol Adams,Consumer,United States,New York City,Illinois,90001,West,PROD-11629,Technology,Machines,Premium Machines v5,615.8,4,0.2,103.0
1631,CA-2024-101630,2024-03-05,2024-03-08,Second Class,CG-10095,Aaron Bergman,Home Office,United States,Houston,Florida,90001,West,PROD-11630,Technology,Phones,Premium Phones v1,931.39,5,0.5,-169.55
1632,CA-2024-101631,2023-10-12,2023-10-17,Standard Class,CG-10056,Carol Adams,Corporate,United States,Houston,Texas,90001,East,PROD-11631,Furniture,Chairs,Premium Chairs v2,851.19,1,0.1,176.38
1633,CA-2024-101632,2024-05-30,2024-06-03,First Class,CG-10032,Carol Adams,Corporate,United States,New York City,California,90001,South,PROD-11632,Furniture,Bookcases,Premium Bookcases v3,155.9,4,0.1,71.87
1634,CA-2024-101633,2023-04-09,2023-04-14,Standard Class,CG-10116,Emily Burns,Consumer,United States,Chicago,Texas,90001,Central,PROD-11633,Furniture,Bookcases,Premium Bookcases v4,715.55,3,0.0,216.38
1635,CA-2024-101634,2024-02-01,2024-02-04,Same Day,CG-10009,Emily Burns,Corporate,United States,Chicago,Washington,90001,East,PROD-11634,Office Supplies,Supplies,Premium Supplies v5,1163.4,9,0.0,334.58
1636,CA-2024-101635,2024-05-03,2024-05-07,Second Class,CG-10105,Sanford Allen,Consumer,United States,Los Angeles,New York,90001,West,PROD-11635,Technology,Phones,Premium Phones v1,200.77,6,0.0,71.38
1637,CA-2024-101636,2023-02-08,2023-02-09,Second Class,CG-10078,Sanford Allen,Consumer,United States,Miami,Illinois,90001,East,PROD-11636,Furniture,Bookcases,Premium Bookcases v2,1025.69,4,0.0,342.66
1638,CA-2024-101637,2023-09-28,2023-09-29,Second Class,CG-10087,Emily Burns,Consumer,United States,Los Angeles,California,90001,South,PROD-11637,Technology,Copiers,Premium Copiers v3,847.52,3,0.1,151.66
1639,CA-2024-101638,2023-06-06,2023-06-09,Standard Class,CG-10021,Emily Burns,Home Office,United States,Seattle,New York,90001,East,PROD-11638,Office Supplies,Storage,Premium Storage v4,932.19,4,0.0,300.67
1640,CA-2024-101639,2023-03-16,2023-03-21,Standard Class,CG-10055,Claire Gute,Corporate,United States,Miami,Illinois,90001,East,PROD-11639,Office Supplies,Binders,Premium Binders v5,349.12,8,0.0,126.35
1641,CA-2024-101640,2023-05-10,2023-05-12,Standard Class,CG-10076,Claire Gute,Consumer,United States,San Francisco,Illinois,90001,East,PROD-11640,Furniture,Bookcases,Premium Bookcases v1,356.15,5,0.2,80.61
1642,CA-2024-101641,2024-11-17,2024-11-20,Second Class,CG-10130,Julia Barnett,Consumer,United States,Seattle,Florida,90001,East,PROD-11641,Furniture,Tables,Premium Tables v2,1088.63,1,0.3,0.05
1643,CA-2024-101642,2023-03-25,2023-03-29,Second Class,CG-10141,Emily Burns,Corporate,United States,Los Angeles,Washington,90001,West,PROD-11642,Technology,Copiers,Premium Copiers v3,441.4,5,0.5,-88.76
1644,CA-2024-101643,2023-01-22,2023-01-26,First Class,CG-10126,Aaron Bergman,Corporate,United States,Miami,Florida,90001,East,PROD-11643,Furniture,Tables,Premium Tables v4,89.67,8,0.2,19.8
1645,CA-2024-101644,2024-04-03,2024-04-04,Standard Class,CG-10132,Claire Gute,Corporate,United States,Miami,Florida,90001,South,PROD-11644,Technology,Copiers,Premium Copiers v5,726.71,4,0.0,223.0
1646,CA-2024-101645,2024-06-22,2024-06-26,Standard Class,CG-10084,Sanford Allen,Corporate,United States,Seattle,Texas,90001,East,PROD-11645,Furniture,Furnishings,Premium Furnishings v1,162.91,2,0.2,47.84
1647,CA-2024-101646,2024-01-17,2024-01-20,Standard Class,CG-10115,Carol Adams,Consumer,United States,New York City,Texas,90001,East,PROD-11646,Technology,Copiers,Premium Copiers v2,958.97,3,0.0,312.61
1648,CA-2024-101647,2024-03-15,2024-03-19,Second Class,CG-10048,Julia Barnett,Corporate,United States,Chicago,New York,90001,West,PROD-11647,Technology,Accessories,Premium Accessories v3,775.47,9,0.2,110.67
1649,CA-2024-101648,2024-08-26,2024-08-29,Standard Class,CG-10123,Claire Gute,Consumer,United States,Miami,Washington,90001,West,PROD-11648,Technology,Accessories,Premium Accessories v4,1051.55,7,0.2,142.56
1650,CA-2024-101649,2023-01-21,2023-01-23,Standard Class,CG-10078,Carol Adams,Home Office,United States,San Francisco,Illinois,90001,East,PROD-11649,Technology,Machines,Premium Machines v5,945.03,3,0.2,139.11
1651,CA-2024-101650,2023-10-30,2023-10-31,First Class,CG-10030,Carol Adams,Corporate,United States,San Francisco,Washington,90001,West,PROD-11650,Office Supplies,Art,Premium Art v1,147.85,5,0.5,-19.4
1652,CA-2024-101651,2023-03-25,2023-03-29,Standard Class,CG-10029,Claire Gute,Consumer,United States,Miami,Washington,90001,West,PROD-11651,Technology,Machines,Premium Machines v2,466.57,3,0.2,95.59
1653,CA-2024-101652,2024-10-20,2024-10-23,Standard Class,CG-10136,Aaron Bergman,Consumer,United States,Seattle,New York,90001,East,PROD-11652,Furniture,Bookcases,Premium Bookcases v3,932.85,4,0.2,88.38
1654,CA-2024-101653,2024-03-28,2024-04-02,Standard Class,CG-10140,Aaron Bergman,Home Office,United States,Miami,Texas,90001,West,PROD-11653,Office Supplies,Paper,Premium Paper v4,509.55,8,0.0,182.87
1655,CA-2024-101654,2024-01-22,2024-01-23,Second Class,CG-10041,Julia Barnett,Consumer,United States,Seattle,Washington,90001,Central,PROD-11654,Office Supplies,Supplies,Premium Supplies v5,1167.25,3,0.5,-216.07
1656,CA-2024-101655,2024-05-21,2024-05-23,Standard Class,CG-10026,Aaron Bergman,Consumer,United States,New York City,Washington,90001,Central,PROD-11655,Technology,Machines,Premium Machines v1,886.85,3,0.0,303.24
1657,CA-2024-101656,2023-09-14,2023-09-17,Second Class,CG-10050,Julia Barnett,Corporate,United States,San Francisco,Washington,90001,Central,PROD-11656,Office Supplies,Paper,Premium Paper v2,33.37,8,0.5,6.7
1658,CA-2024-101657,2024-07-23,2024-07-25,Standard Class,CG-10002,Sanford Allen,Consumer,United States,Miami,California,90001,West,PROD-11657,Technology,Phones,Premium Phones v3,1057.78,7,0.0,352.21
1659,CA-2024-101658,2024-06-10,2024-06-12,First Class,CG-10055,Claire Gute,Corporate,United States,Houston,Washington,90001,Central,PROD-11658,Furniture,Chairs,Premium Chairs v4,134.45,7,0.0,85.45
1660,CA-2024-101659,2023-06-11,2023-06-15,Standard Class,CG-10104,Carol Adams,Consumer,United States,Los Angeles,Washington,90001,South,PROD-11659,Technology,Copiers,Premium Copiers v5,181.52,2,0.3,31.26
1661,CA-2024-101660,2023-06-12,2023-06-16,Standard Class,CG-10014,Julia Barnett,Corporate,United States,San Francisco,Illinois,90001,Central,PROD-11660,Office Supplies,Appliances,Premium Appliances v1,885.37,7,0.0,299.94
1662,CA-2024-101661,2024-06-07,2024-06-10,Second Class,CG-10134,Aaron Bergman,Consumer,United States,New York City,Florida,90001,South,PROD-11661,Furniture,Tables,Premium Tables v2,1039.99,3,0.3,-15.3
1663,CA-2024-101662,2023-09-28,2023-10-03,Second Class,CG-10128,Julia Barnett,Consumer,United States,Houston,California,90001,West,PROD-11662,Technology,Accessories,Premium Accessories v3,650.57,7,0.0,189.52
1664,CA-2024-101663,2024-05-06,2024-05-09,Standard Class,CG-10104,Emily Burns,Home Office,United States,San Francisco,Washington,90001,Central,PROD-11663,Furniture,Tables,Premium Tables v4,357.52,4,0.3,48.2
1665,CA-2024-101664,2023-07-27,2023-08-01,Second Class,CG-10095,Julia Barnett,Corporate,United States,New York City,Florida,90001,South,PROD-11664,Furniture,Bookcases,Premium Bookcases v5,431.31,8,0.2,71.65
1666,CA-2024-101665,2024-06-22,2024-06-24,Standard Class,CG-10081,Aaron Bergman,Consumer,United States,Chicago,Washington,90001,West,PROD-11665,Office Supplies,Art,Premium Art v1,421.32,8,0.2,61.43
1667,CA-2024-101666,2024-08-06,2024-08-07,First Class,CG-10061,Emily Burns,Consumer,United States,New York City,New York,90001,Central,PROD-11666,Furniture,Furnishings,Premium Furnishings v2,402.11,6,0.0,126.32
1668,CA-2024-101667,2023-03-01,2023-03-04,First Class,CG-10012,Emily Burns,Corporate,United States,New York City,New York,90001,East,PROD-11667,Office Supplies,Supplies,Premium Supplies v3,302.85,3,0.0,73.96
1669,CA-2024-101668,2024-03-05,2024-03-08,Standard Class,CG-10013,Aaron Bergman,Corporate,United States,Chicago,Florida,90001,Central,PROD-11668,Furniture,Bookcases,Premium Bookcases v4,736.51,6,0.3,5.84
1670,CA-2024-101669,2024-10-18,2024-10-23,First Class,CG-10147,Emily Burns,Home Office,United States,Miami,California,90001,Central,PROD-11669,Technology,Accessories,Premium Accessories v5,1081.98,6,0.0,339.52
1671,CA-2024-101670,2024-08-27,2024-08-29,Standard Class,CG-10089,Claire Gute,Home Office,United States,Los Angeles,Illinois,90001,Central,PROD-11670,Furniture,Furnishings,Premium Furnishings v1,378.89,3,0.0,108.47
1672,CA-2024-101671,2023-11-05,2023-11-07,Standard Class,CG-10095,Carol Adams,Corporate,United States,Houston,California,90001,East,PROD-11671,Technology,Phones,Premium Phones v2,236.23,4,0.2,15.74
1673,CA-2024-101672,2024-06-03,2024-06-08,Same Day,CG-10059,Claire Gute,Consumer,United States,San Francisco,California,90001,South,PROD-11672,Technology,Accessories,Premium Accessories v3,1008.71,2,0.1,217.33
1674,CA-2024-101673,2024-08-13,2024-08-15,Second Class,CG-10037,Claire Gute,Consumer,United States,Seattle,New York,90001,South,PROD-11673,Furniture,Bookcases,Premium Bookcases v4,894.01,1,0.0,289.22
1675,CA-2024-101674,2023-01-27,2023-01-31,Standard Class,CG-10025,Aaron Bergman,Corporate,United States,Los Angeles,New York,90001,East,PROD-11674,Technology,Accessories,Premium Accessories v5,1118.04,2,0.0,332.21
1676,CA-2024-101675,2024-11-16,2024-11-17,Standard Class,CG-10016,Aaron Bergman,Consumer,United States,San Francisco,Illinois,90001,Central,PROD-11675,Furniture,Furnishings,Premium Furnishings v1,211.14,7,0.0,84.46
1677,CA-2024-101676,2024-07-15,2024-07-18,Standard Class,CG-10087,Carol Adams,Consumer,United States,New York City,Washington,90001,Central,PROD-11676,Furniture,Chairs,Premium Chairs v2,185.94,5,0.3,43.02
1678,CA-2024-101677,2023-07-18,2023-07-19,Same Day,CG-10142,Julia Barnett,Consumer,United States,Seattle,Illinois,90001,Central,PROD-11677,Technology,Accessories,Premium Accessories v3,656.59,9,0.0,210.1
1679,CA-2024-101678,2024-01-22,2024-01-25,Standard Class,CG-10134,Claire Gute,Consumer,United States,Chicago,Washington,90001,South,PROD-11678,Technology,Machines,Premium Machines v4,743.1,3,0.5,-108.6
1680,CA-2024-101679,2023-12-15,2023-12-19,Standard Class,CG-10023,Emily Burns,Consumer,United States,Los Angeles,Florida,90001,South,PROD-11679,Office Supplies,Appliances,Premium Appliances v5,584.01,2,0.0,220.11
1681,CA-2024-101680,2024-11-23,2024-11-25,Standard Class,CG-10126,Carol Adams,Consumer,United States,Miami,Florida,90001,East,PROD-11680,Technology,Phones,Premium Phones v1,724.78,4,0.0,203.9
1682,CA-2024-101681,2024-06-19,2024-06-24,Standard Class,CG-10060,Claire Gute,Corporate,United States,Houston,Texas,90001,West,PROD-11681,Office Supplies,Binders,Premium Binders v2,228.75,2,0.1,32.46
1683,CA-2024-101682,2024-01-13,2024-01-17,Standard Class,CG-10140,Julia Barnett,Consumer,United States,Los Angeles,New York,90001,East,PROD-11682,Technology,Accessories,Premium Accessories v3,583.34,7,0.0,188.33
1684,CA-2024-101683,2024-07-11,2024-07-12,Standard Class,CG-10141,Emily Burns,Consumer,United States,Los Angeles,Texas,90001,South,PROD-11683,Furniture,Furnishings,Premium Furnishings v4,794.84,6,0.2,100.65
1685,CA-2024-101684,2024-06-10,2024-06-15,Standard Class,CG-10100,Claire Gute,Consumer,United States,Miami,Texas,90001,Central,PROD-11684,Technology,Accessories,Premium Accessories v5,527.76,8,0.3,9.81
1686,CA-2024-101685,2023-06-02,2023-06-04,Standard Class,CG-10103,Sanford Allen,Corporate,United States,Seattle,New York,90001,Central,PROD-11685,Furniture,Chairs,Premium Chairs v1,820.15,5,0.0,248.9
1687,CA-2024-101686,2023-07-25,2023-07-29,First Class,CG-10134,Carol Adams,Consumer,United States,Chicago,Texas,90001,Central,PROD-11686,Furniture,Bookcases,Premium Bookcases v2,549.66,2,0.2,79.84
1688,CA-2024-101687,2024-03-30,2024-04-04,Standard Class,CG-10063,Aaron Bergman,Corporate,United States,Miami,California,90001,Central,PROD-11687,Furniture,Furnishings,Premium Furnishings v3,410.32,4,0.0,103.24
1689,CA-2024-101688,2023-09-30,2023-10-04,Second Class,CG-10038,Claire Gute,Home Office,United States,San Francisco,Washington,90001,West,PROD-11688,Office Supplies,Paper,Premium Paper v4,374.77,1,0.0,160.2
1690,CA-2024-101689,2023-08-24,2023-08-28,Second Class,CG-10128,Emily Burns,Consumer,United States,Chicago,Illinois,90001,East,PROD-11689,Technology,Phones,Premium Phones v5,501.92,2,0.0,146.82
1691,CA-2024-101690,2024-06-04,2024-06-06,First Class,CG-10050,Emily Burns,Consumer,United States,Miami,New York,90001,East,PROD-11690,Furniture,Tables,Premium Tables v1,42.36,4,0.5,35.72
1692,CA-2024-101691,2024-11-08,2024-11-11,First Class,CG-10040,Carol Adams,Consumer,United States,Los Angeles,California,90001,South,PROD-11691,Furniture,Bookcases,Premium Bookcases v2,807.2,6,0.0,229.79
1693,CA-2024-101692,2024-05-15,2024-05-20,Standard Class,CG-10008,Carol Adams,Home Office,United States,Chicago,Florida,90001,East,PROD-11692,Office Supplies,Art,Premium Art v3,1016.45,4,0.3,-3.33
1694,CA-2024-101693,2023-04-27,2023-04-29,Standard Class,CG-10008,Emily Burns,Corporate,United States,Seattle,Illinois,90001,West,PROD-11693,Technology,Accessories,Premium Accessories v4,435.23,4,0.1,83.49
1695,CA-2024-101694,2024-01-21,2024-01-25,Standard Class,CG-10104,Emily Burns,Home Office,United States,Seattle,Illinois,90001,West,PROD-11694,Technology,Phones,Premium Phones v5,69.55,2,0.0,70.6
1696,CA-2024-101695,2023-12-10,2023-12-12,Standard Class,CG-10034,Emily Burns,Consumer,United States,Houston,Illinois,90001,West,PROD-11695,Office Supplies,Supplies,Premium Supplies v1,1184.33,9,0.1,217.19
1697,CA-2024-101696,2024-08-06,2024-08-09,Second Class,CG-10057,Claire Gute,Home Office,United States,Chicago,Texas,90001,Central,PROD-11696,Office Supplies,Binders,Premium Binders v2,327.48,8,0.3,24.77
1698,CA-2024-101697,2024-01-30,2024-02-04,Second Class,CG-10022,Emily Burns,Consumer,United States,Houston,Texas,90001,South,PROD-11697,Technology,Accessories,Premium Accessories v3,165.05,8,0.2,57.38
1699,CA-2024-101698,2023-03-05,2023-03-08,First Class,CG-10087,Aaron Bergman,Consumer,United States,San Francisco,Texas,90001,West,PROD-11698,Office Supplies,Storage,Premium Storage v4,453.16,5,0.1,117.69
1700,CA-2024-101699,2023-03-13,2023-03-14,Standard Class,CG-10040,Emily Burns,Home Office,United States,Miami,Texas,90001,East,PROD-11699,Technology,Accessories,Premium Accessories v5,890.19,3,0.3,5.39
1701,CA-2024-101700,2023-10-01,2023-10-06,First Class,CG-10086,Aaron Bergman,Home Office,United States,New York City,California,90001,East,PROD-11700,Technology,Machines,Premium Machines v1,363.29,6,0.0,156.07
1702,CA-2024-101701,2023-11-16,2023-11-19,Standard Class,CG-10133,Claire Gute,Consumer,United States,San Francisco,Texas,90001,East,PROD-11701,Furniture,Bookcases,Premium Bookcases v2,696.02,9,0.5,-96.66
1703,CA-2024-101702,2023-12-04,2023-12-08,Standard Class,CG-10095,Carol Adams,Consumer,United States,Seattle,New York,90001,West,PROD-11702,Furniture,Bookcases,Premium Bookcases v3,507.44,8,0.3,10.38
1704,CA-2024-101703,2024-01-01,2024-01-06,Standard Class,CG-10013,Aaron Bergman,Consumer,United States,Los Angeles,Illinois,90001,West,PROD-11703,Technology,Accessories,Premium Accessories v4,154.55,7,0.2,35.59
1705,CA-2024-101704,2024-05-09,2024-05-14,Second Class,CG-10028,Claire Gute,Consumer,United States,Seattle,California,90001,East,PROD-11704,Technology,Copiers,Premium Copiers v5,406.39,8,0.3,47.73
1706,CA-2024-101705,2024-08-29,2024-08-31,Standard Class,CG-10084,Emily Burns,Consumer,United States,New York City,Florida,90001,West,PROD-11705,Technology,Machines,Premium Machines v1,873.97,4,0.1,223.57
1707,CA-2024-101706,2023-06-15,2023-06-19,First Class,CG-10062,Claire Gute,Home Office,United States,Los Angeles,Texas,90001,East,PROD-11706,Technology,Machines,Premium Machines v2,740.22,6,0.2,85.51
1708,CA-2024-101707,2024-06-27,2024-06-28,First Class,CG-10093,Emily Burns,Corporate,United States,Chicago,Florida,90001,Central,PROD-11707,Technology,Phones,Premium Phones v3,156.94,5,0.1,70.7
1709,CA-2024-101708,2023-01-11,2023-01-14,First Class,CG-10087,Claire Gute,Corporate,United States,Chicago,Illinois,90001,West,PROD-11708,Technology,Machines,Premium Machines v4,208.54,2,0.0,63.7
1710,CA-2024-101709,2023-10-28,2023-10-30,Standard Class,CG-10024,Carol Adams,Corporate,United States,San Francisco,California,90001,Central,PROD-11709,Office Supplies,Supplies,Premium Supplies v5,774.27,8,0.1,160.88
1711,CA-2024-101710,2023-04-12,2023-04-15,First Class,CG-10098,Aaron Bergman,Corporate,United States,Seattle,Illinois,90001,Central,PROD-11710,Technology,Machines,Premium Machines v1,978.9,3,0.0,285.21
1712,CA-2024-101711,2024-02-29,2024-03-01,Second Class,CG-10007,Carol Adams,Corporate,United States,Los Angeles,Florida,90001,West,PROD-11711,Office Supplies,Art,Premium Art v2,429.13,5,0.1,80.47
1713,CA-2024-101712,2024-01-27,2024-01-28,Standard Class,CG-10037,Sanford Allen,Corporate,United States,Miami,California,90001,East,PROD-11712,Office Supplies,Art,Premium Art v3,720.44,8,0.0,242.11
1714,CA-2024-101713,2023-08-02,2023-08-07,Standard Class,CG-10068,Emily Burns,Consumer,United States,Los Angeles,Washington,90001,South,PROD-11713,Technology,Machines,Premium Machines v4,217.21,9,0.0,80.92
1715,CA-2024-101714,2024-11-21,2024-11-22,Standard Class,CG-10086,Aaron Bergman,Corporate,United States,Houston,California,90001,Central,PROD-11714,Technology,Phones,Premium Phones v5,383.98,9,0.0,111.37
1716,CA-2024-101715,2023-03-29,2023-04-01,Standard Class,CG-10133,Carol Adams,Corporate,United States,New York City,Texas,90001,West,PROD-11715,Office Supplies,Appliances,Premium Appliances v1,39.02,5,0.3,8.2
1717,CA-2024-101716,2024-07-06,2024-07-10,Standard Class,CG-10087,Aaron Bergman,Home Office,United States,San Francisco,Florida,90001,Central,PROD-11716,Office Supplies,Appliances,Premium Appliances v2,925.41,2,0.0,283.75
1718,CA-2024-101717,2024-02-05,2024-02-09,Same Day,CG-10015,Sanford Allen,Home Office,United States,Chicago,Illinois,90001,East,PROD-11717,Technology,Machines,Premium Machines v3,490.2,7,0.2,98.14
1719,CA-2024-101718,2024-08-10,2024-08-15,Standard Class,CG-10123,Julia Barnett,Consumer,United States,Seattle,Illinois,90001,West,PROD-11718,Technology,Machines,Premium Machines v4,982.11,7,0.0,334.38
1720,CA-2024-101719,2023-02-15,2023-02-18,Standard Class,CG-10107,Emily Burns,Corporate,United States,Los Angeles,Illinois,90001,South,PROD-11719,Office Supplies,Art,Premium Art v5,854.42,8,0.1,178.04
1721,CA-2024-101720,2024-11-02,2024-11-05,Same Day,CG-10089,Emily Burns,Consumer,United States,Chicago,New York,90001,West,PROD-11720,Office Supplies,Supplies,Premium Supplies v1,997.06,8,0.0,343.09
1722,CA-2024-101721,2024-04-07,2024-04-08,Standard Class,CG-10125,Claire Gute,Corporate,United States,Seattle,New York,90001,Central,PROD-11721,Office Supplies,Paper,Premium Paper v2,353.51,5,0.0,110.04
1723,CA-2024-101722,2024-08-14,2024-08-17,First Class,CG-10113,Emily Burns,Consumer,United States,Chicago,Texas,90001,West,PROD-11722,Furniture,Furnishings,Premium Furnishings v3,234.35,1,0.2,50.19
1724,CA-2024-101723,2023-11-06,2023-11-08,Standard Class,CG-10137,Emily Burns,Consumer,United States,Seattle,Washington,90001,West,PROD-11723,Office Supplies,Appliances,Premium Appliances v4,1166.71,4,0.2,164.34
1725,CA-2024-101724,2023-03-27,2023-03-28,Standard Class,CG-10107,Carol Adams,Consumer,United States,Chicago,New York,90001,Central,PROD-11724,Furniture,Bookcases,Premium Bookcases v5,865.03,4,0.0,266.83
1726,CA-2024-101725,2023-04-02,2023-04-04,Standard Class,CG-10087,Emily Burns,Corporate,United States,Miami,California,90001,South,PROD-11725,Technology,Machines,Premium Machines v1,1003.34,3,0.1,228.26
1727,CA-2024-101726,2024-10-21,2024-10-26,Standard Class,CG-10068,Emily Burns,Consumer,United States,Houston,Florida,90001,East,PROD-11726,Technology,Copiers,Premium Copiers v2,30.56,8,0.3,0.71
1728,CA-2024-101727,2024-11-03,2024-11-07,Standard Class,CG-10015,Sanford Allen,Home Office,United States,New York City,Texas,90001,West,PROD-11727,Office Supplies,Storage,Premium Storage v3,435.04,3,0.0,129.15
1729,CA-2024-101728,2023-08-30,2023-09-04,Second Class,CG-10065,Sanford Allen,Consumer,United States,Chicago,Washington,90001,South,PROD-11728,Technology,Copiers,Premium Copiers v4,895.24,5,0.0,288.76
1730,CA-2024-101729,2023-01-02,2023-01-06,Standard Class,CG-10054,Aaron Bergman,Home Office,United States,New York City,California,90001,East,PROD-11729,Technology,Machines,Premium Machines v5,107.41,2,0.2,59.29
1731,CA-2024-101730,2023-08-13,2023-08-18,First Class,CG-10093,Aaron Bergman,Corporate,United States,Chicago,Illinois,90001,Central,PROD-11730,Technology,Machines,Premium Machines v1,687.3,6,0.0,217.91
1732,CA-2024-101731,2024-08-11,2024-08-14,Standard Class,CG-10020,Emily Burns,Consumer,United States,San Francisco,New York,90001,South,PROD-11731,Technology,Accessories,Premium Accessories v2,523.45,6,0.5,-59.06
1733,CA-2024-101732,2023-04-26,2023-04-28,Standard Class,CG-10033,Emily Burns,Consumer,United States,Los Angeles,California,90001,South,PROD-11732,Furniture,Furnishings,Premium Furnishings v3,35.88,8,0.2,47.59
1734,CA-2024-101733,2024-10-27,2024-10-31,Second Class,CG-10100,Claire Gute,Corporate,United States,Houston,Washington,90001,West,PROD-11733,Furniture,Tables,Premium Tables v4,294.63,8,0.1,56.69
1735,CA-2024-101734,2023-04-13,2023-04-14,Standard Class,CG-10077,Aaron Bergman,Corporate,United States,San Francisco,Texas,90001,Central,PROD-11734,Office Supplies,Storage,Premium Storage v5,352.48,1,0.1,78.62
1736,CA-2024-101735,2023-07-13,2023-07-15,Second Class,CG-10135,Carol Adams,Corporate,United States,Miami,California,90001,West,PROD-11735,Office Supplies,Paper,Premium Paper v1,147.55,5,0.1,54.54
1737,CA-2024-101736,2023-06-15,2023-06-16,Same Day,CG-10136,Emily Burns,Consumer,United States,Houston,Texas,90001,Central,PROD-11736,Office Supplies,Supplies,Premium Supplies v2,763.37,2,0.0,245.27
1738,CA-2024-101737,2023-03-31,2023-04-02,Second Class,CG-10107,Carol Adams,Consumer,United States,New York City,Illinois,90001,East,PROD-11737,Technology,Accessories,Premium Accessories v3,302.24,5,0.5,-73.73
1739,CA-2024-101738,2024-11-16,2024-11-18,Standard Class,CG-10120,Emily Burns,Home Office,United States,Los Angeles,Washington,90001,West,PROD-11738,Technology,Accessories,Premium Accessories v4,343.98,9,0.2,83.96
1740,CA-2024-101739,2023-05-02,2023-05-07,Standard Class,CG-10074,Carol Adams,Consumer,United States,Seattle,Washington,90001,Central,PROD-11739,Furniture,Chairs,Premium Chairs v5,1079.41,4,0.0,356.51
1741,CA-2024-101740,2023-05-23,2023-05-27,Second Class,CG-10011,Julia Barnett,Consumer,United States,San Francisco,New York,90001,Central,PROD-11740,Furniture,Tables,Premium Tables v1,568.54,8,0.1,124.35
1742,CA-2024-101741,2023-04-16,2023-04-20,First Class,CG-10031,Carol Adams,Consumer,United States,Houston,Florida,90001,South,PROD-11741,Office Supplies,Paper,Premium Paper v2,479.67,1,0.0,167.17
1743,CA-2024-101742,2024-03-03,2024-03-05,Standard Class,CG-10012,Aaron Bergman,Corporate,United States,Miami,Washington,90001,West,PROD-11742,Furniture,Tables,Premium Tables v3,872.79,8,0.0,247.97
1744,CA-2024-101743,2023-11-01,2023-11-04,Standard Class,CG-10124,Emily Burns,Corporate,United States,San Francisco,California,90001,West,PROD-11743,Furniture,Bookcases,Premium Bookcases v4,1092.89,6,0.2,123.96
1745,CA-2024-101744,2023-11-13,2023-11-16,Standard Class,CG-10078,Aaron Bergman,Consumer,United States,Los Angeles,California,90001,East,PROD-11744,Furniture,Bookcases,Premium Bookcases v5,44.67,8,0.2,49.63
1746,CA-2024-101745,2024-09-26,2024-09-27,Standard Class,CG-10096,Carol Adams,Consumer,United States,Los Angeles,California,90001,Central,PROD-11745,Furniture,Tables,Premium Tables v1,546.16,6,0.1,151.99
1747,CA-2024-101746,2023-01-09,2023-01-10,Standard Class,CG-10050,Sanford Allen,Consumer,United States,New York City,Illinois,90001,South,PROD-11746,Furniture,Furnishings,Premium Furnishings v2,738.78,3,0.0,225.25
1748,CA-2024-101747,2023-03-14,2023-03-19,Standard Class,CG-10117,Sanford Allen,Consumer,United States,Miami,Washington,90001,Central,PROD-11747,Office Supplies,Supplies,Premium Supplies v3,392.5,8,0.2,56.45
1749,CA-2024-101748,2023-12-25,2023-12-27,First Class,CG-10017,Sanford Allen,Consumer,United States,Los Angeles,Washington,90001,Central,PROD-11748,Office Supplies,Storage,Premium Storage v4,930.3,5,0.0,307.91
1750,CA-2024-101749,2023-08-11,2023-08-12,First Class,CG-10129,Emily Burns,Home Office,United States,Los Angeles,California,90001,Central,PROD-11749,Furniture,Chairs,Premium Chairs v5,1166.2,5,0.2,120.42
1751,CA-2024-101750,2024-02-20,2024-02-21,Second Class,CG-10064,Claire Gute,Consumer,United States,Seattle,New York,90001,West,PROD-11750,Office Supplies,Art,Premium Art v1,1132.96,7,0.1,211.13
1752,CA-2024-101751,2024-07-06,2024-07-08,Standard Class,CG-10132,Julia Barnett,Consumer,United States,New York City,New York,90001,Central,PROD-11751,Technology,Accessories,Premium Accessories v2,330.19,6,0.2,48.4
1753,CA-2024-101752,2024-01-05,2024-01-10,Standard Class,CG-10087,Carol Adams,Home Office,United States,New York City,Washington,90001,East,PROD-11752,Furniture,Furnishings,Premium Furnishings v3,283.21,9,0.3,22.11
1754,CA-2024-101753,2023-09-21,2023-09-22,Same Day,CG-10016,Claire Gute,Consumer,United States,Miami,Washington,90001,South,PROD-11753,Technology,Phones,Premium Phones v4,1149.63,7,0.3,-19.59
1755,CA-2024-101754,2024-11-20,2024-11-25,Same Day,CG-10063,Sanford Allen,Corporate,United States,Los Angeles,Texas,90001,South,PROD-11754,Office Supplies,Art,Premium Art v5,558.47,3,0.5,-125.0
1756,CA-2024-101755,2023-11-14,2023-11-18,First Class,CG-10076,Carol Adams,Consumer,United States,Seattle,Washington,90001,Central,PROD-11755,Office Supplies,Appliances,Premium Appliances v1,261.83,5,0.5,-57.86
1757,CA-2024-101756,2023-03-25,2023-03-30,Second Class,CG-10085,Claire Gute,Consumer,United States,Chicago,California,90001,South,PROD-11756,Technology,Copiers,Premium Copiers v2,852.79,9,0.2,89.64
1758,CA-2024-101757,2023-11-14,2023-11-17,Standard Class,CG-10109,Aaron Bergman,Home Office,United States,Houston,Florida,90001,Central,PROD-11757,Office Supplies,Binders,Premium Binders v3,352.04,2,0.5,-52.53
1759,CA-2024-101758,2023-04-21,2023-04-24,First Class,CG-10017,Sanford Allen,Corporate,United States,San Francisco,Illinois,90001,West,PROD-11758,Furniture,Furnishings,Premium Furnishings v4,331.69,1,0.3,0.57
1760,CA-2024-101759,2023-09-08,2023-09-13,Standard Class,CG-10141,Claire Gute,Consumer,United States,New York City,Washington,90001,South,PROD-11759,Technology,Machines,Premium Machines v5,1056.91,8,0.2,105.02
1761,CA-2024-101760,2024-01-18,2024-01-21,Standard Class,CG-10058,Emily Burns,Corporate,United States,Seattle,Washington,90001,West,PROD-11760,Furniture,Bookcases,Premium Bookcases v1,207.54,8,0.0,103.12
1762,CA-2024-101761,2023-01-07,2023-01-11,Second Class,CG-10079,Aaron Bergman,Home Office,United States,Miami,California,90001,West,PROD-11761,Technology,Accessories,Premium Accessories v2,91.31,2,0.0,17.55
1763,CA-2024-101762,2024-04-03,2024-04-05,Standard Class,CG-10061,Sanford Allen,Consumer,United States,Seattle,Texas,90001,East,PROD-11762,Office Supplies,Paper,Premium Paper v3,333.99,8,0.3,14.68
1764,CA-2024-101763,2023-03-25,2023-03-28,Standard Class,CG-10113,Julia Barnett,Corporate,United States,Los Angeles,Florida,90001,East,PROD-11763,Technology,Accessories,Premium Accessories v4,734.23,5,0.1,193.54
1765,CA-2024-101764,2023-07-27,2023-07-30,Standard Class,CG-10121,Sanford Allen,Home Office,United States,Houston,Washington,90001,South,PROD-11764,Technology,Machines,Premium Machines v5,160.86,2,0.3,23.75
1766,CA-2024-101765,2024-01-25,2024-01-30,Standard Class,CG-10034,Emily Burns,Consumer,United States,New York City,New York,90001,Central,PROD-11765,Furniture,Tables,Premium Tables v1,573.84,7,0.0,202.36
1767,CA-2024-101766,2023-11-10,2023-11-14,First Class,CG-10070,Julia Barnett,Corporate,United States,Chicago,New York,90001,Central,PROD-11766,Office Supplies,Paper,Premium Paper v2,758.39,7,0.0,237.7
1768,CA-2024-101767,2023-01-22,2023-01-24,Standard Class,CG-10017,Julia Barnett,Corporate,United States,Los Angeles,New York,90001,Central,PROD-11767,Furniture,Bookcases,Premium Bookcases v3,1020.75,3,0.2,83.47
1769,CA-2024-101768,2024-02-14,2024-02-19,Standard Class,CG-10020,Julia Barnett,Corporate,United States,New York City,Illinois,90001,Central,PROD-11768,Office Supplies,Binders,Premium Binders v4,287.4,1,0.5,-32.25
1770,CA-2024-101769,2024-05-29,2024-06-03,Standard Class,CG-10059,Carol Adams,Consumer,United States,San Francisco,Illinois,90001,East,PROD-11769,Furniture,Chairs,Premium Chairs v5,983.56,4,0.0,319.3
1771,CA-2024-101770,2023-05-07,2023-05-11,Standard Class,CG-10069,Carol Adams,Consumer,United States,Miami,Florida,90001,Central,PROD-11770,Technology,Machines,Premium Machines v1,293.36,2,0.3,-12.27
1772,CA-2024-101771,2024-11-30,2024-12-02,Standard Class,CG-10102,Julia Barnett,Corporate,United States,New York City,Washington,90001,Central,PROD-11771,Furniture,Furnishings,Premium Furnishings v2,816.97,4,0.2,94.05
1773,CA-2024-101772,2023-01-14,2023-01-18,Second Class,CG-10120,Aaron Bergman,Consumer,United States,Seattle,Washington,90001,West,PROD-11772,Office Supplies,Storage,Premium Storage v3,525.35,8,0.0,201.68
1774,CA-2024-101773,2023-01-12,2023-01-14,Standard Class,CG-10145,Julia Barnett,Consumer,United States,San Francisco,Washington,90001,Central,PROD-11773,Office Supplies,Paper,Premium Paper v4,150.9,2,0.0,39.63
1775,CA-2024-101774,2023-03-28,2023-04-01,Second Class,CG-10057,Claire Gute,Consumer,United States,Houston,Illinois,90001,Central,PROD-11774,Technology,Phones,Premium Phones v5,861.4,1,0.0,270.7
1776,CA-2024-101775,2024-06-07,2024-06-12,Same Day,CG-10083,Julia Barnett,Consumer,United States,Chicago,Florida,90001,East,PROD-11775,Office Supplies,Appliances,Premium Appliances v1,273.05,3,0.0,94.19
1777,CA-2024-101776,2024-06-20,2024-06-25,Second Class,CG-10129,Carol Adams,Home Office,United States,Houston,Washington,90001,South,PROD-11776,Furniture,Bookcases,Premium Bookcases v2,224.3,7,0.1,81.61
1778,CA-2024-101777,2023-10-28,2023-10-29,Standard Class,CG-10013,Carol Adams,Consumer,United States,Seattle,California,90001,West,PROD-11777,Technology,Accessories,Premium Accessories v3,439.61,6,0.0,169.6
1779,CA-2024-101778,2023-08-31,2023-09-03,Standard Class,CG-10006,Claire Gute,Home Office,United States,Chicago,Texas,90001,West,PROD-11778,Office Supplies,Storage,Premium Storage v4,789.15,6,0.0,269.89
1780,CA-2024-101779,2023-05-02,2023-05-06,First Class,CG-10097,Claire Gute,Consumer,United States,Chicago,New York,90001,South,PROD-11779,Office Supplies,Appliances,Premium Appliances v5,292.29,7,0.3,5.58
1781,CA-2024-101780,2023-05-27,2023-05-28,Standard Class,CG-10094,Sanford Allen,Corporate,United States,Los Angeles,New York,90001,West,PROD-11780,Furniture,Chairs,Premium Chairs v1,232.64,8,0.1,31.57
1782,CA-2024-101781,2024-07-20,2024-07-23,First Class,CG-10110,Aaron Bergman,Consumer,United States,Chicago,California,90001,Central,PROD-11781,Furniture,Furnishings,Premium Furnishings v2,26.8,3,0.2,7.14
1783,CA-2024-101782,2023-12-22,2023-12-26,First Class,CG-10138,Aaron Bergman,Corporate,United States,New York City,Washington,90001,Central,PROD-11782,Technology,Machines,Premium Machines v3,573.9,3,0.0,199.76
1784,CA-2024-101783,2024-11-15,2024-11-17,First Class,CG-10051,Aaron Bergman,Corporate,United States,Houston,Florida,90001,South,PROD-11783,Office Supplies,Binders,Premium Binders v4,522.94,8,0.3,29.19
1785,CA-2024-101784,2024-09-22,2024-09-25,First Class,CG-10147,Emily Burns,Consumer,United States,Miami,Florida,90001,East,PROD-11784,Furniture,Tables,Premium Tables v5,292.13,7,0.3,47.55
1786,CA-2024-101785,2023-11-05,2023-11-10,Standard Class,CG-10051,Carol Adams,Home Office,United States,Miami,Illinois,90001,East,PROD-11785,Technology,Copiers,Premium Copiers v1,78.58,5,0.1,27.47
1787,CA-2024-101786,2024-11-25,2024-11-26,Standard Class,CG-10087,Aaron Bergman,Consumer,United States,Houston,Washington,90001,West,PROD-11786,Office Supplies,Paper,Premium Paper v2,523.67,4,0.5,-80.46
1788,CA-2024-101787,2023-10-15,2023-10-18,Same Day,CG-10068,Sanford Allen,Corporate,United States,Los Angeles,Florida,90001,East,PROD-11787,Office Supplies,Supplies,Premium Supplies v3,949.02,6,0.3,17.74
1789,CA-2024-101788,2023-11-03,2023-11-06,Standard Class,CG-10084,Sanford Allen,Home Office,United States,Chicago,Washington,90001,East,PROD-11788,Technology,Copiers,Premium Copiers v4,862.61,9,0.2,76.8
1790,CA-2024-101789,2024-08-16,2024-08-21,Standard Class,CG-10042,Aaron Bergman,Home Office,United States,Seattle,New York,90001,East,PROD-11789,Technology,Phones,Premium Phones v5,1035.04,6,0.2,115.79
1791,CA-2024-101790,2024-10-23,2024-10-27,Second Class,CG-10057,Claire Gute,Home Office,United States,San Francisco,New York,90001,East,PROD-11790,Furniture,Chairs,Premium Chairs v1,26.36,8,0.0,26.05
1792,CA-2024-101791,2024-07-02,2024-07-04,Standard Class,CG-10062,Sanford Allen,Consumer,United States,San Francisco,Illinois,90001,East,PROD-11791,Office Supplies,Binders,Premium Binders v2,1160.21,1,0.0,394.62
1793,CA-2024-101792,2023-12-18,2023-12-23,First Class,CG-10007,Claire Gute,Consumer,United States,New York City,New York,90001,East,PROD-11792,Office Supplies,Paper,Premium Paper v3,419.57,6,0.0,131.53
1794,CA-2024-101793,2023-11-08,2023-11-10,Second Class,CG-10112,Carol Adams,Consumer,United States,Los Angeles,Washington,90001,East,PROD-11793,Office Supplies,Art,Premium Art v4,1188.62,2,0.0,405.19
1795,CA-2024-101794,2023-02-28,2023-03-04,Standard Class,CG-10026,Emily Burns,Corporate,United States,San Francisco,California,90001,West,PROD-11794,Technology,Machines,Premium Machines v5,314.35,3,0.0,112.27
1796,CA-2024-101795,2024-10-04,2024-10-07,Same Day,CG-10019,Sanford Allen,Corporate,United States,Chicago,Illinois,90001,Central,PROD-11795,Furniture,Furnishings,Premium Furnishings v1,573.77,6,0.3,-3.03
1797,CA-2024-101796,2023-02-04,2023-02-06,First Class,CG-10009,Claire Gute,Consumer,United States,Miami,California,90001,East,PROD-11796,Office Supplies,Appliances,Premium Appliances v2,434.4,2,0.0,123.74
1798,CA-2024-101797,2024-03-20,2024-03-21,Second Class,CG-10061,Aaron Bergman,Corporate,United States,Seattle,Washington,90001,Central,PROD-11797,Technology,Accessories,Premium Accessories v3,436.58,4,0.5,-97.4
1799,CA-2024-101798,2023-04-03,2023-04-04,Standard Class,CG-10020,Carol Adams,Consumer,United States,Chicago,Illinois,90001,South,PROD-11798,Office Supplies,Art,Premium Art v4,1013.1,6,0.1,214.33
1800,CA-2024-101799,2023-07-26,2023-07-31,Standard Class,CG-10106,Julia Barnett,Consumer,United States,Los Angeles,California,90001,Central,PROD-11799,Furniture,Tables,Premium Tables v5,899.51,5,0.0,251.39
1801,CA-2024-101800,2023-12-19,2023-12-23,Second Class,CG-10050,Julia Barnett,Corporate,United States,Seattle,Illinois,90001,South,PROD-11800,Office Supplies,Supplies,Premium Supplies v1,1190.7,6,0.1,249.29
1802,CA-2024-101801,2023-11-28,2023-12-03,Standard Class,CG-10081,Aaron Bergman,Consumer,United States,San Francisco,Washington,90001,West,PROD-11801,Furniture,Furnishings,Premium Furnishings v2,742.01,6,0.0,271.79
1803,CA-2024-101802,2023-06-08,2023-06-13,Standard Class,CG-10141,Carol Adams,Home Office,United States,Seattle,Florida,90001,Central,PROD-11802,Furniture,Chairs,Premium Chairs v3,563.96,8,0.5,-85.88
1804,CA-2024-101803,2023-01-24,2023-01-29,Second Class,CG-10140,Carol Adams,Consumer,United States,Seattle,Illinois,90001,South,PROD-11803,Office Supplies,Art,Premium Art v4,121.74,9,0.3,33.19
1805,CA-2024-101804,2024-02-08,2024-02-09,Standard Class,CG-10010,Carol Adams,Corporate,United States,Seattle,Florida,90001,Central,PROD-11804,Office Supplies,Paper,Premium Paper v5,1195.93,5,0.0,347.11
1806,CA-2024-101805,2024-05-30,2024-05-31,Standard Class,CG-10065,Carol Adams,Consumer,United States,San Francisco,Washington,90001,West,PROD-11805,Furniture,Chairs,Premium Chairs v1,668.56,6,0.5,-120.59
1807,CA-2024-101806,2023-12-30,2024-01-04,Standard Class,CG-10008,Julia Barnett,Consumer,United States,Chicago,Illinois,90001,Central,PROD-11806,Technology,Phones,Premium Phones v2,845.07,6,0.2,84.54
1808,CA-2024-101807,2024-01-17,2024-01-18,Standard Class,CG-10149,Claire Gute,Corporate,United States,Seattle,Illinois,90001,South,PROD-11807,Furniture,Chairs,Premium Chairs v3,496.99,6,0.0,191.68
1809,CA-2024-101808,2024-06-15,2024-06-19,Second Class,CG-10022,Carol Adams,Home Office,United States,Chicago,Florida,90001,East,PROD-11808,Office Supplies,Binders,Premium Binders v4,664.04,2,0.2,59.09
1810,CA-2024-101809,2023-06-01,2023-06-06,Standard Class,CG-10018,Claire Gute,Consumer,United States,Seattle,New York,90001,East,PROD-11809,Office Supplies,Appliances,Premium Appliances v5,1131.95,4,0.2,125.31
1811,CA-2024-101810,2024-07-15,2024-07-16,Standard Class,CG-10009,Carol Adams,Consumer,United States,Seattle,Florida,90001,East,PROD-11810,Technology,Machines,Premium Machines v1,212.21,1,0.0,84.83
1812,CA-2024-101811,2024-11-19,2024-11-21,Second Class,CG-10054,Sanford Allen,Corporate,United States,Los Angeles,Florida,90001,West,PROD-11811,Furniture,Bookcases,Premium Bookcases v2,361.46,1,0.2,52.13
1813,CA-2024-101812,2024-08-30,2024-09-04,Same Day,CG-10026,Emily Burns,Consumer,United States,Chicago,Florida,90001,East,PROD-11812,Furniture,Chairs,Premium Chairs v3,195.19,1,0.0,96.67
1814,CA-2024-101813,2024-09-08,2024-09-13,Second Class,CG-10094,Sanford Allen,Home Office,United States,Miami,Washington,90001,West,PROD-11813,Furniture,Tables,Premium Tables v4,953.78,7,0.1,186.96
1815,CA-2024-101814,2024-02-24,2024-02-28,Standard Class,CG-10100,Emily Burns,Corporate,United States,Chicago,Texas,90001,East,PROD-11814,Office Supplies,Binders,Premium Binders v5,88.52,1,0.0,32.97
1816,CA-2024-101815,2023-09-07,2023-09-10,Standard Class,CG-10026,Sanford Allen,Consumer,United States,Houston,Florida,90001,West,PROD-11815,Furniture,Furnishings,Premium Furnishings v1,111.73,6,0.5,13.1
1817,CA-2024-101816,2023-04-27,2023-04-30,First Class,CG-10034,Carol Adams,Consumer,United States,San Francisco,Illinois,90001,West,PROD-11816,Technology,Copiers,Premium Copiers v2,368.72,2,0.2,53.84
1818,CA-2024-101817,2024-05-26,2024-05-30,Standard Class,CG-10008,Claire Gute,Corporate,United States,Miami,California,90001,Central,PROD-11817,Office Supplies,Storage,Premium Storage v3,624.31,6,0.0,195.44
1819,CA-2024-101818,2024-07-31,2024-08-04,Second Class,CG-10138,Emily Burns,Consumer,United States,Los Angeles,New York,90001,East,PROD-11818,Office Supplies,Supplies,Premium Supplies v4,496.44,6,0.0,130.99
1820,CA-2024-101819,2023-12-01,2023-12-05,Standard Class,CG-10048,Julia Barnett,Corporate,United States,Chicago,Florida,90001,Central,PROD-11819,Furniture,Tables,Premium Tables v5,68.11,3,0.0,53.17
1821,CA-2024-101820,2024-02-22,2024-02-25,Standard Class,CG-10107,Aaron Bergman,Consumer,United States,Los Angeles,Florida,90001,South,PROD-11820,Technology,Copiers,Premium Copiers v1,1149.63,8,0.2,163.02
1822,CA-2024-101821,2023-10-22,2023-10-26,First Class,CG-10054,Emily Burns,Corporate,United States,Miami,New York,90001,East,PROD-11821,Office Supplies,Paper,Premium Paper v2,1144.15,4,0.0,366.67
1823,CA-2024-101822,2024-01-06,2024-01-07,Second Class,CG-10119,Emily Burns,Consumer,United States,Los Angeles,Florida,90001,East,PROD-11822,Office Supplies,Paper,Premium Paper v3,346.04,7,0.3,39.96
1824,CA-2024-101823,2023-07-05,2023-07-10,Second Class,CG-10143,Julia Barnett,Home Office,United States,Los Angeles,Illinois,90001,East,PROD-11823,Furniture,Tables,Premium Tables v4,881.86,4,0.5,-160.19
1825,CA-2024-101824,2023-09-03,2023-09-08,Standard Class,CG-10081,Carol Adams,Consumer,United States,New York City,Texas,90001,East,PROD-11824,Furniture,Bookcases,Premium Bookcases v5,700.61,1,0.2,66.28
1826,CA-2024-101825,2024-09-28,2024-09-30,Standard Class,CG-10146,Sanford Allen,Consumer,United States,Chicago,Florida,90001,Central,PROD-11825,Technology,Phones,Premium Phones v1,296.41,6,0.0,69.93
1827,CA-2024-101826,2023-09-25,2023-09-27,Standard Class,CG-10096,Sanford Allen,Home Office,United States,Los Angeles,New York,90001,Central,PROD-11826,Furniture,Tables,Premium Tables v2,325.67,5,0.0,123.44
1828,CA-2024-101827,2024-10-04,2024-10-09,Standard Class,CG-10102,Claire Gute,Consumer,United States,New York City,Florida,90001,West,PROD-11827,Technology,Copiers,Premium Copiers v3,597.02,9,0.1,133.92
1829,CA-2024-101828,2023-08-25,2023-08-26,Standard Class,CG-10062,Carol Adams,Consumer,United States,New York City,Washington,90001,Central,PROD-11828,Office Supplies,Binders,Premium Binders v4,511.8,9,0.2,85.93
1830,CA-2024-101829,2024-06-13,2024-06-16,Standard Class,CG-10046,Julia Barnett,Consumer,United States,Seattle,Illinois,90001,West,PROD-11829,Technology,Copiers,Premium Copiers v5,360.11,8,0.2,64.64
1831,CA-2024-101830,2024-07-05,2024-07-08,Standard Class,CG-10087,Carol Adams,Consumer,United States,Seattle,Illinois,90001,South,PROD-11830,Technology,Copiers,Premium Copiers v1,971.9,7,0.1,243.54
1832,CA-2024-101831,2023-01-21,2023-01-22,Same Day,CG-10099,Carol Adams,Home Office,United States,San Francisco,Texas,90001,Central,PROD-11831,Technology,Machines,Premium Machines v2,585.53,2,0.0,191.38
1833,CA-2024-101832,2024-06-03,2024-06-06,Second Class,CG-10039,Sanford Allen,Corporate,United States,Miami,Washington,90001,West,PROD-11832,Office Supplies,Paper,Premium Paper v3,790.99,8,0.3,9.9
1834,CA-2024-101833,2023-04-10,2023-04-14,First Class,CG-10143,Julia Barnett,Consumer,United States,Chicago,Washington,90001,East,PROD-11833,Furniture,Bookcases,Premium Bookcases v4,239.29,3,0.0,71.86
1835,CA-2024-101834,2024-04-22,2024-04-27,Standard Class,CG-10053,Aaron Bergman,Corporate,United States,Seattle,Texas,90001,South,PROD-11834,Office Supplies,Supplies,Premium Supplies v5,647.21,6,0.1,142.82
1836,CA-2024-101835,2024-08-21,2024-08-26,Same Day,CG-10080,Emily Burns,Corporate,United States,Miami,California,90001,West,PROD-11835,Furniture,Furnishings,Premium Furnishings v1,391.8,7,0.2,80.28
1837,CA-2024-101836,2023-10-25,2023-10-26,Standard Class,CG-10016,Sanford Allen,Home Office,United States,Chicago,Florida,90001,South,PROD-11836,Technology,Phones,Premium Phones v2,638.8,6,0.0,174.61
1838,CA-2024-101837,2024-06-09,2024-06-12,Standard Class,CG-10104,Julia Barnett,Consumer,United States,Miami,Washington,90001,East,PROD-11837,Technology,Machines,Premium Machines v3,940.28,5,0.2,142.48
1839,CA-2024-101838,2023-11-30,2023-12-02,First Class,CG-10070,Claire Gute,Corporate,United States,San Francisco,California,90001,East,PROD-11838,Technology,Phones,Premium Phones v4,926.16,4,0.3,49.53
1840,CA-2024-101839,2023-01-02,2023-01-04,Standard Class,CG-10141,Emily Burns,Corporate,United States,San Francisco,California,90001,West,PROD-11839,Technology,Accessories,Premium Accessories v5,434.75,2,0.2,65.32
1841,CA-2024-101840,2024-01-10,2024-01-13,Standard Class,CG-10108,Emily Burns,Consumer,United States,New York City,Illinois,90001,West,PROD-11840,Technology,Accessories,Premium Accessories v1,837.72,9,0.0,254.52
1842,CA-2024-101841,2023-10-20,2023-10-22,Standard Class,CG-10047,Sanford Allen,Consumer,United States,New York City,Florida,90001,East,PROD-11841,Furniture,Furnishings,Premium Furnishings v2,1130.43,7,0.0,334.74
1843,CA-2024-101842,2024-07-06,2024-07-07,Standard Class,CG-10009,Claire Gute,Consumer,United States,Chicago,Illinois,90001,West,PROD-11842,Furniture,Bookcases,Premium Bookcases v3,756.42,7,0.0,226.28
1844,CA-2024-101843,2023-11-14,2023-11-15,Second Class,CG-10034,Sanford Allen,Corporate,United States,Miami,New York,90001,East,PROD-11843,Technology,Machines,Premium Machines v4,190.87,4,0.0,40.77
1845,CA-2024-101844,2024-05-16,2024-05-19,Second Class,CG-10086,Carol Adams,Consumer,United States,Miami,Illinois,90001,Central,PROD-11844,Office Supplies,Paper,Premium Paper v5,820.45,5,0.5,-150.83
1846,CA-2024-101845,2024-01-16,2024-01-18,Second Class,CG-10115,Julia Barnett,Home Office,United States,Seattle,Washington,90001,West,PROD-11845,Office Supplies,Art,Premium Art v1,139.31,6,0.2,-2.06
1847,CA-2024-101846,2024-09-14,2024-09-15,Standard Class,CG-10064,Claire Gute,Consumer,United States,Seattle,Washington,90001,South,PROD-11846,Technology,Accessories,Premium Accessories v2,1048.45,2,0.0,344.83
1848,CA-2024-101847,2023-01-14,2023-01-15,Second Class,CG-10034,Emily Burns,Corporate,United States,Chicago,Florida,90001,East,PROD-11847,Furniture,Tables,Premium Tables v3,627.24,4,0.5,-119.41
1849,CA-2024-101848,2024-05-18,2024-05-22,Standard Class,CG-10012,Sanford Allen,Home Office,United States,Houston,California,90001,Central,PROD-11848,Office Supplies,Art,Premium Art v4,471.39,4,0.2,41.09
1850,CA-2024-101849,2023-08-19,2023-08-23,Standard Class,CG-10097,Emily Burns,Corporate,United States,Seattle,Washington,90001,West,PROD-11849,Office Supplies,Art,Premium Art v5,82.55,4,0.0,42.9
1851,CA-2024-101850,2023-03-25,2023-03-26,Same Day,CG-10121,Claire Gute,Home Office,United States,Los Angeles,Illinois,90001,East,PROD-11850,Office Supplies,Supplies,Premium Supplies v1,466.23,7,0.0,188.03
1852,CA-2024-101851,2023-05-10,2023-05-13,Standard Class,CG-10141,Emily Burns,Home Office,United States,Seattle,Illinois,90001,Central,PROD-11851,Technology,Phones,Premium Phones v2,1085.3,7,0.0,354.25
1853,CA-2024-101852,2023-05-25,2023-05-30,Second Class,CG-10087,Sanford Allen,Consumer,United States,Houston,Florida,90001,West,PROD-11852,Office Supplies,Paper,Premium Paper v3,39.86,7,0.5,6.45
1854,CA-2024-101853,2023-01-28,2023-02-02,Standard Class,CG-10102,Sanford Allen,Corporate,United States,Miami,Illinois,90001,East,PROD-11853,Office Supplies,Art,Premium Art v4,577.46,7,0.1,149.88
1855,CA-2024-101854,2023-03-07,2023-03-08,Second Class,CG-10096,Aaron Bergman,Consumer,United States,New York City,Texas,90001,East,PROD-11854,Office Supplies,Art,Premium Art v5,1118.42,2,0.3,31.62
1856,CA-2024-101855,2023-06-12,2023-06-13,Second Class,CG-10114,Emily Burns,Corporate,United States,New York City,Florida,90001,East,PROD-11855,Office Supplies,Art,Premium Art v1,482.89,5,0.0,187.29
1857,CA-2024-101856,2023-08-17,2023-08-18,Standard Class,CG-10047,Aaron Bergman,Consumer,United States,Miami,Florida,90001,West,PROD-11856,Furniture,Furnishings,Premium Furnishings v2,522.39,2,0.3,-5.67
1858,CA-2024-101857,2023-09-18,2023-09-21,Standard Class,CG-10058,Aaron Bergman,Corporate,United States,New York City,Washington,90001,Central,PROD-11857,Technology,Copiers,Premium Copiers v3,700.59,5,0.0,250.3
1859,CA-2024-101858,2024-03-24,2024-03-28,Second Class,CG-10133,Emily Burns,Corporate,United States,Seattle,Florida,90001,East,PROD-11858,Technology,Phones,Premium Phones v4,563.58,6,0.5,-111.64
1860,CA-2024-101859,2024-02-28,2024-02-29,Standard Class,CG-10121,Claire Gute,Consumer,United States,San Francisco,New York,90001,Central,PROD-11859,Furniture,Chairs,Premium Chairs v5,214.79,3,0.5,2.91
1861,CA-2024-101860,2024-04-04,2024-04-05,Standard Class,CG-10118,Carol Adams,Consumer,United States,New York City,Washington,90001,Central,PROD-11860,Furniture,Bookcases,Premium Bookcases v1,36.99,6,0.0,10.77
1862,CA-2024-101861,2024-11-06,2024-11-08,Second Class,CG-10005,Sanford Allen,Home Office,United States,San Francisco,Washington,90001,South,PROD-11861,Technology,Phones,Premium Phones v2,737.63,5,0.2,118.64
1863,CA-2024-101862,2023-10-28,2023-10-31,Standard Class,CG-10096,Julia Barnett,Consumer,United States,Houston,Texas,90001,Central,PROD-11862,Office Supplies,Supplies,Premium Supplies v3,1106.16,4,0.2,158.08
1864,CA-2024-101863,2023-10-30,2023-10-31,First Class,CG-10021,Aaron Bergman,Consumer,United States,San Francisco,Washington,90001,Central,PROD-11863,Office Supplies,Appliances,Premium Appliances v4,141.04,9,0.5,-38.02
1865,CA-2024-101864,2023-10-14,2023-10-16,Standard Class,CG-10128,Claire Gute,Consumer,United States,Houston,California,90001,Central,PROD-11864,Technology,Machines,Premium Machines v5,264.98,8,0.0,127.71
1866,CA-2024-101865,2024-01-30,2024-02-04,Standard Class,CG-10124,Emily Burns,Home Office,United States,Seattle,Illinois,90001,Central,PROD-11865,Office Supplies,Binders,Premium Binders v1,453.72,7,0.1,76.74
1867,CA-2024-101866,2023-01-10,2023-01-11,Second Class,CG-10146,Claire Gute,Home Office,United States,Miami,Illinois,90001,Central,PROD-11866,Furniture,Tables,Premium Tables v2,973.36,1,0.3,-4.7
1868,CA-2024-101867,2024-09-21,2024-09-22,Standard Class,CG-10021,Claire Gute,Corporate,United States,Los Angeles,Florida,90001,West,PROD-11867,Office Supplies,Binders,Premium Binders v3,334.07,9,0.2,44.5
1869,CA-2024-101868,2023-09-27,2023-09-29,Standard Class,CG-10054,Emily Burns,Home Office,United States,Seattle,Texas,90001,South,PROD-11868,Office Supplies,Art,Premium Art v4,1060.23,9,0.0,367.62
1870,CA-2024-101869,2024-08-14,2024-08-17,Standard Class,CG-10138,Julia Barnett,Consumer,United States,New York City,Illinois,90001,East,PROD-11869,Office Supplies,Supplies,Premium Supplies v5,80.13,6,0.3,14.2
1871,CA-2024-101870,2024-08-27,2024-08-28,Standard Class,CG-10104,Emily Burns,Home Office,United States,Seattle,California,90001,South,PROD-11870,Technology,Copiers,Premium Copiers v1,1130.03,7,0.0,357.54
1872,CA-2024-101871,2023-12-27,2024-01-01,Standard Class,CG-10111,Julia Barnett,Consumer,United States,Houston,Texas,90001,South,PROD-11871,Furniture,Chairs,Premium Chairs v2,679.49,3,0.2,96.56
1873,CA-2024-101872,2023-09-14,2023-09-15,Standard Class,CG-10116,Emily Burns,Consumer,United States,Seattle,New York,90001,East,PROD-11872,Office Supplies,Storage,Premium Storage v3,795.65,5,0.0,286.48
1874,CA-2024-101873,2023-05-13,2023-05-18,Standard Class,CG-10057,Aaron Bergman,Consumer,United States,Seattle,Illinois,90001,Central,PROD-11873,Technology,Copiers,Premium Copiers v4,450.71,7,0.0,170.05
1875,CA-2024-101874,2023-10-03,2023-10-07,Standard Class,CG-10128,Julia Barnett,Corporate,United States,Los Angeles,Washington,90001,East,PROD-11874,Office Supplies,Binders,Premium Binders v5,941.66,1,0.1,184.02
1876,CA-2024-101875,2024-11-13,2024-11-17,Second Class,CG-10120,Aaron Bergman,Corporate,United States,Houston,California,90001,Central,PROD-11875,Furniture,Chairs,Premium Chairs v1,212.38,1,0.1,43.69
1877,CA-2024-101876,2024-05-27,2024-06-01,Second Class,CG-10070,Julia Barnett,Consumer,United States,Chicago,California,90001,East,PROD-11876,Office Supplies,Art,Premium Art v2,72.96,5,0.1,1.43
1878,CA-2024-101877,2023-11-09,2023-11-12,Standard Class,CG-10095,Julia Barnett,Home Office,United States,Chicago,Illinois,90001,West,PROD-11877,Furniture,Tables,Premium Tables v3,483.69,9,0.1,121.85
1879,CA-2024-101878,2024-07-29,2024-07-30,Second Class,CG-10099,Emily Burns,Consumer,United States,Houston,Florida,90001,South,PROD-11878,Office Supplies,Supplies,Premium Supplies v4,1026.63,7,0.0,300.64
1880,CA-2024-101879,2023-10-11,2023-10-12,First Class,CG-10042,Julia Barnett,Consumer,United States,Chicago,New York,90001,Central,PROD-11879,Furniture,Chairs,Premium Chairs v5,909.59,1,0.0,270.9
1881,CA-2024-101880,2023-05-01,2023-05-05,Standard Class,CG-10070,Aaron Bergman,Consumer,United States,New York City,Washington,90001,South,PROD-11880,Office Supplies,Art,Premium Art v1,627.83,5,0.2,104.95
1882,CA-2024-101881,2023-04-17,2023-04-22,Second Class,CG-10002,Emily Burns,Corporate,United States,Chicago,New York,90001,Central,PROD-11881,Furniture,Bookcases,Premium Bookcases v2,692.98,8,0.0,210.77
1883,CA-2024-101882,2024-11-17,2024-11-18,Standard Class,CG-10145,Sanford Allen,Home Office,United States,New York City,New York,90001,East,PROD-11882,Office Supplies,Art,Premium Art v3,168.92,8,0.1,53.45
1884,CA-2024-101883,2023-07-23,2023-07-24,First Class,CG-10109,Aaron Bergman,Consumer,United States,Houston,Illinois,90001,East,PROD-11883,Office Supplies,Binders,Premium Binders v4,1011.21,2,0.2,108.95
1885,CA-2024-101884,2023-06-14,2023-06-17,Standard Class,CG-10065,Sanford Allen,Corporate,United States,Chicago,Washington,90001,East,PROD-11884,Technology,Machines,Premium Machines v5,947.55,7,0.5,-204.33
1886,CA-2024-101885,2023-11-01,2023-11-03,Standard Class,CG-10070,Claire Gute,Consumer,United States,Chicago,Illinois,90001,West,PROD-11885,Technology,Copiers,Premium Copiers v1,792.92,5,0.2,84.69
1887,CA-2024-101886,2024-05-11,2024-05-15,Second Class,CG-10069,Emily Burns,Corporate,United States,Miami,Illinois,90001,East,PROD-11886,Furniture,Chairs,Premium Chairs v2,567.44,9,0.0,178.8
1888,CA-2024-101887,2024-09-23,2024-09-27,Standard Class,CG-10121,Claire Gute,Home Office,United States,San Francisco,Florida,90001,East,PROD-11887,Office Supplies,Art,Premium Art v3,1157.88,3,0.3,42.7
1889,CA-2024-101888,2024-07-09,2024-07-11,Standard Class,CG-10109,Emily Burns,Consumer,United States,New York City,California,90001,West,PROD-11888,Furniture,Furnishings,Premium Furnishings v4,1056.65,1,0.5,-208.62
1890,CA-2024-101889,2023-06-05,2023-06-06,Standard Class,CG-10060,Emily Burns,Home Office,United States,New York City,Florida,90001,South,PROD-11889,Technology,Machines,Premium Machines v5,778.65,4,0.1,162.28
1891,CA-2024-101890,2024-01-02,2024-01-05,Standard Class,CG-10093,Aaron Bergman,Corporate,United States,Seattle,Florida,90001,South,PROD-11890,Furniture,Bookcases,Premium Bookcases v1,455.58,7,0.5,-56.31
1892,CA-2024-101891,2024-09-11,2024-09-14,Second Class,CG-10012,Sanford Allen,Consumer,United States,Los Angeles,Illinois,90001,Central,PROD-11891,Furniture,Tables,Premium Tables v2,747.36,1,0.1,182.6
1893,CA-2024-101892,2023-09-08,2023-09-12,First Class,CG-10103,Emily Burns,Home Office,United States,Chicago,Florida,90001,South,PROD-11892,Technology,Accessories,Premium Accessories v3,696.9,2,0.1,175.26
1894,CA-2024-101893,2023-11-30,2023-12-03,Standard Class,CG-10112,Sanford Allen,Consumer,United States,Miami,Florida,90001,Central,PROD-11893,Office Supplies,Appliances,Premium Appliances v4,482.18,5,0.0,191.42
1895,CA-2024-101894,2024-10-03,2024-10-05,Standard Class,CG-10065,Emily Burns,Consumer,United States,Los Angeles,Texas,90001,Central,PROD-11894,Furniture,Furnishings,Premium Furnishings v5,378.41,9,0.2,73.53
1896,CA-2024-101895,2024-05-25,2024-05-26,Second Class,CG-10048,Sanford Allen,Consumer,United States,San Francisco,Washington,90001,South,PROD-11895,Technology,Accessories,Premium Accessories v1,497.31,1,0.0,157.73
1897,CA-2024-101896,2023-10-20,2023-10-22,Standard Class,CG-10088,Claire Gute,Consumer,United States,San Francisco,California,90001,South,PROD-11896,Office Supplies,Art,Premium Art v2,695.09,4,0.0,246.03
1898,CA-2024-101897,2023-01-20,2023-01-25,Second Class,CG-10062,Aaron Bergman,Home Office,United States,Miami,Washington,90001,West,PROD-11897,Technology,Phones,Premium Phones v3,522.34,3,0.0,172.31
1899,CA-2024-101898,2023-10-09,2023-10-13,Standard Class,CG-10044,Emily Burns,Corporate,United States,Los Angeles,California,90001,Central,PROD-11898,Furniture,Chairs,Premium Chairs v4,327.34,5,0.0,97.64
1900,CA-2024-101899,2023-01-01,2023-01-04,Standard Class,CG-10147,Carol Adams,Home Office,United States,Chicago,Texas,90001,South,PROD-11899,Office Supplies,Appliances,Premium Appliances v5,916.74,5,0.0,276.23
1901,CA-2024-101900,2023-04-29,2023-05-04,Standard Class,CG-10136,Sanford Allen,Consumer,United States,San Francisco,Illinois,90001,South,PROD-11900,Office Supplies,Paper,Premium Paper v1,644.79,2,0.1,124.63
1902,CA-2024-101901,2023-02-04,2023-02-07,Standard Class,CG-10055,Sanford Allen,Consumer,United States,Miami,California,90001,West,PROD-11901,Technology,Copiers,Premium Copiers v2,95.2,5,0.0,18.71
1903,CA-2024-101902,2023-07-17,2023-07-18,Standard Class,CG-10108,Carol Adams,Consumer,United States,New York City,California,90001,South,PROD-11902,Technology,Machines,Premium Machines v3,451.46,9,0.5,-97.38
1904,CA-2024-101903,2024-04-29,2024-04-30,Standard Class,CG-10047,Aaron Bergman,Corporate,United States,Seattle,California,90001,East,PROD-11903,Technology,Accessories,Premium Accessories v4,1063.62,5,0.0,303.51
1905,CA-2024-101904,2023-02-28,2023-03-01,Standard Class,CG-10002,Sanford Allen,Home Office,United States,Miami,Texas,90001,East,PROD-11904,Office Supplies,Art,Premium Art v5,909.96,2,0.1,224.18
1906,CA-2024-101905,2023-06-10,2023-06-13,Standard Class,CG-10113,Aaron Bergman,Corporate,United States,Houston,Washington,90001,Central,PROD-11905,Office Supplies,Appliances,Premium Appliances v1,398.05,7,0.0,164.59
1907,CA-2024-101906,2024-11-21,2024-11-26,Standard Class,CG-10011,Sanford Allen,Consumer,United States,San Francisco,Texas,90001,West,PROD-11906,Furniture,Furnishings,Premium Furnishings v2,1126.75,6,0.0,359.1
1908,CA-2024-101907,2023-07-25,2023-07-26,Standard Class,CG-10138,Julia Barnett,Home Office,United States,San Francisco,California,90001,South,PROD-11907,Office Supplies,Storage,Premium Storage v3,105.77,7,0.0,70.57
1909,CA-2024-101908,2023-01-12,2023-01-17,Standard Class,CG-10112,Sanford Allen,Corporate,United States,Chicago,Florida,90001,Central,PROD-11908,Furniture,Furnishings,Premium Furnishings v4,1154.06,8,0.1,223.66
1910,CA-2024-101909,2024-05-04,2024-05-07,Standard Class,CG-10090,Julia Barnett,Consumer,United States,Chicago,California,90001,South,PROD-11909,Technology,Accessories,Premium Accessories v5,306.16,5,0.2,73.73
1911,CA-2024-101910,2023-10-03,2023-10-08,Standard Class,CG-10055,Emily Burns,Home Office,United States,Houston,Florida,90001,East,PROD-11910,Technology,Phones,Premium Phones v1,25.78,2,0.0,23.18
1912,CA-2024-101911,2024-11-23,2024-11-26,Second Class,CG-10148,Aaron Bergman,Consumer,United States,San Francisco,Illinois,90001,South,PROD-11911,Office Supplies,Supplies,Premium Supplies v2,529.06,7,0.0,143.42
1913,CA-2024-101912,2023-08-30,2023-09-02,First Class,CG-10017,Sanford Allen,Consumer,United States,Los Angeles,Texas,90001,South,PROD-11912,Technology,Phones,Premium Phones v3,440.38,7,0.0,122.01
1914,CA-2024-101913,2023-08-04,2023-08-08,Standard Class,CG-10068,Claire Gute,Consumer,United States,Seattle,Florida,90001,South,PROD-11913,Technology,Phones,Premium Phones v4,653.82,8,0.3,1.63
1915,CA-2024-101914,2023-09-08,2023-09-11,Standard Class,CG-10133,Claire Gute,Consumer,United States,Los Angeles,Texas,90001,East,PROD-11914,Office Supplies,Binders,Premium Binders v5,959.18,7,0.2,78.97
1916,CA-2024-101915,2023-05-06,2023-05-09,Standard Class,CG-10052,Carol Adams,Consumer,United States,Houston,New York,90001,East,PROD-11915,Furniture,Furnishings,Premium Furnishings v1,1013.28,7,0.0,305.63
1917,CA-2024-101916,2023-08-05,2023-08-07,Second Class,CG-10138,Claire Gute,Consumer,United States,Houston,Washington,90001,West,PROD-11916,Office Supplies,Binders,Premium Binders v2,490.46,9,0.0,131.33
1918,CA-2024-101917,2023-11-02,2023-11-03,Standard Class,CG-10097,Julia Barnett,Consumer,United States,Seattle,New York,90001,East,PROD-11917,Furniture,Tables,Premium Tables v3,524.37,8,0.5,-108.35
1919,CA-2024-101918,2023-07-04,2023-07-08,Standard Class,CG-10048,Claire Gute,Corporate,United States,Houston,Florida,90001,Central,PROD-11918,Office Supplies,Appliances,Premium Appliances v4,190.59,2,0.0,55.77
1920,CA-2024-101919,2023-02-08,2023-02-12,Second Class,CG-10029,Claire Gute,Home Office,United States,Houston,New York,90001,South,PROD-11919,Office Supplies,Storage,Premium Storage v5,71.34,2,0.1,63.87
1921,CA-2024-101920,2023-08-11,2023-08-15,Standard Class,CG-10027,Claire Gute,Corporate,United States,San Francisco,Washington,90001,East,PROD-11920,Technology,Phones,Premium Phones v1,774.84,7,0.0,228.94
1922,CA-2024-101921,2023-07-03,2023-07-05,Standard Class,CG-10146,Sanford Allen,Consumer,United States,Miami,Florida,90001,Central,PROD-11921,Office Supplies,Supplies,Premium Supplies v2,91.36,3,0.1,15.02
1923,CA-2024-101922,2024-05-09,2024-05-12,Standard Class,CG-10104,Carol Adams,Consumer,United States,San Francisco,Illinois,90001,East,PROD-11922,Office Supplies,Binders,Premium Binders v3,884.59,1,0.5,-148.84
1924,CA-2024-101923,2024-03-02,2024-03-03,Second Class,CG-10060,Aaron Bergman,Consumer,United States,Seattle,Illinois,90001,South,PROD-11923,Furniture,Furnishings,Premium Furnishings v4,653.82,9,0.5,-90.61
1925,CA-2024-101924,2023-06-27,2023-07-02,Standard Class,CG-10106,Carol Adams,Consumer,United States,Chicago,Washington,90001,Central,PROD-11924,Technology,Phones,Premium Phones v5,250.32,3,0.2,32.13
1926,CA-2024-101925,2024-03-03,2024-03-06,First Class,CG-10069,Julia Barnett,Corporate,United States,Los Angeles,Washington,90001,East,PROD-11925,Furniture,Tables,Premium Tables v1,654.33,1,0.1,172.16
1927,CA-2024-101926,2023-10-21,2023-10-23,Second Class,CG-10114,Sanford Allen,Corporate,United States,Chicago,Florida,90001,East,PROD-11926,Furniture,Bookcases,Premium Bookcases v2,231.85,6,0.1,50.18
1928,CA-2024-101927,2023-05-31,2023-06-03,Standard Class,CG-10021,Emily Burns,Corporate,United States,Chicago,Texas,90001,Central,PROD-11927,Technology,Phones,Premium Phones v3,534.9,4,0.0,154.26
1929,CA-2024-101928,2024-01-19,2024-01-22,Standard Class,CG-10102,Sanford Allen,Corporate,United States,Miami,Florida,90001,West,PROD-11928,Technology,Accessories,Premium Accessories v4,962.48,1,0.5,-189.42
1930,CA-2024-101929,2024-09-29,2024-10-01,Standard Class,CG-10131,Claire Gute,Consumer,United States,Los Angeles,Texas,90001,Central,PROD-11929,Technology,Phones,Premium Phones v5,562.37,4,0.2,78.89
1931,CA-2024-101930,2023-11-04,2023-11-08,First Class,CG-10095,Claire Gute,Consumer,United States,Chicago,Texas,90001,Central,PROD-11930,Office Supplies,Supplies,Premium Supplies v1,191.21,8,0.1,43.94
1932,CA-2024-101931,2023-12-02,2023-12-06,First Class,CG-10105,Julia Barnett,Corporate,United States,Seattle,Texas,90001,Central,PROD-11931,Technology,Copiers,Premium Copiers v2,872.74,7,0.0,288.92
1933,CA-2024-101932,2024-01-10,2024-01-11,Standard Class,CG-10125,Emily Burns,Consumer,United States,Los Angeles,Florida,90001,Central,PROD-11932,Technology,Accessories,Premium Accessories v3,236.32,1,0.1,43.85
1934,CA-2024-101933,2023-01-08,2023-01-09,First Class,CG-10002,Sanford Allen,Consumer,United States,New York City,California,90001,East,PROD-11933,Technology,Machines,Premium Machines v4,890.18,9,0.5,-148.97
1935,CA-2024-101934,2023-12-07,2023-12-11,Standard Class,CG-10066,Emily Burns,Consumer,United States,Miami,California,90001,Central,PROD-11934,Furniture,Chairs,Premium Chairs v5,583.03,6,0.1,120.93
1936,CA-2024-101935,2023-05-09,2023-05-14,Standard Class,CG-10113,Aaron Bergman,Consumer,United States,Chicago,Illinois,90001,Central,PROD-11935,Furniture,Bookcases,Premium Bookcases v1,552.68,2,0.0,177.71
1937,CA-2024-101936,2024-10-30,2024-11-02,First Class,CG-10042,Carol Adams,Consumer,United States,Houston,California,90001,South,PROD-11936,Office Supplies,Paper,Premium Paper v2,1023.95,3,0.0,326.23
1938,CA-2024-101937,2023-12-18,2023-12-23,Second Class,CG-10020,Sanford Allen,Home Office,United States,Los Angeles,California,90001,East,PROD-11937,Furniture,Tables,Premium Tables v3,854.7,7,0.0,284.45
1939,CA-2024-101938,2023-12-24,2023-12-27,Standard Class,CG-10097,Emily Burns,Home Office,United States,New York City,Texas,90001,South,PROD-11938,Office Supplies,Appliances,Premium Appliances v4,54.0,3,0.5,-14.09
1940,CA-2024-101939,2024-05-31,2024-06-04,Second Class,CG-10068,Aaron Bergman,Consumer,United States,Houston,Texas,90001,East,PROD-11939,Furniture,Furnishings,Premium Furnishings v5,365.97,3,0.5,-34.68
1941,CA-2024-101940,2024-05-09,2024-05-10,Same Day,CG-10075,Aaron Bergman,Consumer,United States,New York City,Washington,90001,West,PROD-11940,Technology,Accessories,Premium Accessories v1,1047.04,5,0.5,-178.88
1942,CA-2024-101941,2023-03-27,2023-03-28,Second Class,CG-10125,Carol Adams,Corporate,United States,Chicago,Texas,90001,West,PROD-11941,Furniture,Bookcases,Premium Bookcases v2,36.72,3,0.2,0.06
1943,CA-2024-101942,2023-06-24,2023-06-29,First Class,CG-10047,Aaron Bergman,Consumer,United States,Houston,Florida,90001,East,PROD-11942,Office Supplies,Art,Premium Art v3,661.13,3,0.1,180.47
1944,CA-2024-101943,2023-07-12,2023-07-13,Second Class,CG-10005,Julia Barnett,Consumer,United States,Chicago,Washington,90001,West,PROD-11943,Furniture,Bookcases,Premium Bookcases v4,877.47,5,0.1,202.03
1945,CA-2024-101944,2023-11-07,2023-11-11,Standard Class,CG-10049,Aaron Bergman,Consumer,United States,Houston,Washington,90001,West,PROD-11944,Technology,Accessories,Premium Accessories v5,751.9,5,0.1,162.05
1946,CA-2024-101945,2023-04-29,2023-05-04,First Class,CG-10124,Emily Burns,Consumer,United States,Los Angeles,California,90001,East,PROD-11945,Office Supplies,Paper,Premium Paper v1,916.23,9,0.2,82.65
1947,CA-2024-101946,2023-08-06,2023-08-09,Standard Class,CG-10037,Julia Barnett,Corporate,United States,San Francisco,Texas,90001,Central,PROD-11946,Technology,Copiers,Premium Copiers v2,874.94,1,0.1,192.31
1948,CA-2024-101947,2024-03-02,2024-03-03,First Class,CG-10146,Aaron Bergman,Home Office,United States,Seattle,California,90001,South,PROD-11947,Technology,Phones,Premium Phones v3,835.06,1,0.2,75.04
1949,CA-2024-101948,2024-02-18,2024-02-20,Standard Class,CG-10019,Claire Gute,Consumer,United States,San Francisco,Texas,90001,East,PROD-11948,Office Supplies,Paper,Premium Paper v4,988.52,9,0.0,306.62
1950,CA-2024-101949,2023-04-24,2023-04-25,Second Class,CG-10040,Aaron Bergman,Consumer,United States,Seattle,California,90001,East,PROD-11949,Technology,Machines,Premium Machines v5,780.14,5,0.0,242.65
1951,CA-2024-101950,2023-05-25,2023-05-28,Standard Class,CG-10017,Julia Barnett,Consumer,United States,San Francisco,California,90001,East,PROD-11950,Technology,Machines,Premium Machines v1,491.87,4,0.3,30.4
1952,CA-2024-101951,2024-06-21,2024-06-26,Standard Class,CG-10099,Aaron Bergman,Consumer,United States,New York City,California,90001,South,PROD-11951,Furniture,Chairs,Premium Chairs v2,574.21,2,0.5,-121.38
1953,CA-2024-101952,2024-10-09,2024-10-12,Standard Class,CG-10093,Aaron Bergman,Home Office,United States,Miami,Florida,90001,East,PROD-11952,Technology,Copiers,Premium Copiers v3,864.32,9,0.1,210.39
1954,CA-2024-101953,2023-10-30,2023-11-01,Same Day,CG-10042,Aaron Bergman,Corporate,United States,Houston,Illinois,90001,South,PROD-11953,Technology,Machines,Premium Machines v4,1053.42,6,0.0,318.86
1955,CA-2024-101954,2024-08-10,2024-08-14,Same Day,CG-10123,Julia Barnett,Corporate,United States,Chicago,California,90001,South,PROD-11954,Technology,Machines,Premium Machines v5,337.58,9,0.5,-56.44
1956,CA-2024-101955,2023-12-11,2023-12-12,Standard Class,CG-10107,Aaron Bergman,Corporate,United States,Miami,New York,90001,West,PROD-11955,Technology,Machines,Premium Machines v1,420.36,5,0.2,76.1
1957,CA-2024-101956,2023-01-01,2023-01-06,Same Day,CG-10072,Carol Adams,Home Office,United States,Los Angeles,New York,90001,Central,PROD-11956,Office Supplies,Binders,Premium Binders v2,1117.93,4,0.1,247.36
1958,CA-2024-101957,2023-05-27,2023-05-31,First Class,CG-10065,Emily Burns,Home Office,United States,Los Angeles,New York,90001,West,PROD-11957,Furniture,Furnishings,Premium Furnishings v3,700.54,7,0.1,141.67
1959,CA-2024-101958,2023-10-14,2023-10-17,Second Class,CG-10109,Carol Adams,Consumer,United States,Los Angeles,Florida,90001,East,PROD-11958,Technology,Phones,Premium Phones v4,227.07,5,0.1,52.45
1960,CA-2024-101959,2024-10-15,2024-10-20,Standard Class,CG-10053,Julia Barnett,Consumer,United States,Seattle,Washington,90001,East,PROD-11959,Technology,Copiers,Premium Copiers v5,801.48,8,0.1,161.7
1961,CA-2024-101960,2023-02-22,2023-02-26,First Class,CG-10135,Claire Gute,Corporate,United States,Chicago,California,90001,South,PROD-11960,Office Supplies,Paper,Premium Paper v1,1189.05,8,0.3,21.63
1962,CA-2024-101961,2023-10-31,2023-11-05,Standard Class,CG-10133,Carol Adams,Consumer,United States,Los Angeles,New York,90001,West,PROD-11961,Technology,Phones,Premium Phones v2,990.79,2,0.0,300.52
1963,CA-2024-101962,2023-03-10,2023-03-12,First Class,CG-10024,Emily Burns,Home Office,United States,Los Angeles,Florida,90001,South,PROD-11962,Office Supplies,Storage,Premium Storage v3,898.7,5,0.0,300.41
1964,CA-2024-101963,2023-12-27,2023-12-29,First Class,CG-10028,Sanford Allen,Corporate,United States,San Francisco,Washington,90001,West,PROD-11963,Furniture,Tables,Premium Tables v4,261.54,8,0.0,99.05
1965,CA-2024-101964,2024-08-24,2024-08-25,First Class,CG-10062,Emily Burns,Home Office,United States,New York City,New York,90001,West,PROD-11964,Furniture,Furnishings,Premium Furnishings v5,1053.23,3,0.0,306.17
1966,CA-2024-101965,2023-08-08,2023-08-09,Second Class,CG-10017,Carol Adams,Consumer,United States,Houston,Texas,90001,West,PROD-11965,Technology,Machines,Premium Machines v1,638.06,7,0.0,193.14
1967,CA-2024-101966,2024-07-28,2024-07-30,Standard Class,CG-10020,Sanford Allen,Home Office,United States,Houston,Illinois,90001,West,PROD-11966,Technology,Accessories,Premium Accessories v2,1068.81,3,0.0,316.14
1968,CA-2024-101967,2024-08-07,2024-08-12,Standard Class,CG-10003,Julia Barnett,Consumer,United States,Houston,California,90001,West,PROD-11967,Technology,Accessories,Premium Accessories v3,405.85,6,0.0,129.08
1969,CA-2024-101968,2023-06-10,2023-06-12,Standard Class,CG-10143,Emily Burns,Home Office,United States,Miami,Illinois,90001,Central,PROD-11968,Office Supplies,Appliances,Premium Appliances v4,88.53,2,0.0,42.68
1970,CA-2024-101969,2024-11-11,2024-11-12,Standard Class,CG-10051,Claire Gute,Consumer,United States,San Francisco,Illinois,90001,East,PROD-11969,Technology,Accessories,Premium Accessories v5,579.03,6,0.0,189.18
1971,CA-2024-101970,2023-03-30,2023-04-01,Standard Class,CG-10136,Sanford Allen,Corporate,United States,San Francisco,Texas,90001,West,PROD-11970,Technology,Accessories,Premium Accessories v1,334.76,6,0.0,133.24
1972,CA-2024-101971,2024-11-18,2024-11-20,Second Class,CG-10141,Sanford Allen,Corporate,United States,New York City,Texas,90001,West,PROD-11971,Furniture,Tables,Premium Tables v2,862.55,8,0.2,79.5
1973,CA-2024-101972,2024-08-07,2024-08-12,First Class,CG-10003,Emily Burns,Consumer,United States,Seattle,Texas,90001,South,PROD-11972,Technology,Accessories,Premium Accessories v3,1149.17,5,0.1,276.09
1974,CA-2024-101973,2024-08-11,2024-08-15,Standard Class,CG-10073,Carol Adams,Consumer,United States,Miami,Washington,90001,East,PROD-11973,Furniture,Tables,Premium Tables v4,833.8,1,0.0,254.14
1975,CA-2024-101974,2023-06-08,2023-06-09,Standard Class,CG-10105,Sanford Allen,Home Office,United States,New York City,New York,90001,East,PROD-11974,Technology,Copiers,Premium Copiers v5,1066.02,8,0.1,214.22
1976,CA-2024-101975,2024-05-03,2024-05-08,Standard Class,CG-10118,Julia Barnett,Consumer,United States,Los Angeles,California,90001,East,PROD-11975,Furniture,Bookcases,Premium Bookcases v1,551.83,9,0.5,-82.4
1977,CA-2024-101976,2023-11-20,2023-11-22,Standard Class,CG-10034,Emily Burns,Corporate,United States,Chicago,Texas,90001,West,PROD-11976,Technology,Accessories,Premium Accessories v2,929.39,1,0.5,-149.49
1978,CA-2024-101977,2024-09-01,2024-09-03,Standard Class,CG-10137,Julia Barnett,Consumer,United States,Miami,Florida,90001,South,PROD-11977,Furniture,Tables,Premium Tables v3,1014.01,5,0.0,310.7
1979,CA-2024-101978,2024-01-16,2024-01-20,Second Class,CG-10062,Emily Burns,Home Office,United States,Miami,California,90001,East,PROD-11978,Office Supplies,Supplies,Premium Supplies v4,857.39,6,0.2,118.02
1980,CA-2024-101979,2023-04-12,2023-04-13,Standard Class,CG-10120,Julia Barnett,Corporate,United States,Los Angeles,California,90001,South,PROD-11979,Furniture,Tables,Premium Tables v5,616.72,4,0.0,226.88
1981,CA-2024-101980,2024-05-08,2024-05-09,Second Class,CG-10115,Carol Adams,Consumer,United States,Los Angeles,California,90001,Central,PROD-11980,Furniture,Tables,Premium Tables v1,756.65,2,0.0,260.67
1982,CA-2024-101981,2024-10-05,2024-10-08,Standard Class,CG-10013,Emily Burns,Consumer,United States,Chicago,Texas,90001,Central,PROD-11981,Furniture,Bookcases,Premium Bookcases v2,845.1,5,0.0,235.92
1983,CA-2024-101982,2024-09-05,2024-09-06,First Class,CG-10069,Claire Gute,Corporate,United States,Houston,Texas,90001,South,PROD-11982,Technology,Machines,Premium Machines v3,314.91,4,0.0,132.39
1984,CA-2024-101983,2023-01-19,2023-01-23,First Class,CG-10077,Carol Adams,Consumer,United States,Miami,New York,90001,West,PROD-11983,Technology,Machines,Premium Machines v4,974.35,7,0.1,229.08
1985,CA-2024-101984,2024-03-29,2024-04-01,Same Day,CG-10001,Julia Barnett,Consumer,United States,New York City,Texas,90001,East,PROD-11984,Technology,Phones,Premium Phones v5,1141.13,6,0.2,140.96
1986,CA-2024-101985,2024-04-26,2024-04-29,First Class,CG-10089,Emily Burns,Corporate,United States,Seattle,Texas,90001,Central,PROD-11985,Office Supplies,Storage,Premium Storage v1,566.31,3,0.2,89.83
1987,CA-2024-101986,2024-08-16,2024-08-18,First Class,CG-10047,Carol Adams,Consumer,United States,Los Angeles,California,90001,Central,PROD-11986,Office Supplies,Art,Premium Art v2,845.76,9,0.0,302.29
1988,CA-2024-101987,2024-02-01,2024-02-03,First Class,CG-10004,Julia Barnett,Consumer,United States,Los Angeles,New York,90001,South,PROD-11987,Furniture,Furnishings,Premium Furnishings v3,888.38,4,0.0,276.69
1989,CA-2024-101988,2023-10-06,2023-10-07,Second Class,CG-10010,Aaron Bergman,Corporate,United States,Seattle,Illinois,90001,West,PROD-11988,Office Supplies,Supplies,Premium Supplies v4,799.76,5,0.0,224.63
1990,CA-2024-101989,2023-12-31,2024-01-03,Standard Class,CG-10028,Aaron Bergman,Consumer,United States,New York City,Texas,90001,South,PROD-11989,Furniture,Furnishings,Premium Furnishings v5,663.33,3,0.0,211.26
1991,CA-2024-101990,2023-11-27,2023-11-29,Standard Class,CG-10121,Sanford Allen,Consumer,United States,Los Angeles,Florida,90001,South,PROD-11990,Furniture,Bookcases,Premium Bookcases v1,1059.75,8,0.5,-228.7
1992,CA-2024-101991,2024-10-02,2024-10-06,Standard Class,CG-10126,Claire Gute,Consumer,United States,Seattle,Texas,90001,South,PROD-11991,Furniture,Tables,Premium Tables v2,546.98,7,0.2,55.3
1993,CA-2024-101992,2023-12-10,2023-12-12,Second Class,CG-10134,Aaron Bergman,Corporate,United States,San Francisco,Illinois,90001,South,PROD-11992,Office Supplies,Art,Premium Art v3,87.41,7,0.5,3.6
1994,CA-2024-101993,2024-03-30,2024-04-01,Standard Class,CG-10140,Julia Barnett,Corporate,United States,Los Angeles,California,90001,South,PROD-11993,Technology,Copiers,Premium Copiers v4,1015.8,8,0.2,103.25
1995,CA-2024-101994,2024-08-23,2024-08-26,First Class,CG-10062,Carol Adams,Corporate,United States,Houston,New York,90001,West,PROD-11994,Office Supplies,Paper,Premium Paper v5,813.67,7,0.1,190.71
1996,CA-2024-101995,2024-10-16,2024-10-19,Same Day,CG-10067,Emily Burns,Consumer,United States,Houston,California,90001,South,PROD-11995,Furniture,Chairs,Premium Chairs v1,1021.37,3,0.0,343.95
1997,CA-2024-101996,2023-03-06,2023-03-11,Standard Class,CG-10074,Carol Adams,Consumer,United States,Los Angeles,Washington,90001,West,PROD-11996,Furniture,Furnishings,Premium Furnishings v2,179.18,3,0.1,45.27
1998,CA-2024-101997,2023-03-17,2023-03-21,Standard Class,CG-10095,Sanford Allen,Consumer,United States,San Francisco,Texas,90001,East,PROD-11997,Office Supplies,Binders,Premium Binders v3,51.44,2,0.1,53.3
1999,CA-2024-101998,2023-05-23,2023-05-26,Same Day,CG-10143,Carol Adams,Consumer,United States,Los Angeles,Florida,90001,East,PROD-11998,Furniture,Bookcases,Premium Bookcases v4,1122.23,1,0.3,-14.41
2000,CA-2024-101999,2024-08-27,2024-08-28,Standard Class,CG-10036,Aaron Bergman,Home Office,United States,Houston,Washington,90001,East,PROD-11999,Furniture,Furnishings,Premium Furnishings v5,190.06,5,0.1,76.82
